/*******************************************************************************
 * Size: 18 px
 * Bpp: 4
 * Opts: undefined
 ******************************************************************************/

#ifdef LV_LVGL_H_INCLUDE_SIMPLE
#include "lvgl.h"
#else
#include "lvgl.h"
#endif

#ifndef LV_FONT_LEMI_LITTLE_MILK_FOAM_FONT_18
#define LV_FONT_LEMI_LITTLE_MILK_FOAM_FONT_18 1
#endif

#if LV_FONT_LEMI_LITTLE_MILK_FOAM_FONT_18

/*-----------------
 *    BITMAPS
 *----------------*/

/*Store the image of the glyphs*/
static LV_ATTRIBUTE_LARGE_CONST const uint8_t glyph_bitmap[] = {
    /* U+0020 " " */

    /* U+0021 "!" */
    0xe, 0x41, 0xf5, 0x2f, 0x51, 0xf4, 0x1f, 0x41,
    0xf3, 0x1f, 0x30, 0xf1, 0x1, 0x1, 0xb3, 0x2e,
    0x40,

    /* U+0022 "\"" */
    0xc, 0x40, 0x88, 0xf, 0x50, 0xba, 0xf, 0x50,
    0xb9, 0xf, 0x30, 0xa8, 0x9, 0x0, 0x63,

    /* U+0023 "#" */
    0x0, 0x0, 0x80, 0x0, 0x71, 0x0, 0x0, 0x2f,
    0x0, 0xf, 0x20, 0x0, 0x6, 0xd0, 0x4, 0xf0,
    0x0, 0x1, 0xbc, 0x11, 0x9e, 0x0, 0xe, 0xff,
    0xff, 0xff, 0xff, 0xb0, 0x14, 0xf9, 0x44, 0xfb,
    0x42, 0x0, 0x2f, 0x10, 0x1f, 0x30, 0x0, 0x5,
    0xf0, 0x4, 0xf1, 0x0, 0x1, 0x9d, 0x11, 0x8f,
    0x10, 0xc, 0xff, 0xff, 0xff, 0xff, 0xd0, 0x13,
    0xfb, 0x44, 0xfc, 0x42, 0x0, 0xf, 0x30, 0xf,
    0x50, 0x0, 0x3, 0xf0, 0x2, 0xf2, 0x0, 0x0,
    0x5b, 0x0, 0x3d, 0x0, 0x0, 0x0, 0x10, 0x0,
    0x10, 0x0, 0x0,

    /* U+0024 "$" */
    0x0, 0x9, 0x50, 0x0, 0x1, 0xda, 0x10, 0x6,
    0xff, 0xff, 0x33, 0xf9, 0xd7, 0x61, 0x4f, 0x4d,
    0x50, 0x0, 0xbf, 0xf9, 0x0, 0x0, 0x5f, 0xfd,
    0x10, 0x0, 0xf8, 0xf8, 0x35, 0x1f, 0x7f, 0x86,
    0xff, 0xff, 0xc1, 0x2, 0x7f, 0x70, 0x0, 0x1,
    0xf1, 0x0, 0x0, 0x2, 0x0, 0x0,

    /* U+0025 "%" */
    0x0, 0x0, 0x0, 0x15, 0x9, 0xf8, 0x0, 0x9a,
    0x4e, 0x6f, 0x2, 0xf3, 0x6b, 0x3f, 0xa, 0xb0,
    0x1d, 0xf7, 0x2f, 0x30, 0x0, 0x0, 0xba, 0x0,
    0x0, 0x3, 0xf2, 0x0, 0x0, 0xc, 0xa0, 0x0,
    0x0, 0x5f, 0x20, 0x0, 0x0, 0xd9, 0xb, 0xf6,
    0x6, 0xf1, 0x6c, 0x7d, 0xe, 0x80, 0x89, 0x6c,
    0x7e, 0x0, 0x1d, 0xe4, 0xa6, 0x0, 0x0, 0x0,

    /* U+0026 "&" */
    0x0, 0x3c, 0xfd, 0x40, 0x0, 0x1, 0xf9, 0x18,
    0xe0, 0x0, 0x6, 0xf0, 0x3, 0xf1, 0x0, 0x6,
    0xe0, 0xa, 0xd0, 0x0, 0x2, 0xf4, 0x9f, 0x30,
    0x0, 0x0, 0xcf, 0xd2, 0x0, 0x0, 0x4, 0xff,
    0x80, 0x2, 0x10, 0x2f, 0xba, 0xf3, 0xd, 0x70,
    0x9e, 0x0, 0xce, 0x9f, 0x10, 0xbb, 0x0, 0x1e,
    0xfa, 0x0, 0x8f, 0x51, 0x5f, 0xff, 0x60, 0xa,
    0xff, 0xf7, 0x1b, 0xf1, 0x0, 0x13, 0x0, 0x0,
    0x30,

    /* U+0027 "'" */
    0x0, 0x2, 0xf0, 0x6f, 0x6, 0xf0, 0x6e, 0x4,
    0xa0,

    /* U+0028 "(" */
    0x0, 0xb2, 0x6, 0xe0, 0xc, 0x90, 0x2f, 0x40,
    0x5f, 0x0, 0x7f, 0x0, 0x8d, 0x0, 0x7d, 0x0,
    0x5f, 0x0, 0x3f, 0x30, 0xe, 0x80, 0x8, 0xe0,
    0x1, 0xe3, 0x0, 0x20,

    /* U+0029 ")" */
    0x77, 0x0, 0x2f, 0x20, 0xd, 0x80, 0x8, 0xe0,
    0x4, 0xf1, 0x3, 0xf3, 0x1, 0xf4, 0x1, 0xf3,
    0x3, 0xf1, 0x7, 0xe0, 0xc, 0xa0, 0x2f, 0x40,
    0x7c, 0x0, 0x11, 0x0,

    /* U+002A "*" */
    0x0, 0x41, 0x0, 0x0, 0xa4, 0x0, 0xb8, 0xba,
    0xc7, 0x1c, 0xff, 0x40, 0x5e, 0xff, 0x90, 0x42,
    0xa6, 0xb7, 0x0, 0x83, 0x0,

    /* U+002B "+" */
    0x0, 0x0, 0x30, 0x0, 0x0, 0x0, 0x1f, 0x0,
    0x0, 0x0, 0x2, 0xf1, 0x0, 0x0, 0x0, 0x2f,
    0x20, 0x0, 0x1, 0x17, 0xf5, 0x11, 0xa, 0xff,
    0xff, 0xff, 0xfa, 0x14, 0x48, 0xf8, 0x44, 0x20,
    0x0, 0x2f, 0x20, 0x0, 0x0, 0x2, 0xf2, 0x0,
    0x0, 0x0, 0xe, 0x0, 0x0,

    /* U+002C "," */
    0x7, 0xb0, 0xcc, 0xf, 0x83, 0xf4, 0x2d, 0x0,

    /* U+002D "-" */
    0x7, 0x88, 0x88, 0x51, 0xff, 0xff, 0xfb,

    /* U+002E "." */
    0x0, 0xb, 0xe0, 0xad, 0x0,

    /* U+002F "/" */
    0x0, 0x0, 0x76, 0x0, 0x0, 0xe5, 0x0, 0x3,
    0xf1, 0x0, 0x8, 0xc0, 0x0, 0xd, 0x80, 0x0,
    0x1f, 0x30, 0x0, 0x5e, 0x0, 0x0, 0xaa, 0x0,
    0x0, 0xe6, 0x0, 0x2, 0xf2, 0x0, 0x7, 0xd0,
    0x0, 0xb, 0x90, 0x0, 0xf, 0x40, 0x0, 0x4f,
    0x0, 0x0, 0x8b, 0x0, 0x0, 0xc7, 0x0, 0x0,
    0xb1, 0x0, 0x0,

    /* U+0030 "0" */
    0x0, 0x2c, 0xe7, 0x0, 0x0, 0xec, 0xaf, 0x60,
    0x6, 0xe0, 0xb, 0xc0, 0xc, 0x80, 0x7, 0xf0,
    0xf, 0x30, 0x5, 0xf0, 0x2f, 0x10, 0x6, 0xf0,
    0x3f, 0x0, 0x8, 0xe0, 0x3f, 0x10, 0xd, 0xa0,
    0x1f, 0x30, 0x2f, 0x40, 0xc, 0xb3, 0xcd, 0x0,
    0x3, 0xff, 0xe2, 0x0, 0x0, 0x14, 0x0, 0x0,

    /* U+0031 "1" */
    0x0, 0x0, 0x0, 0x5, 0xe0, 0x7, 0xff, 0x3,
    0xfa, 0xf0, 0x1, 0x7e, 0x0, 0x8, 0xc0, 0x0,
    0xab, 0x0, 0xb, 0xa0, 0x0, 0xd9, 0x0, 0xe,
    0x70, 0x0, 0xf7, 0x3, 0xff, 0xf9, 0x3, 0x33,
    0x10,

    /* U+0032 "2" */
    0x0, 0x6e, 0xfb, 0x10, 0x4, 0xf8, 0x6f, 0xa0,
    0x1, 0x40, 0xa, 0xe0, 0x0, 0x0, 0xb, 0xc0,
    0x0, 0x0, 0x1f, 0x60, 0x0, 0x0, 0xbe, 0x0,
    0x0, 0x6, 0xf5, 0x0, 0x0, 0x3f, 0xb0, 0x0,
    0x2, 0xed, 0x10, 0x0, 0xd, 0xf9, 0x78, 0x85,
    0x1e, 0xff, 0xff, 0xfc,

    /* U+0033 "3" */
    0x1b, 0xfe, 0x80, 0x1, 0x74, 0x9f, 0x50, 0x0,
    0x1, 0xf6, 0x0, 0x0, 0x9f, 0x10, 0x0, 0x9f,
    0x30, 0x0, 0x2f, 0xfe, 0x60, 0x0, 0x1, 0x9f,
    0x30, 0x0, 0x3, 0xf5, 0x0, 0x0, 0xbf, 0x10,
    0x26, 0xdf, 0x60, 0xf, 0xfc, 0x30, 0x0, 0x12,
    0x0, 0x0,

    /* U+0034 "4" */
    0x0, 0x2, 0x10, 0x0, 0x0, 0x0, 0xe5, 0x0,
    0x0, 0x0, 0x5f, 0x13, 0x60, 0x0, 0xd, 0xb0,
    0x8b, 0x0, 0x3, 0xf4, 0xa, 0xa0, 0x0, 0xae,
    0x0, 0xc9, 0x0, 0xf, 0x81, 0x2e, 0xeb, 0x81,
    0xff, 0xff, 0xff, 0xd6, 0x1, 0x33, 0x4f, 0x60,
    0x0, 0x0, 0x0, 0xf5, 0x0, 0x0, 0x0, 0xf,
    0x40, 0x0, 0x0, 0x0, 0xf3, 0x0, 0x0, 0x0,
    0x2, 0x0, 0x0,

    /* U+0035 "5" */
    0x7, 0x81, 0x10, 0x0, 0xbf, 0xff, 0xf1, 0xd,
    0x93, 0x10, 0x0, 0xf5, 0x0, 0x0, 0x1f, 0x40,
    0x0, 0x1, 0xfa, 0x9b, 0x20, 0x0, 0x0, 0x8d,
    0x0, 0x0, 0x7, 0xf0, 0x0, 0x0, 0xdc, 0x1,
    0x92, 0x9f, 0x50, 0x1d, 0xff, 0x70, 0x0, 0x2,
    0x10, 0x0,

    /* U+0036 "6" */
    0x0, 0x9, 0x70, 0x0, 0x5, 0xe1, 0x0, 0x0,
    0xe7, 0x0, 0x0, 0x6f, 0x0, 0x0, 0xc, 0xa0,
    0x0, 0x0, 0xfb, 0xee, 0x70, 0x3f, 0xc4, 0x6f,
    0x43, 0xf4, 0x0, 0xd7, 0x2f, 0x50, 0xf, 0x50,
    0xdc, 0x1a, 0xe0, 0x3, 0xef, 0xe3, 0x0, 0x0,
    0x30, 0x0,

    /* U+0037 "7" */
    0x1f, 0xff, 0xff, 0xf1, 0x2, 0x44, 0x4b, 0xd0,
    0x0, 0x0, 0xe, 0x80, 0x0, 0x0, 0x3f, 0x20,
    0x0, 0x0, 0x8d, 0x0, 0x0, 0x0, 0xd8, 0x0,
    0x0, 0x1, 0xf3, 0x0, 0x0, 0x5, 0xe0, 0x0,
    0x0, 0xa, 0xa0, 0x0, 0x0, 0xe, 0x60, 0x0,
    0x0, 0xf, 0x10, 0x0, 0x0, 0x2, 0x0, 0x0,

    /* U+0038 "8" */
    0x1, 0xbf, 0xc3, 0x0, 0xbb, 0x27, 0xf1, 0xe,
    0x50, 0xf, 0x30, 0xb9, 0x6, 0xe0, 0x3, 0xf9,
    0xf4, 0x0, 0x8, 0xfc, 0x0, 0x4, 0xf8, 0xf9,
    0x0, 0xe8, 0x4, 0xf3, 0x3f, 0x0, 0xe, 0x61,
    0xf5, 0x6, 0xf3, 0x7, 0xff, 0xf7, 0x0, 0x0,
    0x20, 0x0,

    /* U+0039 "9" */
    0x1, 0xae, 0xd5, 0x0, 0xcb, 0x25, 0xf2, 0x3f,
    0x10, 0xe, 0x52, 0xf5, 0x19, 0xf5, 0x8, 0xff,
    0xdf, 0x30, 0x0, 0x14, 0xf0, 0x0, 0x0, 0x7d,
    0x0, 0x0, 0xa, 0xa0, 0x0, 0x0, 0xd7, 0x0,
    0x0, 0xf, 0x40, 0x0, 0x2, 0xe0, 0x0, 0x0,
    0x0, 0x0,

    /* U+003A ":" */
    0x2e, 0x44, 0xf5, 0x0, 0x0, 0x0, 0x0, 0x0,
    0x0, 0x0, 0x3, 0xf4, 0x3e, 0x40,

    /* U+003B ";" */
    0x7b, 0x6, 0xd0, 0x0, 0x0, 0x0, 0x0, 0x2,
    0xd0, 0x7e, 0xa, 0xa0, 0xd6, 0x5, 0x0,

    /* U+003C "<" */
    0x0, 0x0, 0x3, 0xa1, 0x0, 0x2, 0xbf, 0xd1,
    0x1, 0x9f, 0xe7, 0x0, 0x4e, 0xf8, 0x10, 0x0,
    0xbf, 0xa0, 0x0, 0x0, 0x1a, 0xfd, 0x30, 0x0,
    0x0, 0x5e, 0xf9, 0x0, 0x0, 0x1, 0xaf, 0xd1,
    0x0, 0x0, 0x5, 0xe4,

    /* U+003D "=" */
    0x1, 0x11, 0x11, 0x10, 0xa, 0xff, 0xff, 0xff,
    0xf4, 0x14, 0x44, 0x44, 0x43, 0x0, 0x0, 0x0,
    0x0, 0x0, 0x1, 0x11, 0x11, 0x10, 0xa, 0xff,
    0xff, 0xff, 0xf4, 0x14, 0x44, 0x44, 0x43, 0x0,

    /* U+003E ">" */
    0x68, 0x10, 0x0, 0x0, 0x6f, 0xe7, 0x0, 0x0,
    0x2, 0xbf, 0xd5, 0x0, 0x0, 0x3, 0xcf, 0xb1,
    0x0, 0x0, 0x2f, 0xf4, 0x0, 0x7, 0xfe, 0x50,
    0x3, 0xdf, 0xb1, 0x0, 0x5f, 0xf5, 0x0, 0x0,
    0xbb, 0x10, 0x0, 0x0,

    /* U+003F "?" */
    0x0, 0x9e, 0xf9, 0x0, 0xbc, 0x45, 0xf6, 0x1e,
    0x10, 0xc, 0x90, 0x0, 0x3, 0xf4, 0x0, 0x4,
    0xf7, 0x0, 0x0, 0xe7, 0x0, 0x0, 0x1f, 0x10,
    0x0, 0x0, 0x90, 0x0, 0x0, 0x0, 0x0, 0x0,
    0x1, 0xd1, 0x0, 0x0, 0x1a, 0x10, 0x0,

    /* U+0040 "@" */
    0x0, 0x0, 0x4a, 0xef, 0xd8, 0x10, 0x0, 0xa,
    0xfb, 0x65, 0x8e, 0xd1, 0x0, 0xaf, 0x40, 0x0,
    0x2, 0xf8, 0x6, 0xf3, 0xa, 0xfb, 0xb0, 0xad,
    0xd, 0xa0, 0x9f, 0x8d, 0xb0, 0x7e, 0x1f, 0x41,
    0xf9, 0xc, 0x90, 0x8d, 0x3f, 0x23, 0xf5, 0x3f,
    0x70, 0xc9, 0x4f, 0x22, 0xfc, 0xef, 0xdb, 0xf2,
    0x2f, 0x60, 0x9e, 0x75, 0xed, 0x40, 0xd, 0xd0,
    0x0, 0x0, 0x0, 0x0, 0x4, 0xfc, 0x52, 0x26,
    0x70, 0x0, 0x0, 0x4d, 0xff, 0xff, 0x70, 0x0,
    0x0, 0x0, 0x13, 0x30, 0x0, 0x0,

    /* U+0041 "A" */
    0x0, 0xc, 0x70, 0x0, 0x3, 0xfe, 0x0, 0x0,
    0x9b, 0xf3, 0x0, 0xe, 0x6a, 0x80, 0x3, 0xf1,
    0x6d, 0x0, 0x9d, 0x4, 0xf1, 0xe, 0xff, 0xff,
    0x53, 0xf5, 0x22, 0xc9, 0x8d, 0x0, 0x7, 0xd9,
    0x60, 0x0, 0x2d,

    /* U+0042 "B" */
    0x7e, 0xfb, 0x20, 0x8b, 0x39, 0xe0, 0x8a, 0x1,
    0xf2, 0x8a, 0x2c, 0xc0, 0x9f, 0xff, 0x30, 0xad,
    0x9c, 0xf5, 0xa8, 0x0, 0x9d, 0xa8, 0x0, 0xac,
    0xba, 0x7d, 0xf4, 0x7f, 0xd8, 0x10,

    /* U+0043 "C" */
    0x0, 0x5d, 0xf7, 0x0, 0x4f, 0xa7, 0xc0, 0xe,
    0x90, 0x0, 0x5, 0xf1, 0x0, 0x0, 0x9c, 0x0,
    0x0, 0xb, 0x90, 0x0, 0x0, 0xab, 0x0, 0x0,
    0x7, 0xe0, 0x0, 0x53, 0x1e, 0xd8, 0xbf, 0x50,
    0x2b, 0xfd, 0x50,

    /* U+0044 "D" */
    0x9f, 0xfd, 0x80, 0x9, 0xa4, 0x8e, 0xc0, 0x89,
    0x0, 0x1e, 0x79, 0x90, 0x0, 0x9c, 0x99, 0x0,
    0x8, 0xca, 0x80, 0x0, 0xca, 0xa8, 0x0, 0x6f,
    0x3a, 0x80, 0x8f, 0x70, 0xac, 0xee, 0x60, 0x9,
    0xd8, 0x10, 0x0,

    /* U+0045 "E" */
    0x2e, 0xff, 0xfa, 0x3, 0xf6, 0x44, 0x10, 0x4f,
    0x0, 0x0, 0x6, 0xe0, 0x0, 0x0, 0x8d, 0x25,
    0x73, 0xa, 0xff, 0xff, 0x50, 0xbc, 0x31, 0x0,
    0xc, 0xa0, 0x0, 0x0, 0x9f, 0xaa, 0xa9, 0x1,
    0xcf, 0xfd, 0xa0,

    /* U+0046 "F" */
    0x5f, 0xff, 0xf7, 0x8f, 0x64, 0x41, 0x4d, 0x0,
    0x0, 0x5d, 0x0, 0x0, 0x7f, 0xff, 0xe0, 0x9f,
    0x86, 0x20, 0x6c, 0x0, 0x0, 0x7c, 0x0, 0x0,
    0x7c, 0x0, 0x0, 0x59, 0x0, 0x0,

    /* U+0047 "G" */
    0x0, 0x2b, 0xfb, 0x0, 0x2, 0xeb, 0x47, 0x0,
    0xc, 0xb0, 0x0, 0x0, 0x3f, 0x30, 0x0, 0x0,
    0x7d, 0x0, 0x0, 0x0, 0xaa, 0x4, 0xef, 0xf3,
    0x9b, 0x0, 0x3c, 0xb0, 0x3f, 0x61, 0x5e, 0x90,
    0x7, 0xff, 0xff, 0x90, 0x0, 0x13, 0x17, 0x70,

    /* U+0048 "H" */
    0x12, 0x0, 0x3, 0xa7, 0x90, 0x0, 0x7c, 0x8a,
    0x0, 0x8, 0xc9, 0xa0, 0x0, 0x9b, 0x9c, 0x69,
    0xbf, 0xba, 0xff, 0xeb, 0xeb, 0xab, 0x0, 0xb,
    0xab, 0x90, 0x0, 0xb9, 0xa9, 0x0, 0xb, 0x97,
    0x80, 0x0, 0x87,

    /* U+0049 "I" */
    0x0, 0x0, 0x0, 0x6f, 0xf0, 0x1, 0xe8, 0x0,
    0xe, 0x50, 0x0, 0xf4, 0x0, 0x1f, 0x40, 0x2,
    0xf3, 0x0, 0x2f, 0x30, 0x3, 0xf2, 0x0, 0x7f,
    0x90, 0xe, 0xeb, 0x0,

    /* U+004A "J" */
    0x0, 0x5c, 0xf3, 0x0, 0x4c, 0xc0, 0x0, 0x7,
    0xb0, 0x0, 0x6, 0xc0, 0x0, 0x6, 0xd0, 0x0,
    0x6, 0xc0, 0x0, 0x7, 0xc0, 0xb5, 0xa, 0xa0,
    0x8f, 0x8f, 0x60, 0x9, 0xfa, 0x0,

    /* U+004B "K" */
    0x4a, 0x0, 0x1, 0x7, 0xb0, 0xa, 0xc0, 0x9a,
    0xa, 0xf3, 0xa, 0x99, 0xf4, 0x0, 0xbf, 0xf4,
    0x0, 0xb, 0xfb, 0x0, 0x0, 0xcc, 0xeb, 0x0,
    0xb, 0x93, 0xec, 0x10, 0xb9, 0x2, 0xed, 0x8,
    0x70, 0x2, 0xd2,

    /* U+004C "L" */
    0x1d, 0x0, 0x0, 0x4f, 0x0, 0x0, 0x6f, 0x0,
    0x0, 0x7e, 0x0, 0x0, 0x8d, 0x0, 0x0, 0x9c,
    0x0, 0x0, 0xab, 0x0, 0x0, 0xba, 0x0, 0x0,
    0xcd, 0xad, 0xeb, 0x7f, 0xfd, 0xb7, 0x0, 0x0,
    0x0,

    /* U+004D "M" */
    0x0, 0x0, 0x0, 0x0, 0xb3, 0x0, 0x5, 0xd1,
    0x0, 0x8f, 0x70, 0x0, 0xbf, 0x70, 0x1f, 0xf9,
    0x0, 0x1f, 0x9e, 0x8, 0xc9, 0xb0, 0x5, 0xc1,
    0xf4, 0xe4, 0x7c, 0x0, 0xa8, 0xb, 0xfd, 0x6,
    0xe0, 0xe, 0x50, 0x5f, 0x70, 0x4f, 0x1, 0xf1,
    0x0, 0x91, 0x3, 0xf1, 0x4f, 0x0, 0x0, 0x0,
    0x1f, 0x34, 0xb0, 0x0, 0x0, 0x0, 0xc2,

    /* U+004E "N" */
    0x0, 0x0, 0x0, 0xd, 0x20, 0x96, 0x0, 0x2,
    0xf1, 0xe, 0xf1, 0x0, 0x5f, 0x0, 0xff, 0xa0,
    0x7, 0xd0, 0x2f, 0x8f, 0x30, 0x9b, 0x3, 0xf1,
    0xbc, 0xb, 0x90, 0x5f, 0x2, 0xf5, 0xd7, 0x6,
    0xe0, 0x9, 0xff, 0x60, 0x8c, 0x0, 0xe, 0xf4,
    0x6, 0x80, 0x0, 0x4e, 0x10,

    /* U+004F "O" */
    0x0, 0x9, 0xef, 0xa1, 0x0, 0xc, 0xe7, 0x8e,
    0xd0, 0x8, 0xf3, 0x0, 0x2f, 0x70, 0xf8, 0x0,
    0x0, 0xbb, 0x4f, 0x10, 0x0, 0xc, 0xb7, 0xe0,
    0x0, 0x0, 0xe8, 0x7e, 0x0, 0x0, 0x6f, 0x23,
    0xf5, 0x0, 0x2f, 0xa0, 0xb, 0xf8, 0x8f, 0xd1,
    0x0, 0x9, 0xef, 0xa1, 0x0,

    /* U+0050 "P" */
    0x2b, 0xfe, 0xa2, 0x8, 0xf2, 0x3b, 0xe0, 0x2e,
    0x0, 0xf, 0x33, 0xd0, 0x6, 0xf1, 0x5d, 0x39,
    0xf5, 0x5, 0xff, 0xa2, 0x0, 0x6c, 0x0, 0x0,
    0x7, 0xa0, 0x0, 0x0, 0x89, 0x0, 0x0, 0x7,
    0x70, 0x0, 0x0,

    /* U+0051 "Q" */
    0x0, 0x19, 0xee, 0x80, 0x0, 0x1, 0xed, 0x55,
    0xda, 0x0, 0xa, 0xe1, 0x0, 0x1f, 0x20, 0x2f,
    0x70, 0x0, 0xd, 0x60, 0x5f, 0x10, 0x0, 0xf,
    0x60, 0x7d, 0x0, 0x14, 0x5f, 0x40, 0x4d, 0x0,
    0xf, 0xfe, 0x0, 0xf, 0x20, 0xb, 0xf9, 0x0,
    0x6, 0xe6, 0x7e, 0x6d, 0x30, 0x0, 0x6e, 0xd3,
    0x4, 0xd0,

    /* U+0052 "R" */
    0x3b, 0xff, 0xb2, 0x0, 0x5f, 0x53, 0xad, 0x0,
    0xe, 0x20, 0x1f, 0x20, 0xf, 0x10, 0x7f, 0x0,
    0x2f, 0x5a, 0xf5, 0x0, 0x4f, 0xfc, 0x20, 0x0,
    0x5e, 0xbe, 0x20, 0x0, 0x6b, 0x8, 0xf4, 0x0,
    0x7a, 0x0, 0x7f, 0x60, 0x68, 0x0, 0x5, 0xe0,

    /* U+0053 "S" */
    0x2, 0xbf, 0xa0, 0x2f, 0xa4, 0x10, 0x8c, 0x0,
    0x0, 0x8e, 0x20, 0x0, 0x1c, 0xf9, 0x10, 0x0,
    0x5d, 0xe1, 0x0, 0x0, 0xd9, 0x0, 0x0, 0xb9,
    0x99, 0x6a, 0xf3, 0x4c, 0xfc, 0x50,

    /* U+0054 "T" */
    0x5f, 0xff, 0xff, 0xff, 0xb1, 0x89, 0xbf, 0xc9,
    0x93, 0x0, 0x1, 0xf4, 0x0, 0x0, 0x0, 0xf,
    0x50, 0x0, 0x0, 0x0, 0xf5, 0x0, 0x0, 0x0,
    0xf, 0x50, 0x0, 0x0, 0x0, 0xf5, 0x0, 0x0,
    0x0, 0x1f, 0x50, 0x0, 0x0, 0x1, 0xf5, 0x0,
    0x0, 0x0, 0xd, 0x20, 0x0,

    /* U+0055 "U" */
    0x1d, 0x0, 0x0, 0xa5, 0x5f, 0x0, 0x0, 0xe7,
    0x7d, 0x0, 0x0, 0xe7, 0x9c, 0x0, 0x0, 0xf6,
    0x9b, 0x0, 0x2, 0xf4, 0x9d, 0x0, 0x5, 0xf2,
    0x7f, 0x0, 0x9, 0xe0, 0x3f, 0x50, 0x1f, 0x80,
    0xb, 0xfa, 0xef, 0x10, 0x0, 0xaf, 0xc3, 0x0,

    /* U+0056 "V" */
    0x78, 0x0, 0x0, 0xab, 0x6f, 0x0, 0x1, 0xf9,
    0x2f, 0x40, 0x6, 0xf3, 0xd, 0x90, 0xc, 0xd0,
    0x9, 0xe0, 0x2f, 0x70, 0x4, 0xf2, 0x9f, 0x10,
    0x0, 0xfa, 0xfa, 0x0, 0x0, 0xbf, 0xf3, 0x0,
    0x0, 0x6f, 0xd0, 0x0, 0x0, 0x1e, 0x50, 0x0,

    /* U+0057 "W" */
    0x3, 0x0, 0x0, 0x0, 0x6, 0x84, 0xe0, 0x0,
    0x0, 0x0, 0xb9, 0x4f, 0x0, 0x0, 0x0, 0xf,
    0x73, 0xf0, 0x0, 0x0, 0x2, 0xf3, 0x2f, 0x10,
    0x8e, 0x30, 0x6f, 0x1, 0xf3, 0x3f, 0xfa, 0x9,
    0xd0, 0xf, 0x5b, 0xb6, 0xf0, 0xd9, 0x0, 0xcc,
    0xf2, 0xf, 0xbf, 0x40, 0x9, 0xfa, 0x0, 0x9f,
    0xe0, 0x0, 0x4e, 0x20, 0x1, 0xd7, 0x0,

    /* U+0058 "X" */
    0x2, 0x0, 0x0, 0x16, 0x2f, 0x30, 0x0, 0xcb,
    0xa, 0xd0, 0x8, 0xf2, 0x1, 0xe9, 0x4f, 0x70,
    0x0, 0x4f, 0xfb, 0x0, 0x0, 0x1f, 0xf5, 0x0,
    0x0, 0xbf, 0xdd, 0x10, 0x7, 0xf5, 0x1e, 0xc0,
    0x3f, 0x80, 0x4, 0xf9, 0x7b, 0x0, 0x0, 0x6c,

    /* U+0059 "Y" */
    0x88, 0x0, 0x4, 0xe1, 0x3f, 0x40, 0x1e, 0xc0,
    0x8, 0xe2, 0xaf, 0x20, 0x0, 0xce, 0xf6, 0x0,
    0x0, 0x1f, 0xa0, 0x0, 0x0, 0xf, 0x40, 0x0,
    0x0, 0xf, 0x30, 0x0, 0x0, 0x1f, 0x20, 0x0,
    0x0, 0x3f, 0x10, 0x0, 0x0, 0x8, 0x0, 0x0,

    /* U+005A "Z" */
    0x6f, 0xff, 0xff, 0x52, 0x66, 0x69, 0xf4, 0x0,
    0x0, 0xc9, 0x0, 0x0, 0x6d, 0x0, 0x0, 0x1f,
    0x40, 0x0, 0xa, 0xa0, 0x0, 0x3, 0xf1, 0x0,
    0x0, 0xd7, 0x0, 0x1, 0x7f, 0x8b, 0xdf, 0xe8,
    0xfd, 0xa8, 0x63,

    /* U+005B "[" */
    0x7f, 0xfb, 0x9b, 0x21, 0x99, 0x0, 0x99, 0x0,
    0x99, 0x0, 0x99, 0x0, 0x99, 0x0, 0x99, 0x0,
    0x99, 0x0, 0x99, 0x0, 0x99, 0x0, 0x99, 0x0,
    0x9a, 0x0, 0x8f, 0xfb, 0x3, 0x31,

    /* U+005C "\\" */
    0xc1, 0x0, 0x0, 0xc7, 0x0, 0x0, 0x7c, 0x0,
    0x0, 0x3f, 0x10, 0x0, 0xf, 0x60, 0x0, 0xa,
    0xa0, 0x0, 0x6, 0xe0, 0x0, 0x2, 0xf3, 0x0,
    0x0, 0xd7, 0x0, 0x0, 0x9b, 0x0, 0x0, 0x4f,
    0x0, 0x0, 0xf, 0x40, 0x0, 0xc, 0x90, 0x0,
    0x7, 0xd0, 0x0, 0x3, 0xf1, 0x0, 0x0, 0xe5,
    0x0, 0x0, 0x75,

    /* U+005D "]" */
    0x7f, 0xfb, 0x2, 0x8d, 0x0, 0x5d, 0x0, 0x5d,
    0x0, 0x5d, 0x0, 0x5d, 0x0, 0x4d, 0x0, 0x4d,
    0x0, 0x4d, 0x0, 0x4d, 0x0, 0x4e, 0x0, 0x4e,
    0x0, 0x6e, 0x6f, 0xfd, 0x3, 0x31,

    /* U+005E "^" */
    0x0, 0x42, 0x0, 0x3, 0xfe, 0x10, 0xb, 0xdf,
    0x90, 0x3f, 0x47, 0xf2, 0xac, 0x0, 0xd9, 0x94,
    0x0, 0x4b,

    /* U+005F "_" */
    0xbf, 0xff, 0xff, 0xff, 0x51, 0x22, 0x22, 0x22,
    0x20,

    /* U+0061 "a" */
    0x0, 0x4c, 0xf8, 0x0, 0x4, 0xf7, 0x6f, 0x50,
    0xd, 0x80, 0xe, 0x40, 0x4f, 0x0, 0xf, 0x20,
    0x8b, 0x0, 0x5f, 0x20, 0x9b, 0x1, 0xef, 0x40,
    0x7f, 0x8e, 0xde, 0xd1, 0xb, 0xf9, 0x4, 0xe5,

    /* U+0062 "b" */
    0xb, 0x10, 0x0, 0x1, 0xf2, 0x0, 0x0, 0x3f,
    0x0, 0x0, 0x4, 0xf0, 0x0, 0x0, 0x5f, 0x9a,
    0xb4, 0x6, 0xfe, 0x8c, 0xf2, 0x7e, 0x10, 0x1f,
    0x68, 0xa0, 0x3, 0xf5, 0x9a, 0x3, 0xdd, 0xa,
    0xda, 0xfd, 0x20, 0x9f, 0xd7, 0x0, 0x0,

    /* U+0063 "c" */
    0x1, 0xaf, 0xc1, 0x0, 0xbd, 0x5a, 0x30, 0x3f,
    0x30, 0x0, 0x8, 0xc0, 0x0, 0x0, 0xba, 0x0,
    0x0, 0xa, 0xa0, 0x0, 0x10, 0x5f, 0x76, 0xbf,
    0x10, 0x8f, 0xfb, 0x30,

    /* U+0064 "d" */
    0x0, 0x0, 0x1, 0xe1, 0x0, 0x0, 0x4, 0xf0,
    0x0, 0x0, 0x6, 0xe0, 0x0, 0x0, 0x9, 0xb0,
    0x0, 0x8f, 0xef, 0x90, 0xa, 0xe5, 0x8f, 0x80,
    0x3f, 0x40, 0xf, 0x70, 0x8e, 0x0, 0xf, 0x60,
    0x9c, 0x0, 0x4f, 0x70, 0x6f, 0xab, 0xff, 0xc1,
    0xa, 0xfc, 0x45, 0xe4,

    /* U+0065 "e" */
    0x1, 0xbf, 0x90, 0xd, 0x84, 0xf4, 0x5d, 0x4,
    0xf5, 0xaf, 0xff, 0x80, 0xbb, 0x40, 0x0, 0xaa,
    0x0, 0x0, 0x4f, 0x85, 0xac, 0x5, 0xdf, 0xc3,

    /* U+0066 "f" */
    0x0, 0x1b, 0xfa, 0x0, 0x9, 0xe4, 0x80, 0x0,
    0xe7, 0x0, 0x0, 0xf, 0x60, 0x0, 0x6c, 0xff,
    0xf8, 0x5, 0xaf, 0x82, 0x0, 0x1, 0xf4, 0x0,
    0x0, 0x1f, 0x30, 0x0, 0x1, 0xf3, 0x0, 0x0,
    0x1f, 0x30, 0x0, 0x0, 0xe2, 0x0, 0x0,

    /* U+0067 "g" */
    0x0, 0x8f, 0xc2, 0x0, 0x8f, 0xde, 0xe2, 0x1f,
    0x70, 0x2f, 0x46, 0xc0, 0x0, 0xf4, 0x9a, 0x0,
    0x3f, 0x38, 0xc0, 0xa, 0xf2, 0x3f, 0x8a, 0xff,
    0x20, 0x6e, 0xa5, 0xf1, 0x0, 0x0, 0x4f, 0x0,
    0x0, 0xa, 0xb0, 0x57, 0x5b, 0xf2, 0x5, 0xdf,
    0xb2, 0x0,

    /* U+0068 "h" */
    0xc, 0x0, 0x0, 0x3, 0xd0, 0x0, 0x0, 0x3c,
    0x0, 0x0, 0x5, 0xb0, 0x0, 0x0, 0x5a, 0x2a,
    0xa1, 0x7, 0xde, 0xce, 0x90, 0x8f, 0x60, 0x7c,
    0x9, 0xc0, 0x5, 0xc0, 0xa8, 0x0, 0x4c, 0xb,
    0x60, 0x4, 0xf2, 0xa3, 0x0, 0x1e, 0x60,

    /* U+0069 "i" */
    0xb, 0x60, 0x33, 0x0, 0x0, 0xb3, 0xe, 0x40,
    0xf4, 0x1f, 0x32, 0xf2, 0x3f, 0x23, 0xf3, 0xb,
    0x10,

    /* U+006A "j" */
    0x0, 0x8a, 0x0, 0x13, 0x0, 0x6a, 0x0, 0x7d,
    0x0, 0x7d, 0x0, 0x7e, 0x0, 0x7e, 0x0, 0x7e,
    0x0, 0x7e, 0x0, 0x8e, 0x0, 0x9c, 0x0, 0xca,
    0xaa, 0xf5, 0xaf, 0x80,

    /* U+006B "k" */
    0x75, 0x0, 0x0, 0xa7, 0x0, 0x0, 0xb7, 0x0,
    0x0, 0xb7, 0x0, 0x0, 0xc6, 0x5, 0xa0, 0xd7,
    0x9f, 0x60, 0xdf, 0xe4, 0x0, 0xdf, 0xc1, 0x0,
    0xda, 0xde, 0x40, 0xd7, 0xa, 0xf5, 0xa4, 0x0,
    0x52,

    /* U+006C "l" */
    0xa, 0x40, 0xe, 0x50, 0xf, 0x50, 0xf, 0x40,
    0x1f, 0x30, 0x1f, 0x20, 0x2f, 0x20, 0x2f, 0x20,
    0x2f, 0x20, 0x1f, 0xa2, 0x9, 0xe2,

    /* U+006D "m" */
    0x4, 0x0, 0x0, 0x0, 0x0, 0x0, 0xf3, 0x6f,
    0xf1, 0x2d, 0xf2, 0xf, 0x8f, 0x6f, 0x5c, 0xad,
    0x81, 0xff, 0x70, 0xdf, 0xc0, 0x8b, 0x1f, 0xe0,
    0xd, 0xf4, 0x7, 0xc2, 0xf9, 0x0, 0xee, 0x0,
    0x7c, 0x3f, 0x50, 0xe, 0x90, 0x7, 0xd2, 0xe2,
    0x0, 0xb4, 0x0, 0x6e, 0x0, 0x0, 0x0, 0x0,
    0x0, 0x20,

    /* U+006E "n" */
    0x76, 0x4d, 0xe4, 0x9, 0xdf, 0x7b, 0xd0, 0x9f,
    0x90, 0x2f, 0x19, 0xf2, 0x1, 0xf2, 0x9e, 0x0,
    0x1f, 0x2a, 0xb0, 0x1, 0xf2, 0xba, 0x0, 0x1f,
    0x39, 0x60, 0x0, 0xd5, 0x0, 0x0, 0x0, 0x0,

    /* U+006F "o" */
    0x1, 0x9f, 0xc3, 0x0, 0xdd, 0x5a, 0xf1, 0x5f,
    0x20, 0xe, 0x69, 0xb0, 0x0, 0xb8, 0xb9, 0x0,
    0xd, 0x78, 0xd0, 0x4, 0xf3, 0x2f, 0xb7, 0xe9,
    0x0, 0x4d, 0xf9, 0x0,

    /* U+0070 "p" */
    0x9c, 0xee, 0x90, 0xb, 0xa3, 0x7f, 0x90, 0xb8,
    0x0, 0x7e, 0xb, 0x80, 0x5, 0xe0, 0xb8, 0x0,
    0x8d, 0xb, 0x80, 0x1e, 0x70, 0xcc, 0x7e, 0xc0,
    0xc, 0xfe, 0x90, 0x0, 0xc9, 0x0, 0x0, 0xc,
    0x90, 0x0, 0x0, 0xc9, 0x0, 0x0, 0xa, 0x70,
    0x0, 0x0,

    /* U+0071 "q" */
    0x0, 0xaf, 0x74, 0x0, 0xad, 0x4b, 0xf0, 0x3f,
    0x20, 0x3f, 0x9, 0xb0, 0x4, 0xf0, 0xb8, 0x0,
    0x5e, 0xa, 0xa0, 0x9, 0xe0, 0x5f, 0x78, 0xfe,
    0x0, 0x7e, 0xda, 0xf0, 0x0, 0x0, 0x4f, 0x0,
    0x0, 0x4, 0xf0, 0x0, 0x0, 0x5f, 0x0, 0x0,
    0x2, 0xe0,

    /* U+0072 "r" */
    0xa6, 0x7, 0xdd, 0x1b, 0xa9, 0xf9, 0x70, 0xaf,
    0xf3, 0x0, 0x9, 0xf8, 0x0, 0x0, 0x9f, 0x20,
    0x0, 0x9, 0xf0, 0x0, 0x0, 0x9f, 0x0, 0x0,
    0x6, 0xc0, 0x0, 0x0,

    /* U+0073 "s" */
    0x9, 0xee, 0x29, 0xe6, 0x40, 0xca, 0x0, 0x6,
    0xfb, 0x30, 0x5, 0xdf, 0x60, 0x0, 0xae, 0x98,
    0x6e, 0xb8, 0xff, 0xa1,

    /* U+0074 "t" */
    0x0, 0x44, 0x0, 0x0, 0xb9, 0x0, 0x0, 0xca,
    0x10, 0x7f, 0xff, 0xfc, 0x48, 0xeb, 0x51, 0x0,
    0xd7, 0x0, 0x0, 0xd8, 0x0, 0x0, 0xae, 0xe4,
    0x0, 0x3e, 0xc1,

    /* U+0075 "u" */
    0x78, 0x0, 0x2e, 0x9, 0x90, 0x5, 0xf1, 0xb9,
    0x0, 0x6f, 0xb, 0x80, 0x8, 0xe0, 0xb9, 0x0,
    0xce, 0x9, 0xc0, 0x3f, 0xf0, 0x5f, 0x8d, 0xbf,
    0x30, 0x9f, 0xa0, 0xa5,

    /* U+0076 "v" */
    0x4b, 0x0, 0x0, 0xc4, 0x4f, 0x10, 0x4, 0xf0,
    0xe, 0x70, 0xb, 0x90, 0x9, 0xc0, 0x2f, 0x30,
    0x4, 0xf1, 0x9c, 0x0, 0x0, 0xda, 0xf6, 0x0,
    0x0, 0x7f, 0xe0, 0x0, 0x0, 0xd, 0x60, 0x0,

    /* U+0077 "w" */
    0x2, 0x0, 0x0, 0x0, 0xb, 0x34, 0xd0, 0x0,
    0x40, 0x0, 0xf3, 0x3f, 0x0, 0x6f, 0x10, 0x5f,
    0x0, 0xf3, 0xc, 0xf7, 0x9, 0xa0, 0xc, 0x62,
    0xfc, 0xd0, 0xe6, 0x0, 0x8a, 0x9c, 0x1f, 0xaf,
    0x10, 0x3, 0xff, 0x40, 0x9f, 0xd0, 0x0, 0xc,
    0xa0, 0x1, 0xd5, 0x0,

    /* U+0078 "x" */
    0x6a, 0x0, 0x7, 0xb0, 0x3f, 0x60, 0x3f, 0x60,
    0x9, 0xf3, 0xeb, 0x0, 0x0, 0xdf, 0xe1, 0x0,
    0x0, 0xcf, 0xb0, 0x0, 0x7, 0xfb, 0xf8, 0x0,
    0x3f, 0x90, 0x5f, 0x80, 0x8a, 0x0, 0x5, 0xe0,
    0x0, 0x0, 0x0, 0x0,

    /* U+0079 "y" */
    0xd, 0x20, 0x0, 0x96, 0xc, 0xb0, 0x0, 0xd7,
    0x5, 0xf3, 0x0, 0xf4, 0x0, 0xbc, 0x3, 0xf1,
    0x0, 0x1f, 0x66, 0xe0, 0x0, 0x6, 0xec, 0xa0,
    0x0, 0x0, 0xbf, 0x50, 0x0, 0x0, 0x8f, 0x10,
    0x0, 0x1, 0xea, 0x0, 0x0, 0xb, 0xf2, 0x0,
    0x15, 0xcf, 0x60, 0x0, 0x7f, 0xc4, 0x0, 0x0,

    /* U+007A "z" */
    0x2f, 0xff, 0xfa, 0x0, 0x3, 0x44, 0xeb, 0x0,
    0x0, 0x6, 0xf2, 0x0, 0x0, 0x2f, 0x70, 0x0,
    0x0, 0xcb, 0x0, 0x0, 0x9, 0xe1, 0x0, 0x0,
    0x6f, 0xc8, 0x88, 0x80, 0x7f, 0xff, 0xed, 0xb1,

    /* U+007B "{" */
    0x0, 0x5, 0x71, 0x0, 0x8f, 0x81, 0x0, 0xd6,
    0x0, 0x0, 0xe4, 0x0, 0x0, 0xd5, 0x0, 0x0,
    0xc5, 0x0, 0x0, 0xe5, 0x0, 0x1c, 0xd0, 0x0,
    0x1c, 0xd0, 0x0, 0x0, 0xc6, 0x0, 0x0, 0x98,
    0x0, 0x0, 0xa8, 0x0, 0x0, 0xa7, 0x0, 0x0,
    0x8c, 0x20, 0x0, 0x1b, 0xf3,

    /* U+007D "}" */
    0x17, 0x50, 0x0, 0x18, 0xf9, 0x0, 0x0, 0x5e,
    0x0, 0x0, 0x3e, 0x0, 0x0, 0x4e, 0x0, 0x0,
    0x5d, 0x0, 0x0, 0x4f, 0x0, 0x0, 0xd, 0xc1,
    0x0, 0xc, 0xc2, 0x0, 0x5c, 0x0, 0x0, 0x7a,
    0x0, 0x0, 0x7b, 0x0, 0x0, 0x6b, 0x0, 0x1,
    0xc9, 0x0, 0x3f, 0xb1, 0x0,

    /* U+007E "~" */
    0x0, 0x33, 0x0, 0x0, 0x2, 0xdf, 0xfd, 0x52,
    0x93, 0xab, 0x22, 0xaf, 0xfe, 0x30, 0x0, 0x0,
    0x23, 0x0,

    /* U+4F4D "位" */
    0x0, 0x0, 0x0, 0x15, 0x0, 0x0, 0x0, 0x0,
    0x63, 0x3, 0xf6, 0x0, 0x0, 0x0, 0x8f, 0x20,
    0x6, 0x70, 0x0, 0x0, 0x9f, 0x50, 0x8b, 0xde,
    0xed, 0x0, 0x9f, 0xf0, 0x7, 0x87, 0x75, 0x30,
    0x8, 0x4f, 0x20, 0x12, 0x0, 0xc3, 0x0, 0x0,
    0xf4, 0x5, 0xc0, 0x3f, 0x20, 0x0, 0xe, 0x50,
    0x2f, 0x19, 0xc0, 0x0, 0x0, 0xe6, 0x0, 0x91,
    0xe6, 0x0, 0x0, 0xe, 0x65, 0xac, 0xef, 0xff,
    0xf2, 0x0, 0x71, 0x58, 0x87, 0x76, 0x54, 0x0,

    /* U+5165 "入" */
    0x0, 0x95, 0x0, 0x0, 0x0, 0x0, 0x9f, 0x70,
    0x0, 0x0, 0x0, 0xa, 0xf4, 0x0, 0x0, 0x0,
    0x8, 0xfe, 0x10, 0x0, 0x0, 0x3f, 0xaf, 0xb0,
    0x0, 0x0, 0xdd, 0x5, 0xf7, 0x0, 0xa, 0xf4,
    0x0, 0x9f, 0x60, 0x6f, 0x70, 0x0, 0xb, 0xf6,
    0x57, 0x0, 0x0, 0x0, 0x9a,

    /* U+53D6 "取" */
    0x0, 0x0, 0x0, 0x0, 0x0, 0x0, 0x0, 0x8c,
    0xde, 0xff, 0x30, 0x0, 0x0, 0x4, 0xe9, 0x4e,
    0x40, 0x0, 0x0, 0x0, 0xd, 0x83, 0xe3, 0x4c,
    0xef, 0x90, 0x0, 0xdd, 0x7e, 0x42, 0x53, 0xda,
    0x0, 0xe, 0x74, 0xf3, 0x48, 0x1f, 0x50, 0x0,
    0xed, 0x7f, 0x31, 0xde, 0xd0, 0x0, 0xe, 0x66,
    0xfc, 0x7, 0xfc, 0x10, 0xa, 0xff, 0xdf, 0x45,
    0xf8, 0xde, 0x20, 0x75, 0x20, 0xf3, 0x76, 0x0,
    0x73, 0x0, 0x0, 0xf, 0x30, 0x0, 0x0, 0x0,
    0x0, 0x0, 0xc1, 0x0, 0x0, 0x0,

    /* U+5B58 "存" */
    0x0, 0x0, 0x0, 0x0, 0x0, 0x0, 0x0, 0x0,
    0xa, 0x70, 0x0, 0x0, 0x0, 0x0, 0x3f, 0x74,
    0x56, 0x10, 0x2, 0xdf, 0xff, 0xff, 0xec, 0x20,
    0x0, 0x36, 0xf4, 0x0, 0x0, 0x0, 0x0, 0xd,
    0x92, 0xbe, 0xfb, 0x0, 0x0, 0x9f, 0x30, 0x55,
    0xfb, 0x0, 0x5, 0xff, 0x40, 0x7, 0xe1, 0x0,
    0x1f, 0x8f, 0x43, 0x6c, 0xfc, 0xd4, 0x5, 0xf,
    0x7f, 0xfd, 0xfa, 0x50, 0x0, 0xf, 0x50, 0x0,
    0xf5, 0x0, 0x0, 0xf, 0x50, 0x26, 0xf3, 0x0,
    0x0, 0xc, 0x40, 0x5f, 0xc0, 0x0, 0x0, 0x0,
    0x0, 0x0, 0x0, 0x0,

    /* U+5BC6 "密" */
    0x0, 0x1, 0xd5, 0x0, 0x0, 0x6, 0x99, 0xbe,
    0xfe, 0xfe, 0xa0, 0xac, 0x75, 0x53, 0x32, 0x7f,
    0xb, 0x60, 0x1e, 0x2e, 0x4, 0x70, 0x25, 0x5a,
    0x29, 0xa5, 0xb1, 0x0, 0xc5, 0xc5, 0xf2, 0x8,
    0xb0, 0xb, 0x9, 0xfc, 0x6d, 0x10, 0x0, 0x3a,
    0xd6, 0x98, 0x60, 0x0, 0x2e, 0xa0, 0x2e, 0x0,
    0xb2, 0x0, 0xf, 0x13, 0xf0, 0xf, 0x40, 0x1,
    0xf5, 0x7f, 0x57, 0xf3, 0x0, 0x1f, 0xff, 0xff,
    0xff, 0x10, 0x0, 0x56, 0x53, 0x10, 0x0, 0x0,

    /* U+65F6 "时" */
    0x0, 0x0, 0x0, 0x0, 0xd, 0x0, 0x0, 0x23,
    0x0, 0x0, 0x1f, 0x10, 0xd, 0xdf, 0xb0, 0x0,
    0x2f, 0x61, 0x5c, 0x4, 0xe4, 0xce, 0xff, 0xf9,
    0x6e, 0x36, 0xf1, 0x54, 0x4f, 0x30, 0x7f, 0xee,
    0xf0, 0x50, 0x1f, 0x30, 0x7d, 0x5, 0xe0, 0xab,
    0x2f, 0x20, 0x7e, 0x7b, 0xc0, 0x3, 0x3f, 0x20,
    0x1b, 0xdc, 0x50, 0x0, 0x4f, 0x20, 0x0, 0x0,
    0x0, 0x3, 0x5f, 0x10, 0x0, 0x0, 0x0, 0xf,
    0xfe, 0x0, 0x0, 0x0, 0x0, 0x4, 0xe8, 0x0,

    /* U+7684 "的" */
    0x0, 0x0, 0x0, 0x4, 0x0, 0x0, 0x0, 0x66,
    0x0, 0x1f, 0x20, 0x0, 0x5, 0xf3, 0x0, 0x9e,
    0x10, 0x0, 0x4f, 0x94, 0x11, 0xff, 0xff, 0xd3,
    0xce, 0xce, 0xd5, 0xc0, 0x1, 0xe9, 0xe5, 0x4,
    0xf1, 0x13, 0x0, 0xc9, 0xef, 0xff, 0xf1, 0x2f,
    0x70, 0xe7, 0xe8, 0x14, 0xf0, 0x2, 0x51, 0xf4,
    0xda, 0x59, 0xe0, 0x0, 0x6, 0xf1, 0x6e, 0xed,
    0x60, 0x3, 0x9d, 0xb0, 0x0, 0x0, 0x0, 0x1,
    0xac, 0x20,

    /* U+7801 "码" */
    0x0, 0x0, 0x0, 0x0, 0x0, 0x0, 0x0, 0x0,
    0x0, 0x0, 0xb, 0xff, 0xf7, 0x0, 0x0, 0x23,
    0x55, 0x0, 0x23, 0xbb, 0x0, 0x4, 0xdf, 0xfc,
    0x6, 0x50, 0xba, 0x0, 0x0, 0x1f, 0x30, 0xb,
    0x60, 0xd7, 0x0, 0x0, 0xac, 0x0, 0xe, 0x50,
    0xf4, 0x0, 0x4, 0xfb, 0x85, 0xe, 0xa8, 0xeb,
    0x60, 0xe, 0xfa, 0x6f, 0x3, 0x64, 0x26, 0xf3,
    0x5, 0x97, 0x4e, 0x0, 0x25, 0x44, 0xf3, 0x0,
    0x7f, 0xfa, 0x7f, 0xff, 0xa6, 0xf1, 0x0, 0x4,
    0x30, 0x3, 0x10, 0xb, 0xd0, 0x0, 0x0, 0x0,
    0x0, 0x6, 0xaf, 0x70, 0x0, 0x0, 0x0, 0x0,
    0x3, 0xdd, 0x10,

    /* U+83B7 "获" */
    0x0, 0x0, 0x0, 0x4, 0x0, 0x0, 0x0, 0x6,
    0xa2, 0x4f, 0x55, 0x0, 0x8, 0xff, 0xff, 0xff,
    0xb9, 0x10, 0x0, 0x23, 0xf0, 0x6a, 0x0, 0x0,
    0x0, 0x0, 0x40, 0x1, 0x0, 0x0, 0x6, 0xaa,
    0x90, 0xb, 0x2c, 0x10, 0x0, 0xcf, 0x20, 0xf,
    0x15, 0x30, 0xa, 0xde, 0x38, 0xbf, 0xfd, 0x0,
    0x17, 0x1d, 0x75, 0xbe, 0x41, 0x0, 0x1, 0xde,
    0x90, 0xbf, 0x60, 0x0, 0x1e, 0x77, 0x92, 0xf9,
    0xf5, 0x0, 0x1, 0x3c, 0x79, 0xe0, 0x7f, 0x70,
    0x0, 0xde, 0x1b, 0x50, 0x7, 0xf3, 0x0, 0x0,
    0x0, 0x0, 0x0, 0x10,

    /* U+8BF7 "请" */
    0x0, 0x0, 0x0, 0x7, 0x60, 0x0, 0x0, 0x0,
    0x6, 0xbf, 0xfe, 0x10, 0x5, 0x60, 0x0, 0x2d,
    0x80, 0x0, 0x4, 0xf5, 0x2, 0xef, 0xf8, 0x0,
    0x0, 0x10, 0x0, 0x3e, 0xa7, 0x83, 0x3a, 0xa0,
    0x2c, 0xcb, 0xa9, 0x83, 0xbf, 0xf3, 0x0, 0x8,
    0xec, 0x20, 0x2, 0xf3, 0x1, 0x61, 0x1d, 0x80,
    0x2, 0xf1, 0x5, 0xfd, 0xdf, 0xa0, 0x3, 0xfc,
    0x56, 0xd4, 0x4b, 0xb0, 0x1, 0xfb, 0x7, 0xfd,
    0xbe, 0xb0, 0x0, 0x0, 0x7, 0xa0, 0x9, 0xa0,
    0x0, 0x0, 0x5, 0x70, 0x2e, 0x90, 0x0, 0x0,
    0x0, 0x0, 0x1e, 0x40, 0x0, 0x0, 0x0, 0x0,
    0x0, 0x0,

    /* U+8D27 "货" */
    0x0, 0x0, 0x50, 0x4, 0x0, 0x0, 0x0, 0x2c,
    0xb0, 0x3d, 0x6e, 0x20, 0x5, 0xff, 0x0, 0x8f,
    0xd5, 0x0, 0x1e, 0x6f, 0x9, 0xed, 0x0, 0x10,
    0x0, 0xf, 0x10, 0x4f, 0x78, 0xe5, 0x0, 0xf,
    0x10, 0x9, 0xdc, 0x90, 0x0, 0x4, 0x15, 0x78,
    0x60, 0x0, 0x0, 0xf, 0xeb, 0xaa, 0xf6, 0x0,
    0x0, 0x2f, 0x13, 0x50, 0xe6, 0x0, 0x0, 0x2f,
    0x2b, 0x80, 0xe5, 0x0, 0x0, 0xe, 0x4f, 0x41,
    0x71, 0x0, 0x0, 0x0, 0xcb, 0x6f, 0x91, 0x0,
    0x0, 0x7, 0xe2, 0x4, 0xdb, 0x0, 0x0, 0x1,
    0x10, 0x0, 0x0, 0x0,

    /* U+8F93 "输" */
    0x0, 0x0, 0x0, 0x0, 0xc3, 0x0, 0x0, 0x0,
    0x67, 0x0, 0xa, 0xf8, 0x0, 0x0, 0x0, 0xc8,
    0x50, 0x6f, 0x39, 0xd3, 0x0, 0xe, 0xfb, 0x84,
    0xf5, 0x12, 0x5e, 0x90, 0x5, 0xa3, 0x6, 0x69,
    0xcb, 0x21, 0x70, 0xa, 0xae, 0xc2, 0x9e, 0xb0,
    0x5, 0x50, 0x8, 0xff, 0xa4, 0xc0, 0xf4, 0xa6,
    0x90, 0x0, 0xc, 0x86, 0xfe, 0xf6, 0xc6, 0xb0,
    0x5, 0xbf, 0xf9, 0xb2, 0xf6, 0xc6, 0xb0, 0x1c,
    0x9f, 0x56, 0xea, 0xf3, 0x56, 0xb0, 0x0, 0xd,
    0x46, 0xa1, 0xf1, 0x18, 0xa0, 0x0, 0xb, 0x35,
    0x85, 0xe0, 0x6e, 0x40, 0x0, 0x0, 0x0, 0x0,
    0x0, 0x0, 0x0,

    /* U+F001 "" */
    0x0, 0x0, 0x0, 0x0, 0x0, 0x0, 0x0, 0x27,
    0xba, 0x0, 0x0, 0x0, 0x0, 0x0, 0x0, 0x48,
    0xdf, 0xff, 0xf2, 0x0, 0x0, 0x0, 0x1, 0x6a,
    0xff, 0xff, 0xff, 0xff, 0x20, 0x0, 0x0, 0x7c,
    0xff, 0xff, 0xff, 0xff, 0xff, 0xf2, 0x0, 0x0,
    0x4f, 0xff, 0xff, 0xff, 0xff, 0xff, 0xff, 0x20,
    0x0, 0x5, 0xff, 0xff, 0xff, 0xff, 0xb7, 0x3f,
    0xf2, 0x0, 0x0, 0x5f, 0xff, 0xfe, 0x95, 0x0,
    0x1, 0xff, 0x20, 0x0, 0x5, 0xff, 0x73, 0x0,
    0x0, 0x0, 0x1f, 0xf2, 0x0, 0x0, 0x5f, 0xe0,
    0x0, 0x0, 0x0, 0x1, 0xff, 0x20, 0x0, 0x5,
    0xfe, 0x0, 0x0, 0x0, 0x0, 0x1f, 0xf2, 0x0,
    0x0, 0x5f, 0xe0, 0x0, 0x0, 0x0, 0x1, 0xff,
    0x20, 0x0, 0x5, 0xfe, 0x0, 0x0, 0x0, 0x69,
    0x8f, 0xf2, 0x0, 0x0, 0x5f, 0xe0, 0x0, 0x2,
    0xef, 0xff, 0xff, 0x20, 0x3, 0x58, 0xfe, 0x0,
    0x0, 0x8f, 0xff, 0xff, 0xf2, 0x2d, 0xff, 0xff,
    0xe0, 0x0, 0x4, 0xff, 0xff, 0xfd, 0xb, 0xff,
    0xff, 0xfe, 0x0, 0x0, 0x4, 0xbd, 0xc8, 0x10,
    0xaf, 0xff, 0xff, 0xb0, 0x0, 0x0, 0x0, 0x0,
    0x0, 0x0, 0xaf, 0xff, 0xb1, 0x0, 0x0, 0x0,
    0x0, 0x0, 0x0, 0x0, 0x1, 0x0, 0x0, 0x0,
    0x0, 0x0, 0x0, 0x0, 0x0,

    /* U+F008 "" */
    0x51, 0x6, 0x88, 0x88, 0x88, 0x88, 0x88, 0x30,
    0x15, 0xf7, 0x6e, 0xff, 0xff, 0xff, 0xff, 0xff,
    0xb6, 0x8f, 0xfd, 0xcf, 0xf3, 0x33, 0x33, 0x33,
    0x6f, 0xec, 0xdf, 0xf2, 0xc, 0xe0, 0x0, 0x0,
    0x0, 0x3f, 0x70, 0x2f, 0xf2, 0xc, 0xe0, 0x0,
    0x0, 0x0, 0x3f, 0x80, 0x2f, 0xff, 0xff, 0xe0,
    0x0, 0x0, 0x0, 0x3f, 0xff, 0xff, 0xf4, 0x2d,
    0xf9, 0x99, 0x99, 0x99, 0xbf, 0x92, 0x4f, 0xf2,
    0xc, 0xff, 0xff, 0xff, 0xff, 0xff, 0x70, 0x2f,
    0xfb, 0xaf, 0xf1, 0x11, 0x11, 0x11, 0x5f, 0xda,
    0xbf, 0xf9, 0x8e, 0xe0, 0x0, 0x0, 0x0, 0x3f,
    0xc8, 0x9f, 0xf2, 0xc, 0xe0, 0x0, 0x0, 0x0,
    0x3f, 0x70, 0x2f, 0xf6, 0x4d, 0xe0, 0x0, 0x0,
    0x0, 0x3f, 0xa4, 0x6f, 0xfe, 0xef, 0xfb, 0xbb,
    0xbb, 0xbb, 0xcf, 0xfe, 0xef, 0xc2, 0xc, 0xff,
    0xff, 0xff, 0xff, 0xff, 0x80, 0x2c,

    /* U+F00B "" */
    0x58, 0x88, 0x70, 0x28, 0x88, 0x88, 0x88, 0x88,
    0x85, 0xff, 0xff, 0xf3, 0x9f, 0xff, 0xff, 0xff,
    0xff, 0xff, 0xff, 0xff, 0xf3, 0xaf, 0xff, 0xff,
    0xff, 0xff, 0xff, 0xff, 0xff, 0xf3, 0xaf, 0xff,
    0xff, 0xff, 0xff, 0xff, 0xbf, 0xff, 0xd1, 0x6f,
    0xff, 0xff, 0xff, 0xff, 0xfb, 0x0, 0x0, 0x0,
    0x0, 0x0, 0x0, 0x0, 0x0, 0x0, 0xcf, 0xff,
    0xe1, 0x7f, 0xff, 0xff, 0xff, 0xff, 0xfc, 0xff,
    0xff, 0xf3, 0xaf, 0xff, 0xff, 0xff, 0xff, 0xff,
    0xff, 0xff, 0xf3, 0xaf, 0xff, 0xff, 0xff, 0xff,
    0xff, 0xff, 0xff, 0xf3, 0x9f, 0xff, 0xff, 0xff,
    0xff, 0xff, 0x58, 0x88, 0x60, 0x27, 0x88, 0x88,
    0x88, 0x88, 0x85, 0x47, 0x77, 0x50, 0x17, 0x77,
    0x77, 0x77, 0x77, 0x74, 0xff, 0xff, 0xf3, 0x9f,
    0xff, 0xff, 0xff, 0xff, 0xff, 0xff, 0xff, 0xf3,
    0xaf, 0xff, 0xff, 0xff, 0xff, 0xff, 0xff, 0xff,
    0xf3, 0xaf, 0xff, 0xff, 0xff, 0xff, 0xff, 0xdf,
    0xff, 0xf1, 0x7f, 0xff, 0xff, 0xff, 0xff, 0xfd,
    0x0, 0x0, 0x0, 0x0, 0x0, 0x0, 0x0, 0x0,
    0x0,

    /* U+F00C "" */
    0x0, 0x0, 0x0, 0x0, 0x0, 0x0, 0x0, 0x5,
    0x20, 0x0, 0x0, 0x0, 0x0, 0x0, 0x0, 0x0,
    0x7f, 0xf3, 0x0, 0x0, 0x0, 0x0, 0x0, 0x0,
    0x7, 0xff, 0xfe, 0x0, 0x0, 0x0, 0x0, 0x0,
    0x0, 0x7f, 0xff, 0xf8, 0x0, 0x0, 0x0, 0x0,
    0x0, 0x7, 0xff, 0xff, 0x90, 0x9, 0xd1, 0x0,
    0x0, 0x0, 0x7f, 0xff, 0xf9, 0x0, 0x9f, 0xfd,
    0x10, 0x0, 0x7, 0xff, 0xff, 0x90, 0x0, 0xdf,
    0xff, 0xd1, 0x0, 0x7f, 0xff, 0xf9, 0x0, 0x0,
    0x2e, 0xff, 0xfd, 0x17, 0xff, 0xff, 0x90, 0x0,
    0x0, 0x2, 0xef, 0xff, 0xef, 0xff, 0xf9, 0x0,
    0x0, 0x0, 0x0, 0x2e, 0xff, 0xff, 0xff, 0x90,
    0x0, 0x0, 0x0, 0x0, 0x2, 0xef, 0xff, 0xf9,
    0x0, 0x0, 0x0, 0x0, 0x0, 0x0, 0x2e, 0xff,
    0x90, 0x0, 0x0, 0x0, 0x0, 0x0, 0x0, 0x2,
    0xd8, 0x0, 0x0, 0x0, 0x0, 0x0,

    /* U+F00D "" */
    0x2d, 0xb0, 0x0, 0x0, 0x6, 0xe6, 0xd, 0xff,
    0xc0, 0x0, 0x6, 0xff, 0xf3, 0xcf, 0xff, 0xc0,
    0x6, 0xff, 0xff, 0x31, 0xdf, 0xff, 0xc7, 0xff,
    0xff, 0x50, 0x1, 0xdf, 0xff, 0xff, 0xff, 0x50,
    0x0, 0x1, 0xdf, 0xff, 0xff, 0x50, 0x0, 0x0,
    0x7, 0xff, 0xff, 0xd0, 0x0, 0x0, 0x6, 0xff,
    0xff, 0xff, 0xc0, 0x0, 0x6, 0xff, 0xff, 0xdf,
    0xff, 0xc0, 0x6, 0xff, 0xff, 0x51, 0xdf, 0xff,
    0xc0, 0xff, 0xff, 0x50, 0x1, 0xdf, 0xff, 0x58,
    0xff, 0x50, 0x0, 0x1, 0xdf, 0xd0, 0x5, 0x30,
    0x0, 0x0, 0x1, 0x61, 0x0,

    /* U+F011 "" */
    0x0, 0x0, 0x0, 0x0, 0xcd, 0x50, 0x0, 0x0,
    0x0, 0x0, 0x0, 0x0, 0x0, 0x3f, 0xfa, 0x0,
    0x0, 0x0, 0x0, 0x0, 0x7, 0xe3, 0x3, 0xff,
    0xa0, 0xb, 0xc1, 0x0, 0x0, 0x8, 0xff, 0xb0,
    0x3f, 0xfa, 0x4, 0xff, 0xd1, 0x0, 0x4, 0xff,
    0xf6, 0x3, 0xff, 0xa0, 0x1e, 0xff, 0xa0, 0x0,
    0xdf, 0xf7, 0x0, 0x3f, 0xfa, 0x0, 0x2e, 0xff,
    0x40, 0x3f, 0xfc, 0x0, 0x3, 0xff, 0xa0, 0x0,
    0x6f, 0xfa, 0x8, 0xff, 0x60, 0x0, 0x3f, 0xfa,
    0x0, 0x0, 0xef, 0xf0, 0xaf, 0xf2, 0x0, 0x3,
    0xff, 0xa0, 0x0, 0xb, 0xff, 0x1b, 0xff, 0x10,
    0x0, 0x1f, 0xf8, 0x0, 0x0, 0xbf, 0xf1, 0x9f,
    0xf3, 0x0, 0x0, 0x24, 0x0, 0x0, 0xd, 0xff,
    0x6, 0xff, 0x90, 0x0, 0x0, 0x0, 0x0, 0x2,
    0xff, 0xd0, 0x1f, 0xff, 0x20, 0x0, 0x0, 0x0,
    0x0, 0xbf, 0xf8, 0x0, 0x9f, 0xfd, 0x20, 0x0,
    0x0, 0x0, 0x9f, 0xfe, 0x10, 0x0, 0xcf, 0xfe,
    0x71, 0x0, 0x4, 0xcf, 0xff, 0x50, 0x0, 0x1,
    0xdf, 0xff, 0xfe, 0xdf, 0xff, 0xff, 0x60, 0x0,
    0x0, 0x0, 0x9f, 0xff, 0xff, 0xff, 0xfd, 0x40,
    0x0, 0x0, 0x0, 0x0, 0x28, 0xce, 0xfd, 0xa5,
    0x0, 0x0, 0x0,

    /* U+F013 "" */
    0x0, 0x0, 0x0, 0x4, 0x66, 0x40, 0x0, 0x0,
    0x0, 0x0, 0x0, 0x0, 0x3f, 0xff, 0xf3, 0x0,
    0x0, 0x0, 0x0, 0x0, 0x0, 0x4f, 0xff, 0xf4,
    0x0, 0x0, 0x0, 0x0, 0x78, 0x17, 0xff, 0xff,
    0xff, 0x71, 0x87, 0x0, 0x4, 0xff, 0xff, 0xff,
    0xff, 0xff, 0xff, 0xff, 0x40, 0xd, 0xff, 0xff,
    0xff, 0xff, 0xff, 0xff, 0xff, 0xd0, 0x3f, 0xff,
    0xff, 0xfe, 0x88, 0xef, 0xff, 0xff, 0xf3, 0x8,
    0xff, 0xff, 0xd0, 0x0, 0xd, 0xff, 0xff, 0x80,
    0x0, 0xaf, 0xff, 0x50, 0x0, 0x5, 0xff, 0xfa,
    0x0, 0x0, 0xbf, 0xff, 0x30, 0x0, 0x3, 0xff,
    0xfb, 0x0, 0x1, 0xcf, 0xff, 0x80, 0x0, 0x8,
    0xff, 0xfc, 0x10, 0x3e, 0xff, 0xff, 0xf6, 0x0,
    0x6f, 0xff, 0xff, 0xe3, 0x1f, 0xff, 0xff, 0xff,
    0xff, 0xff, 0xff, 0xff, 0xf1, 0x9, 0xff, 0xff,
    0xff, 0xff, 0xff, 0xff, 0xff, 0x90, 0x0, 0xdf,
    0x8e, 0xff, 0xff, 0xff, 0xe8, 0xfd, 0x0, 0x0,
    0x11, 0x1, 0x9f, 0xff, 0xf9, 0x10, 0x11, 0x0,
    0x0, 0x0, 0x0, 0x4f, 0xff, 0xf4, 0x0, 0x0,
    0x0, 0x0, 0x0, 0x0, 0x2c, 0xee, 0xd2, 0x0,
    0x0, 0x0, 0x0, 0x0, 0x0, 0x0, 0x0, 0x0,
    0x0, 0x0, 0x0,

    /* U+F015 "" */
    0x0, 0x0, 0x0, 0x0, 0x8, 0x92, 0x0, 0x6b,
    0xb1, 0x0, 0x0, 0x0, 0x0, 0x0, 0x2d, 0xff,
    0xe4, 0xa, 0xff, 0x20, 0x0, 0x0, 0x0, 0x0,
    0x4e, 0xff, 0xff, 0xf6, 0xaf, 0xf2, 0x0, 0x0,
    0x0, 0x0, 0x6f, 0xfe, 0x31, 0xcf, 0xff, 0xff,
    0x20, 0x0, 0x0, 0x0, 0x9f, 0xfd, 0x25, 0x70,
    0xaf, 0xff, 0xf2, 0x0, 0x0, 0x1, 0xbf, 0xfa,
    0x8, 0xff, 0xb0, 0x7f, 0xff, 0x40, 0x0, 0x2,
    0xdf, 0xf8, 0xa, 0xff, 0xff, 0xd2, 0x5f, 0xff,
    0x50, 0x4, 0xff, 0xf5, 0x1d, 0xff, 0xff, 0xff,
    0xe4, 0x2e, 0xff, 0x70, 0xdf, 0xe3, 0x3e, 0xff,
    0xff, 0xff, 0xff, 0xf6, 0x1c, 0xff, 0x13, 0xb1,
    0x5f, 0xff, 0xff, 0xff, 0xff, 0xff, 0xf8, 0x9,
    0x60, 0x0, 0xa, 0xff, 0xff, 0xff, 0xff, 0xff,
    0xff, 0xe0, 0x0, 0x0, 0x0, 0xaf, 0xff, 0xfd,
    0x88, 0xbf, 0xff, 0xfe, 0x0, 0x0, 0x0, 0xa,
    0xff, 0xff, 0x70, 0x3, 0xff, 0xff, 0xe0, 0x0,
    0x0, 0x0, 0xaf, 0xff, 0xf7, 0x0, 0x3f, 0xff,
    0xfe, 0x0, 0x0, 0x0, 0xa, 0xff, 0xff, 0x70,
    0x3, 0xff, 0xff, 0xe0, 0x0, 0x0, 0x0, 0x8f,
    0xff, 0xf5, 0x0, 0x2f, 0xff, 0xfc, 0x0, 0x0,
    0x0, 0x0, 0x0, 0x0, 0x0, 0x0, 0x0, 0x0,
    0x0, 0x0, 0x0,

    /* U+F019 "" */
    0x0, 0x0, 0x0, 0x9, 0xaa, 0x90, 0x0, 0x0,
    0x0, 0x0, 0x0, 0x0, 0x3f, 0xff, 0xf3, 0x0,
    0x0, 0x0, 0x0, 0x0, 0x0, 0x4f, 0xff, 0xf4,
    0x0, 0x0, 0x0, 0x0, 0x0, 0x0, 0x4f, 0xff,
    0xf4, 0x0, 0x0, 0x0, 0x0, 0x0, 0x0, 0x4f,
    0xff, 0xf4, 0x0, 0x0, 0x0, 0x0, 0x0, 0x0,
    0x4f, 0xff, 0xf4, 0x0, 0x0, 0x0, 0x0, 0x0,
    0x0, 0x4f, 0xff, 0xf4, 0x0, 0x0, 0x0, 0x0,
    0xc, 0xee, 0xef, 0xff, 0xfe, 0xee, 0xc0, 0x0,
    0x0, 0x8, 0xff, 0xff, 0xff, 0xff, 0xff, 0x90,
    0x0, 0x0, 0x0, 0x8f, 0xff, 0xff, 0xff, 0xf8,
    0x0, 0x0, 0x0, 0x0, 0x8, 0xff, 0xff, 0xff,
    0x80, 0x0, 0x0, 0x0, 0x0, 0x0, 0x8f, 0xff,
    0xf8, 0x0, 0x0, 0x0, 0x24, 0x44, 0x44, 0x7,
    0xff, 0x70, 0x44, 0x44, 0x42, 0xff, 0xff, 0xff,
    0xc1, 0x66, 0x1d, 0xff, 0xff, 0xff, 0xff, 0xff,
    0xff, 0xfe, 0x66, 0xef, 0xff, 0xff, 0xff, 0xff,
    0xff, 0xff, 0xff, 0xff, 0xff, 0xff, 0xff, 0xff,
    0xff, 0xff, 0xff, 0xff, 0xff, 0xff, 0x66, 0xc4,
    0xff, 0xdf, 0xff, 0xff, 0xff, 0xff, 0xff, 0xff,
    0xff, 0xfd, 0x0, 0x0, 0x0, 0x0, 0x0, 0x0,
    0x0, 0x0, 0x0,

    /* U+F01C "" */
    0x0, 0x0, 0x4, 0x44, 0x44, 0x44, 0x44, 0x41,
    0x0, 0x0, 0x0, 0x0, 0x1e, 0xff, 0xff, 0xff,
    0xff, 0xff, 0xf4, 0x0, 0x0, 0x0, 0xb, 0xff,
    0xff, 0xff, 0xff, 0xff, 0xff, 0xe1, 0x0, 0x0,
    0x6, 0xff, 0x50, 0x0, 0x0, 0x0, 0x1, 0xff,
    0xa0, 0x0, 0x1, 0xff, 0x90, 0x0, 0x0, 0x0,
    0x0, 0x5, 0xff, 0x50, 0x0, 0xbf, 0xd0, 0x0,
    0x0, 0x0, 0x0, 0x0, 0xa, 0xfe, 0x10, 0x6f,
    0xf3, 0x0, 0x0, 0x0, 0x0, 0x0, 0x0, 0x1e,
    0xfa, 0xe, 0xff, 0xcc, 0xcc, 0x20, 0x0, 0x0,
    0xbc, 0xcc, 0xef, 0xf2, 0xff, 0xff, 0xff, 0xfa,
    0x0, 0x0, 0x6f, 0xff, 0xff, 0xff, 0x4f, 0xff,
    0xff, 0xff, 0xf8, 0x88, 0x8e, 0xff, 0xff, 0xff,
    0xf4, 0xff, 0xff, 0xff, 0xff, 0xff, 0xff, 0xff,
    0xff, 0xff, 0xff, 0x4f, 0xff, 0xff, 0xff, 0xff,
    0xff, 0xff, 0xff, 0xff, 0xff, 0xf4, 0xff, 0xff,
    0xff, 0xff, 0xff, 0xff, 0xff, 0xff, 0xff, 0xff,
    0x37, 0xff, 0xff, 0xff, 0xff, 0xff, 0xff, 0xff,
    0xff, 0xff, 0xa0,

    /* U+F021 "" */
    0x0, 0x0, 0x0, 0x15, 0x66, 0x40, 0x0, 0x5,
    0xcb, 0x0, 0x0, 0x3b, 0xff, 0xff, 0xff, 0x92,
    0x7, 0xff, 0x0, 0x7, 0xff, 0xff, 0xff, 0xff,
    0xff, 0x66, 0xff, 0x0, 0x8f, 0xff, 0xa4, 0x12,
    0x5b, 0xff, 0xfd, 0xff, 0x4, 0xff, 0xe4, 0x0,
    0x0, 0x0, 0x4e, 0xff, 0xff, 0xd, 0xff, 0x30,
    0x0, 0x0, 0x45, 0x46, 0xff, 0xff, 0x4f, 0xf7,
    0x0, 0x0, 0x0, 0xdf, 0xff, 0xff, 0xff, 0x8f,
    0xf1, 0x0, 0x0, 0x0, 0xdf, 0xff, 0xff, 0xff,
    0x2, 0x10, 0x0, 0x0, 0x0, 0x12, 0x22, 0x22,
    0x21, 0x0, 0x0, 0x0, 0x0, 0x0, 0x0, 0x0,
    0x0, 0x0, 0x67, 0x77, 0x77, 0x75, 0x0, 0x0,
    0x0, 0x6, 0x73, 0xff, 0xff, 0xff, 0xfe, 0x0,
    0x0, 0x0, 0x3f, 0xf6, 0xff, 0xff, 0xee, 0xfd,
    0x0, 0x0, 0x0, 0xcf, 0xf1, 0xff, 0xff, 0x70,
    0x0, 0x0, 0x0, 0x9, 0xff, 0xa0, 0xff, 0xff,
    0xfb, 0x20, 0x0, 0x2, 0xbf, 0xfe, 0x10, 0xff,
    0x8d, 0xff, 0xfc, 0xa9, 0xcf, 0xff, 0xe2, 0x0,
    0xff, 0x61, 0x9f, 0xff, 0xff, 0xff, 0xfb, 0x10,
    0x0, 0xff, 0x70, 0x1, 0x7c, 0xee, 0xd9, 0x30,
    0x0, 0x0, 0x56, 0x20, 0x0, 0x0, 0x0, 0x0,
    0x0, 0x0, 0x0,

    /* U+F026 "" */
    0x0, 0x0, 0x0, 0x2, 0x40, 0x0, 0x0, 0x2,
    0xef, 0x0, 0x0, 0x2, 0xef, 0xf0, 0x0, 0x3,
    0xef, 0xff, 0xdf, 0xff, 0xff, 0xff, 0xff, 0xff,
    0xff, 0xff, 0xff, 0xff, 0xff, 0xff, 0xff, 0xff,
    0xff, 0xff, 0xff, 0xff, 0xff, 0xff, 0xff, 0xff,
    0xff, 0xff, 0xff, 0xff, 0xff, 0x7b, 0xbb, 0xdf,
    0xff, 0xf0, 0x0, 0x0, 0xbf, 0xff, 0x0, 0x0,
    0x0, 0xbf, 0xf0, 0x0, 0x0, 0x0, 0xbe, 0x0,
    0x0, 0x0, 0x0, 0x0,

    /* U+F027 "" */
    0x0, 0x0, 0x0, 0x2, 0x40, 0x0, 0x0, 0x0,
    0x0, 0x0, 0x2e, 0xf0, 0x0, 0x0, 0x0, 0x0,
    0x2, 0xef, 0xf0, 0x0, 0x0, 0x0, 0x0, 0x3e,
    0xff, 0xf0, 0x0, 0x0, 0xdf, 0xff, 0xff, 0xff,
    0xf0, 0x7, 0x10, 0xff, 0xff, 0xff, 0xff, 0xf0,
    0x3f, 0xd0, 0xff, 0xff, 0xff, 0xff, 0xf0, 0x8,
    0xf5, 0xff, 0xff, 0xff, 0xff, 0xf0, 0x4, 0xf7,
    0xff, 0xff, 0xff, 0xff, 0xf0, 0xd, 0xf3, 0xff,
    0xff, 0xff, 0xff, 0xf0, 0x3f, 0x70, 0x8b, 0xbb,
    0xdf, 0xff, 0xf0, 0x0, 0x0, 0x0, 0x0, 0xb,
    0xff, 0xf0, 0x0, 0x0, 0x0, 0x0, 0x0, 0xbf,
    0xf0, 0x0, 0x0, 0x0, 0x0, 0x0, 0xb, 0xe0,
    0x0, 0x0, 0x0, 0x0, 0x0, 0x0, 0x0, 0x0,
    0x0,

    /* U+F028 "" */
    0x0, 0x0, 0x0, 0x0, 0x0, 0x0, 0x0, 0x1,
    0x0, 0x0, 0x0, 0x0, 0x0, 0x0, 0x0, 0x0,
    0x0, 0x7, 0xf6, 0x0, 0x0, 0x0, 0x0, 0x0,
    0x2, 0x40, 0x0, 0x0, 0x2d, 0xf8, 0x0, 0x0,
    0x0, 0x0, 0x2, 0xef, 0x0, 0x0, 0x40, 0x1c,
    0xf4, 0x0, 0x0, 0x0, 0x2, 0xef, 0xf0, 0x0,
    0x5f, 0xb0, 0x1e, 0xe1, 0x0, 0x0, 0x3, 0xef,
    0xff, 0x0, 0x0, 0xaf, 0xa0, 0x6f, 0x70, 0xdf,
    0xff, 0xff, 0xff, 0xf0, 0x7, 0x10, 0xbf, 0x30,
    0xfd, 0xf, 0xff, 0xff, 0xff, 0xff, 0x3, 0xfd,
    0x3, 0xf9, 0xa, 0xf0, 0xff, 0xff, 0xff, 0xff,
    0xf0, 0x7, 0xf5, 0xe, 0xc0, 0x8f, 0x2f, 0xff,
    0xff, 0xff, 0xff, 0x0, 0x4f, 0x70, 0xdd, 0x7,
    0xf3, 0xff, 0xff, 0xff, 0xff, 0xf0, 0x1d, 0xf3,
    0xf, 0xb0, 0x9f, 0x2f, 0xff, 0xff, 0xff, 0xff,
    0x3, 0xf7, 0x7, 0xf6, 0xc, 0xf0, 0x7b, 0xbb,
    0xdf, 0xff, 0xf0, 0x0, 0x3, 0xfe, 0x12, 0xfa,
    0x0, 0x0, 0x0, 0xbf, 0xff, 0x0, 0x3, 0xff,
    0x40, 0xaf, 0x30, 0x0, 0x0, 0x0, 0xbf, 0xf0,
    0x0, 0x3c, 0x30, 0x6f, 0xa0, 0x0, 0x0, 0x0,
    0x0, 0xbe, 0x0, 0x0, 0x0, 0x6f, 0xe1, 0x0,
    0x0, 0x0, 0x0, 0x0, 0x0, 0x0, 0x0, 0x6f,
    0xd2, 0x0, 0x0, 0x0, 0x0, 0x0, 0x0, 0x0,
    0x0, 0x3, 0x90, 0x0, 0x0,

    /* U+F03E "" */
    0x3a, 0xbb, 0xbb, 0xbb, 0xbb, 0xbb, 0xbb, 0xbb,
    0xa3, 0xef, 0xff, 0xff, 0xff, 0xff, 0xff, 0xff,
    0xff, 0xfe, 0xff, 0xd5, 0x6e, 0xff, 0xff, 0xff,
    0xff, 0xff, 0xff, 0xff, 0x20, 0x4, 0xff, 0xff,
    0xff, 0xff, 0xff, 0xff, 0xff, 0x0, 0x2, 0xff,
    0xff, 0xff, 0xbf, 0xff, 0xff, 0xff, 0x50, 0x7,
    0xff, 0xff, 0xf5, 0x9, 0xff, 0xff, 0xff, 0xfb,
    0xbf, 0xff, 0xff, 0x50, 0x0, 0x9f, 0xff, 0xff,
    0xff, 0xcb, 0xff, 0xf5, 0x0, 0x0, 0x9, 0xff,
    0xff, 0xfc, 0x0, 0xaf, 0x50, 0x0, 0x0, 0x4,
    0xff, 0xff, 0xc0, 0x0, 0x3, 0x0, 0x0, 0x0,
    0x4, 0xff, 0xff, 0x40, 0x0, 0x0, 0x0, 0x0,
    0x0, 0x4, 0xff, 0xff, 0x74, 0x44, 0x44, 0x44,
    0x44, 0x44, 0x47, 0xff, 0xff, 0xff, 0xff, 0xff,
    0xff, 0xff, 0xff, 0xff, 0xff, 0x6f, 0xff, 0xff,
    0xff, 0xff, 0xff, 0xff, 0xff, 0xf6,

    /* U+F043 "" */
    0x0, 0x0, 0x6, 0x90, 0x0, 0x0, 0x0, 0x0,
    0x1, 0xff, 0x40, 0x0, 0x0, 0x0, 0x0, 0x6f,
    0xfa, 0x0, 0x0, 0x0, 0x0, 0xd, 0xff, 0xf2,
    0x0, 0x0, 0x0, 0x5, 0xff, 0xff, 0x90, 0x0,
    0x0, 0x0, 0xef, 0xff, 0xff, 0x30, 0x0, 0x0,
    0x9f, 0xff, 0xff, 0xfd, 0x0, 0x0, 0x5f, 0xff,
    0xff, 0xff, 0xf9, 0x0, 0xe, 0xff, 0xff, 0xff,
    0xff, 0xf3, 0x7, 0xff, 0xff, 0xff, 0xff, 0xff,
    0xa0, 0xcf, 0xff, 0xff, 0xff, 0xff, 0xff, 0xf,
    0xfb, 0xff, 0xff, 0xff, 0xff, 0xf2, 0xff, 0x4a,
    0xff, 0xff, 0xff, 0xff, 0x2c, 0xf8, 0x4f, 0xff,
    0xff, 0xff, 0xf0, 0x7f, 0xf2, 0x5c, 0xff, 0xff,
    0xfb, 0x0, 0xef, 0xe5, 0x8, 0xff, 0xff, 0x30,
    0x2, 0xef, 0xff, 0xff, 0xff, 0x50, 0x0, 0x1,
    0xaf, 0xff, 0xfb, 0x30, 0x0, 0x0, 0x0, 0x3,
    0x31, 0x0, 0x0, 0x0,

    /* U+F048 "" */
    0x6b, 0x90, 0x0, 0x0, 0x3, 0xa2, 0x9f, 0xe0,
    0x0, 0x0, 0x4f, 0xf9, 0x9f, 0xe0, 0x0, 0x5,
    0xff, 0xfa, 0x9f, 0xe0, 0x0, 0x6f, 0xff, 0xfa,
    0x9f, 0xe0, 0x7, 0xff, 0xff, 0xfa, 0x9f, 0xe0,
    0x8f, 0xff, 0xff, 0xfa, 0x9f, 0xe9, 0xff, 0xff,
    0xff, 0xfa, 0x9f, 0xff, 0xff, 0xff, 0xff, 0xfa,
    0x9f, 0xff, 0xff, 0xff, 0xff, 0xfa, 0x9f, 0xfe,
    0xff, 0xff, 0xff, 0xfa, 0x9f, 0xe1, 0xdf, 0xff,
    0xff, 0xfa, 0x9f, 0xe0, 0x1c, 0xff, 0xff, 0xfa,
    0x9f, 0xe0, 0x0, 0xbf, 0xff, 0xfa, 0x9f, 0xe0,
    0x0, 0xa, 0xff, 0xfa, 0x9f, 0xe0, 0x0, 0x0,
    0x9f, 0xfa, 0x9f, 0xe0, 0x0, 0x0, 0x8, 0xf6,
    0x0, 0x0, 0x0, 0x0, 0x0, 0x0,

    /* U+F04B "" */
    0x3a, 0x70, 0x0, 0x0, 0x0, 0x0, 0x0, 0x0,
    0xef, 0xfe, 0x50, 0x0, 0x0, 0x0, 0x0, 0x0,
    0xff, 0xff, 0xfb, 0x20, 0x0, 0x0, 0x0, 0x0,
    0xff, 0xff, 0xff, 0xf8, 0x0, 0x0, 0x0, 0x0,
    0xff, 0xff, 0xff, 0xff, 0xe6, 0x0, 0x0, 0x0,
    0xff, 0xff, 0xff, 0xff, 0xff, 0xc3, 0x0, 0x0,
    0xff, 0xff, 0xff, 0xff, 0xff, 0xff, 0x91, 0x0,
    0xff, 0xff, 0xff, 0xff, 0xff, 0xff, 0xfe, 0x60,
    0xff, 0xff, 0xff, 0xff, 0xff, 0xff, 0xff, 0xf7,
    0xff, 0xff, 0xff, 0xff, 0xff, 0xff, 0xff, 0xfa,
    0xff, 0xff, 0xff, 0xff, 0xff, 0xff, 0xff, 0xe2,
    0xff, 0xff, 0xff, 0xff, 0xff, 0xff, 0xf8, 0x0,
    0xff, 0xff, 0xff, 0xff, 0xff, 0xfb, 0x20, 0x0,
    0xff, 0xff, 0xff, 0xff, 0xfd, 0x40, 0x0, 0x0,
    0xff, 0xff, 0xff, 0xff, 0x70, 0x0, 0x0, 0x0,
    0xff, 0xff, 0xff, 0xa1, 0x0, 0x0, 0x0, 0x0,
    0xff, 0xff, 0xd3, 0x0, 0x0, 0x0, 0x0, 0x0,
    0xaf, 0xe6, 0x0, 0x0, 0x0, 0x0, 0x0, 0x0,
    0x2, 0x0, 0x0, 0x0, 0x0, 0x0, 0x0, 0x0,

    /* U+F04C "" */
    0x3a, 0xbb, 0xb9, 0x10, 0x3, 0xab, 0xbb, 0x91,
    0xef, 0xff, 0xff, 0xa0, 0xe, 0xff, 0xff, 0xfa,
    0xff, 0xff, 0xff, 0xc0, 0xf, 0xff, 0xff, 0xfc,
    0xff, 0xff, 0xff, 0xc0, 0xf, 0xff, 0xff, 0xfc,
    0xff, 0xff, 0xff, 0xc0, 0xf, 0xff, 0xff, 0xfc,
    0xff, 0xff, 0xff, 0xc0, 0xf, 0xff, 0xff, 0xfc,
    0xff, 0xff, 0xff, 0xc0, 0xf, 0xff, 0xff, 0xfc,
    0xff, 0xff, 0xff, 0xc0, 0xf, 0xff, 0xff, 0xfc,
    0xff, 0xff, 0xff, 0xc0, 0xf, 0xff, 0xff, 0xfc,
    0xff, 0xff, 0xff, 0xc0, 0xf, 0xff, 0xff, 0xfc,
    0xff, 0xff, 0xff, 0xc0, 0xf, 0xff, 0xff, 0xfc,
    0xff, 0xff, 0xff, 0xc0, 0xf, 0xff, 0xff, 0xfc,
    0xff, 0xff, 0xff, 0xc0, 0xf, 0xff, 0xff, 0xfc,
    0xff, 0xff, 0xff, 0xc0, 0xf, 0xff, 0xff, 0xfc,
    0xff, 0xff, 0xff, 0xb0, 0xf, 0xff, 0xff, 0xfb,
    0x7f, 0xff, 0xfe, 0x40, 0x7, 0xff, 0xff, 0xe4,
    0x0, 0x0, 0x0, 0x0, 0x0, 0x0, 0x0, 0x0,

    /* U+F04D "" */
    0x3a, 0xbb, 0xbb, 0xbb, 0xbb, 0xbb, 0xbb, 0x91,
    0xef, 0xff, 0xff, 0xff, 0xff, 0xff, 0xff, 0xfa,
    0xff, 0xff, 0xff, 0xff, 0xff, 0xff, 0xff, 0xfc,
    0xff, 0xff, 0xff, 0xff, 0xff, 0xff, 0xff, 0xfc,
    0xff, 0xff, 0xff, 0xff, 0xff, 0xff, 0xff, 0xfc,
    0xff, 0xff, 0xff, 0xff, 0xff, 0xff, 0xff, 0xfc,
    0xff, 0xff, 0xff, 0xff, 0xff, 0xff, 0xff, 0xfc,
    0xff, 0xff, 0xff, 0xff, 0xff, 0xff, 0xff, 0xfc,
    0xff, 0xff, 0xff, 0xff, 0xff, 0xff, 0xff, 0xfc,
    0xff, 0xff, 0xff, 0xff, 0xff, 0xff, 0xff, 0xfc,
    0xff, 0xff, 0xff, 0xff, 0xff, 0xff, 0xff, 0xfc,
    0xff, 0xff, 0xff, 0xff, 0xff, 0xff, 0xff, 0xfc,
    0xff, 0xff, 0xff, 0xff, 0xff, 0xff, 0xff, 0xfc,
    0xff, 0xff, 0xff, 0xff, 0xff, 0xff, 0xff, 0xfc,
    0xff, 0xff, 0xff, 0xff, 0xff, 0xff, 0xff, 0xfb,
    0x7f, 0xff, 0xff, 0xff, 0xff, 0xff, 0xff, 0xe4,
    0x0, 0x0, 0x0, 0x0, 0x0, 0x0, 0x0, 0x0,

    /* U+F051 "" */
    0x4a, 0x20, 0x0, 0x0, 0xa, 0xb4, 0xbf, 0xe3,
    0x0, 0x0, 0xf, 0xf8, 0xcf, 0xff, 0x40, 0x0,
    0xf, 0xf8, 0xcf, 0xff, 0xf5, 0x0, 0xf, 0xf8,
    0xcf, 0xff, 0xff, 0x60, 0xf, 0xf8, 0xcf, 0xff,
    0xff, 0xf7, 0xf, 0xf8, 0xcf, 0xff, 0xff, 0xff,
    0x9f, 0xf8, 0xcf, 0xff, 0xff, 0xff, 0xff, 0xf8,
    0xcf, 0xff, 0xff, 0xff, 0xff, 0xf8, 0xcf, 0xff,
    0xff, 0xff, 0xdf, 0xf8, 0xcf, 0xff, 0xff, 0xfc,
    0x1f, 0xf8, 0xcf, 0xff, 0xff, 0xb0, 0xf, 0xf8,
    0xcf, 0xff, 0xfa, 0x0, 0xf, 0xf8, 0xcf, 0xff,
    0x80, 0x0, 0xf, 0xf8, 0xbf, 0xf7, 0x0, 0x0,
    0xf, 0xf8, 0x7f, 0x60, 0x0, 0x0, 0xf, 0xf7,
    0x0, 0x0, 0x0, 0x0, 0x0, 0x0,

    /* U+F052 "" */
    0x0, 0x0, 0x0, 0x2, 0xca, 0x10, 0x0, 0x0,
    0x0, 0x0, 0x0, 0x0, 0x2e, 0xff, 0xc0, 0x0,
    0x0, 0x0, 0x0, 0x0, 0x1, 0xef, 0xff, 0xfb,
    0x0, 0x0, 0x0, 0x0, 0x0, 0x1d, 0xff, 0xff,
    0xff, 0xa0, 0x0, 0x0, 0x0, 0x0, 0xcf, 0xff,
    0xff, 0xff, 0xf9, 0x0, 0x0, 0x0, 0xb, 0xff,
    0xff, 0xff, 0xff, 0xff, 0x70, 0x0, 0x0, 0xaf,
    0xff, 0xff, 0xff, 0xff, 0xff, 0xf6, 0x0, 0x8,
    0xff, 0xff, 0xff, 0xff, 0xff, 0xff, 0xff, 0x40,
    0xf, 0xff, 0xff, 0xff, 0xff, 0xff, 0xff, 0xff,
    0xb0, 0xa, 0xff, 0xff, 0xff, 0xff, 0xff, 0xff,
    0xff, 0x60, 0x0, 0x34, 0x44, 0x44, 0x44, 0x44,
    0x44, 0x42, 0x0, 0x3, 0x77, 0x77, 0x77, 0x77,
    0x77, 0x77, 0x77, 0x10, 0xf, 0xff, 0xff, 0xff,
    0xff, 0xff, 0xff, 0xff, 0xb0, 0xf, 0xff, 0xff,
    0xff, 0xff, 0xff, 0xff, 0xff, 0xc0, 0xf, 0xff,
    0xff, 0xff, 0xff, 0xff, 0xff, 0xff, 0xb0, 0xc,
    0xff, 0xff, 0xff, 0xff, 0xff, 0xff, 0xff, 0x70,
    0x0, 0x0, 0x0, 0x0, 0x0, 0x0, 0x0, 0x0,
    0x0,

    /* U+F053 "" */
    0x0, 0x0, 0x0, 0x0, 0x41, 0x0, 0x0, 0x0,
    0x0, 0x9f, 0xd0, 0x0, 0x0, 0x0, 0x9f, 0xff,
    0x20, 0x0, 0x0, 0x9f, 0xff, 0x50, 0x0, 0x0,
    0x9f, 0xff, 0x50, 0x0, 0x0, 0x9f, 0xff, 0x50,
    0x0, 0x0, 0x9f, 0xff, 0x50, 0x0, 0x0, 0x9f,
    0xff, 0x50, 0x0, 0x0, 0xe, 0xff, 0xd1, 0x0,
    0x0, 0x0, 0x3e, 0xff, 0xc1, 0x0, 0x0, 0x0,
    0x3e, 0xff, 0xc1, 0x0, 0x0, 0x0, 0x3e, 0xff,
    0xc1, 0x0, 0x0, 0x0, 0x3e, 0xff, 0xc1, 0x0,
    0x0, 0x0, 0x3e, 0xff, 0xc0, 0x0, 0x0, 0x0,
    0x3e, 0xff, 0x20, 0x0, 0x0, 0x0, 0x3c, 0x60,

    /* U+F054 "" */
    0x0, 0x50, 0x0, 0x0, 0x0, 0x0, 0x9f, 0xc1,
    0x0, 0x0, 0x0, 0xe, 0xff, 0xc1, 0x0, 0x0,
    0x0, 0x2e, 0xff, 0xc1, 0x0, 0x0, 0x0, 0x2e,
    0xff, 0xc1, 0x0, 0x0, 0x0, 0x2e, 0xff, 0xc1,
    0x0, 0x0, 0x0, 0x2e, 0xff, 0xc1, 0x0, 0x0,
    0x0, 0x2e, 0xff, 0xc0, 0x0, 0x0, 0x0, 0xaf,
    0xff, 0x20, 0x0, 0x0, 0x9f, 0xff, 0x50, 0x0,
    0x0, 0x9f, 0xff, 0x50, 0x0, 0x0, 0x9f, 0xff,
    0x50, 0x0, 0x0, 0x9f, 0xff, 0x60, 0x0, 0x0,
    0x9f, 0xff, 0x60, 0x0, 0x0, 0xe, 0xff, 0x60,
    0x0, 0x0, 0x0, 0x3d, 0x50, 0x0, 0x0, 0x0,

    /* U+F067 "" */
    0x0, 0x0, 0x0, 0x39, 0x91, 0x0, 0x0, 0x0,
    0x0, 0x0, 0x0, 0xcf, 0xf8, 0x0, 0x0, 0x0,
    0x0, 0x0, 0x0, 0xdf, 0xf9, 0x0, 0x0, 0x0,
    0x0, 0x0, 0x0, 0xdf, 0xf9, 0x0, 0x0, 0x0,
    0x0, 0x0, 0x0, 0xdf, 0xf9, 0x0, 0x0, 0x0,
    0x0, 0x0, 0x0, 0xdf, 0xf9, 0x0, 0x0, 0x0,
    0x36, 0x77, 0x77, 0xef, 0xfc, 0x77, 0x77, 0x61,
    0xef, 0xff, 0xff, 0xff, 0xff, 0xff, 0xff, 0xfa,
    0xff, 0xff, 0xff, 0xff, 0xff, 0xff, 0xff, 0xfb,
    0xae, 0xff, 0xff, 0xff, 0xff, 0xff, 0xff, 0xe6,
    0x0, 0x0, 0x0, 0xdf, 0xf9, 0x0, 0x0, 0x0,
    0x0, 0x0, 0x0, 0xdf, 0xf9, 0x0, 0x0, 0x0,
    0x0, 0x0, 0x0, 0xdf, 0xf9, 0x0, 0x0, 0x0,
    0x0, 0x0, 0x0, 0xdf, 0xf9, 0x0, 0x0, 0x0,
    0x0, 0x0, 0x0, 0xdf, 0xf9, 0x0, 0x0, 0x0,
    0x0, 0x0, 0x0, 0x9f, 0xf5, 0x0, 0x0, 0x0,
    0x0, 0x0, 0x0, 0x1, 0x10, 0x0, 0x0, 0x0,

    /* U+F068 "" */
    0x36, 0x66, 0x66, 0x66, 0x66, 0x66, 0x66, 0x61,
    0xef, 0xff, 0xff, 0xff, 0xff, 0xff, 0xff, 0xfa,
    0xff, 0xff, 0xff, 0xff, 0xff, 0xff, 0xff, 0xfb,
    0xaf, 0xff, 0xff, 0xff, 0xff, 0xff, 0xff, 0xf6,

    /* U+F06E "" */
    0x0, 0x0, 0x0, 0x3, 0x68, 0x87, 0x40, 0x0,
    0x0, 0x0, 0x0, 0x0, 0x0, 0x8e, 0xff, 0xff,
    0xff, 0xf9, 0x20, 0x0, 0x0, 0x0, 0x4, 0xef,
    0xfd, 0x63, 0x25, 0xbf, 0xff, 0x70, 0x0, 0x0,
    0x7, 0xff, 0xfa, 0x0, 0x0, 0x0, 0x7f, 0xff,
    0xa0, 0x0, 0x6, 0xff, 0xfd, 0x0, 0x8, 0xfc,
    0x20, 0x9f, 0xff, 0xa0, 0x2, 0xff, 0xff, 0x50,
    0x0, 0x8f, 0xfe, 0x12, 0xff, 0xff, 0x60, 0xcf,
    0xff, 0xf2, 0x16, 0x7f, 0xff, 0xf5, 0xe, 0xff,
    0xfe, 0x1e, 0xff, 0xff, 0x12, 0xff, 0xff, 0xff,
    0x70, 0xdf, 0xff, 0xf2, 0x6f, 0xff, 0xf3, 0xe,
    0xff, 0xff, 0xf3, 0xf, 0xff, 0xfb, 0x0, 0xbf,
    0xff, 0x90, 0x4f, 0xff, 0xf8, 0x5, 0xff, 0xfe,
    0x10, 0x1, 0xdf, 0xff, 0x40, 0x28, 0x84, 0x1,
    0xef, 0xff, 0x30, 0x0, 0x1, 0xbf, 0xff, 0x60,
    0x0, 0x4, 0xef, 0xfd, 0x30, 0x0, 0x0, 0x0,
    0x6e, 0xff, 0xfb, 0xbe, 0xff, 0xf9, 0x0, 0x0,
    0x0, 0x0, 0x0, 0x5, 0xad, 0xff, 0xeb, 0x71,
    0x0, 0x0, 0x0,

    /* U+F070 "" */
    0x4a, 0x10, 0x0, 0x0, 0x0, 0x0, 0x0, 0x0,
    0x0, 0x0, 0x0, 0xe, 0xfe, 0x30, 0x0, 0x0,
    0x0, 0x0, 0x0, 0x0, 0x0, 0x0, 0x0, 0x5f,
    0xff, 0x60, 0x0, 0x15, 0x78, 0x74, 0x0, 0x0,
    0x0, 0x0, 0x0, 0x2d, 0xff, 0xa6, 0xdf, 0xff,
    0xff, 0xff, 0xa2, 0x0, 0x0, 0x0, 0x0, 0xa,
    0xff, 0xff, 0xe8, 0x32, 0x5b, 0xff, 0xf8, 0x0,
    0x0, 0x0, 0x0, 0x6, 0xff, 0xf6, 0x0, 0x10,
    0x6, 0xff, 0xfb, 0x0, 0x0, 0x0, 0x0, 0x3,
    0xef, 0xf8, 0x7f, 0xd3, 0x9, 0xff, 0xfb, 0x0,
    0x0, 0x1e, 0x70, 0x1, 0xbf, 0xfe, 0xff, 0xf2,
    0x1f, 0xff, 0xf7, 0x0, 0x9, 0xff, 0xa0, 0x0,
    0x8f, 0xff, 0xff, 0x70, 0xdf, 0xff, 0xf1, 0x0,
    0xcf, 0xff, 0xd1, 0x0, 0x5f, 0xff, 0xf9, 0xc,
    0xff, 0xff, 0x30, 0x5, 0xff, 0xff, 0x60, 0x0,
    0x2d, 0xff, 0xb0, 0xef, 0xff, 0xb0, 0x0, 0xa,
    0xff, 0xfc, 0x0, 0x0, 0xa, 0xff, 0xef, 0xff,
    0xe1, 0x0, 0x0, 0xc, 0xff, 0xf6, 0x0, 0x0,
    0x6, 0xff, 0xff, 0xf3, 0x0, 0x0, 0x0, 0xa,
    0xff, 0xf8, 0x10, 0x0, 0x3, 0xef, 0xfa, 0x0,
    0x0, 0x0, 0x0, 0x5, 0xef, 0xff, 0xcb, 0x80,
    0x1, 0xbf, 0xfb, 0x10, 0x0, 0x0, 0x0, 0x0,
    0x5a, 0xdf, 0xfe, 0x70, 0x0, 0x8f, 0xfe, 0x30,
    0x0, 0x0, 0x0, 0x0, 0x0, 0x0, 0x0, 0x0,
    0x0, 0x5f, 0xff, 0x30, 0x0, 0x0, 0x0, 0x0,
    0x0, 0x0, 0x0, 0x0, 0x0, 0x2d, 0xe1, 0x0,
    0x0, 0x0, 0x0, 0x0, 0x0, 0x0, 0x0, 0x0,
    0x0, 0x1, 0x0,

    /* U+F071 "" */
    0x0, 0x0, 0x0, 0x0, 0x1, 0xcd, 0x40, 0x0,
    0x0, 0x0, 0x0, 0x0, 0x0, 0x0, 0x0, 0xa,
    0xff, 0xe0, 0x0, 0x0, 0x0, 0x0, 0x0, 0x0,
    0x0, 0x0, 0x4f, 0xff, 0xf8, 0x0, 0x0, 0x0,
    0x0, 0x0, 0x0, 0x0, 0x0, 0xdf, 0xff, 0xff,
    0x10, 0x0, 0x0, 0x0, 0x0, 0x0, 0x0, 0x6,
    0xff, 0xff, 0xff, 0xa0, 0x0, 0x0, 0x0, 0x0,
    0x0, 0x0, 0xe, 0xff, 0xff, 0xff, 0xf3, 0x0,
    0x0, 0x0, 0x0, 0x0, 0x0, 0x8f, 0xfb, 0x33,
    0x8f, 0xfc, 0x0, 0x0, 0x0, 0x0, 0x0, 0x2,
    0xff, 0xf9, 0x0, 0x6f, 0xff, 0x60, 0x0, 0x0,
    0x0, 0x0, 0xa, 0xff, 0xfa, 0x0, 0x6f, 0xff,
    0xe0, 0x0, 0x0, 0x0, 0x0, 0x4f, 0xff, 0xfb,
    0x0, 0x7f, 0xff, 0xf8, 0x0, 0x0, 0x0, 0x0,
    0xdf, 0xff, 0xfc, 0x0, 0x8f, 0xff, 0xff, 0x10,
    0x0, 0x0, 0x6, 0xff, 0xff, 0xfd, 0x0, 0x9f,
    0xff, 0xff, 0xa0, 0x0, 0x0, 0xe, 0xff, 0xff,
    0xff, 0xcb, 0xff, 0xff, 0xff, 0xf3, 0x0, 0x0,
    0x8f, 0xff, 0xff, 0xfc, 0x0, 0x8f, 0xff, 0xff,
    0xfc, 0x0, 0x2, 0xff, 0xff, 0xff, 0xf9, 0x0,
    0x4f, 0xff, 0xff, 0xff, 0x60, 0xa, 0xff, 0xff,
    0xff, 0xfe, 0x42, 0xcf, 0xff, 0xff, 0xff, 0xe0,
    0xf, 0xff, 0xff, 0xff, 0xff, 0xff, 0xff, 0xff,
    0xff, 0xff, 0xf3, 0x9, 0xff, 0xff, 0xff, 0xff,
    0xff, 0xff, 0xff, 0xff, 0xff, 0xd0, 0x0, 0x23,
    0x33, 0x33, 0x33, 0x33, 0x33, 0x33, 0x33, 0x33,
    0x0,

    /* U+F074 "" */
    0x0, 0x0, 0x0, 0x0, 0x0, 0x0, 0x1, 0x40,
    0x0, 0x0, 0x0, 0x0, 0x0, 0x0, 0x0, 0x7,
    0xf9, 0x0, 0x12, 0x22, 0x10, 0x0, 0x0, 0x1,
    0x29, 0xff, 0x90, 0xff, 0xff, 0xe2, 0x0, 0x0,
    0x6f, 0xff, 0xff, 0xf8, 0xff, 0xff, 0xfe, 0x20,
    0x5, 0xff, 0xff, 0xff, 0xfd, 0x9a, 0xad, 0xff,
    0xd0, 0x5f, 0xff, 0xbd, 0xff, 0xe2, 0x0, 0x0,
    0xcf, 0x44, 0xff, 0xf9, 0x8, 0xfe, 0x20, 0x0,
    0x0, 0x4, 0x4f, 0xff, 0x90, 0x4, 0xd2, 0x0,
    0x0, 0x0, 0x3, 0xff, 0xfa, 0x0, 0x0, 0x10,
    0x0, 0x0, 0x0, 0x3f, 0xff, 0xa1, 0x91, 0x6,
    0xf6, 0x0, 0x0, 0x2, 0xef, 0xfb, 0xc, 0xfc,
    0x8, 0xff, 0x60, 0xef, 0xff, 0xff, 0xb0, 0x1d,
    0xff, 0xff, 0xff, 0xf6, 0xff, 0xff, 0xfc, 0x0,
    0x2, 0xef, 0xff, 0xff, 0xfe, 0xdd, 0xdd, 0xb0,
    0x0, 0x0, 0x2d, 0xde, 0xff, 0xf5, 0x0, 0x0,
    0x0, 0x0, 0x0, 0x0, 0x8, 0xff, 0x50, 0x0,
    0x0, 0x0, 0x0, 0x0, 0x0, 0x6, 0xf5, 0x0,
    0x0, 0x0, 0x0, 0x0, 0x0, 0x0, 0x0, 0x0,
    0x0,

    /* U+F077 "" */
    0x0, 0x0, 0x0, 0x4, 0x20, 0x0, 0x0, 0x0,
    0x0, 0x0, 0x0, 0x5f, 0xe2, 0x0, 0x0, 0x0,
    0x0, 0x0, 0x5, 0xff, 0xfe, 0x20, 0x0, 0x0,
    0x0, 0x0, 0x5f, 0xff, 0xff, 0xe3, 0x0, 0x0,
    0x0, 0x6, 0xff, 0xfa, 0xcf, 0xfe, 0x30, 0x0,
    0x0, 0x6f, 0xff, 0x90, 0xc, 0xff, 0xe3, 0x0,
    0x6, 0xff, 0xf9, 0x0, 0x0, 0xcf, 0xfe, 0x30,
    0x5f, 0xff, 0x90, 0x0, 0x0, 0xc, 0xff, 0xe2,
    0xaf, 0xf9, 0x0, 0x0, 0x0, 0x0, 0xcf, 0xf6,
    0x1b, 0x80, 0x0, 0x0, 0x0, 0x0, 0xb, 0x90,

    /* U+F078 "" */
    0x3, 0x20, 0x0, 0x0, 0x0, 0x0, 0x3, 0x20,
    0x6f, 0xe2, 0x0, 0x0, 0x0, 0x0, 0x5f, 0xf2,
    0xaf, 0xfe, 0x30, 0x0, 0x0, 0x5, 0xff, 0xf6,
    0x1c, 0xff, 0xe3, 0x0, 0x0, 0x5f, 0xff, 0x90,
    0x1, 0xcf, 0xfe, 0x30, 0x5, 0xff, 0xf9, 0x0,
    0x0, 0x1c, 0xff, 0xe3, 0x5f, 0xff, 0x90, 0x0,
    0x0, 0x1, 0xcf, 0xff, 0xff, 0xf9, 0x0, 0x0,
    0x0, 0x0, 0x1c, 0xff, 0xff, 0x90, 0x0, 0x0,
    0x0, 0x0, 0x1, 0xcf, 0xf9, 0x0, 0x0, 0x0,
    0x0, 0x0, 0x0, 0x1b, 0x90, 0x0, 0x0, 0x0,

    /* U+F079 "" */
    0x0, 0x0, 0x26, 0x0, 0x0, 0x0, 0x0, 0x0,
    0x0, 0x0, 0x0, 0x0, 0x0, 0x2, 0xef, 0xa0,
    0x0, 0x44, 0x44, 0x44, 0x44, 0x42, 0x0, 0x0,
    0x0, 0x2e, 0xff, 0xfa, 0x4, 0xff, 0xff, 0xff,
    0xff, 0xfd, 0x0, 0x0, 0x3, 0xef, 0xff, 0xff,
    0xa0, 0xaf, 0xff, 0xff, 0xff, 0xfe, 0x0, 0x0,
    0xe, 0xfd, 0xef, 0xcf, 0xf8, 0x0, 0x0, 0x0,
    0x5, 0xfe, 0x0, 0x0, 0xb, 0xe2, 0xdf, 0x67,
    0xf5, 0x0, 0x0, 0x0, 0x5, 0xfe, 0x0, 0x0,
    0x0, 0x0, 0xdf, 0x60, 0x0, 0x0, 0x0, 0x0,
    0x5, 0xfe, 0x0, 0x0, 0x0, 0x0, 0xdf, 0x60,
    0x0, 0x0, 0x0, 0x0, 0x5, 0xfe, 0x0, 0x0,
    0x0, 0x0, 0xdf, 0x60, 0x0, 0x0, 0x0, 0x4,
    0x15, 0xfe, 0x3, 0x20, 0x0, 0x0, 0xdf, 0x60,
    0x0, 0x0, 0x0, 0x6f, 0xd6, 0xfe, 0x4f, 0xf1,
    0x0, 0x0, 0xdf, 0x94, 0x44, 0x44, 0x41, 0x3f,
    0xff, 0xff, 0xff, 0xc0, 0x0, 0x0, 0xdf, 0xff,
    0xff, 0xff, 0xff, 0x24, 0xff, 0xff, 0xfc, 0x10,
    0x0, 0x0, 0x9f, 0xff, 0xff, 0xff, 0xfe, 0x30,
    0x4f, 0xff, 0xc0, 0x0, 0x0, 0x0, 0x0, 0x0,
    0x0, 0x0, 0x0, 0x0, 0x4, 0xfc, 0x0, 0x0,
    0x0, 0x0, 0x0, 0x0, 0x0, 0x0, 0x0, 0x0,
    0x0, 0x10, 0x0, 0x0,

    /* U+F07B "" */
    0x17, 0x88, 0x88, 0x84, 0x0, 0x0, 0x0, 0x0,
    0x0, 0xcf, 0xff, 0xff, 0xff, 0x50, 0x0, 0x0,
    0x0, 0x0, 0xff, 0xff, 0xff, 0xff, 0xf6, 0x44,
    0x44, 0x44, 0x30, 0xff, 0xff, 0xff, 0xff, 0xff,
    0xff, 0xff, 0xff, 0xfa, 0xff, 0xff, 0xff, 0xff,
    0xff, 0xff, 0xff, 0xff, 0xff, 0xff, 0xff, 0xff,
    0xff, 0xff, 0xff, 0xff, 0xff, 0xff, 0xff, 0xff,
    0xff, 0xff, 0xff, 0xff, 0xff, 0xff, 0xff, 0xff,
    0xff, 0xff, 0xff, 0xff, 0xff, 0xff, 0xff, 0xff,
    0xff, 0xff, 0xff, 0xff, 0xff, 0xff, 0xff, 0xff,
    0xff, 0xff, 0xff, 0xff, 0xff, 0xff, 0xff, 0xff,
    0xff, 0xff, 0xff, 0xff, 0xff, 0xff, 0xff, 0xff,
    0xff, 0xff, 0xff, 0xff, 0xff, 0xff, 0xff, 0xff,
    0xff, 0xff, 0xff, 0xff, 0xff, 0xff, 0xff, 0xff,
    0xff, 0xff, 0xff, 0xff, 0xff, 0x7f, 0xff, 0xff,
    0xff, 0xff, 0xff, 0xff, 0xff, 0xf6,

    /* U+F093 "" */
    0x0, 0x0, 0x0, 0x0, 0x47, 0x0, 0x0, 0x0,
    0x0, 0x0, 0x0, 0x0, 0x4, 0xff, 0x90, 0x0,
    0x0, 0x0, 0x0, 0x0, 0x0, 0x4f, 0xff, 0xf9,
    0x0, 0x0, 0x0, 0x0, 0x0, 0x4, 0xff, 0xff,
    0xff, 0x90, 0x0, 0x0, 0x0, 0x0, 0x4f, 0xff,
    0xff, 0xff, 0xf9, 0x0, 0x0, 0x0, 0x4, 0xff,
    0xff, 0xff, 0xff, 0xff, 0x90, 0x0, 0x0, 0xc,
    0xff, 0xff, 0xff, 0xff, 0xff, 0xf1, 0x0, 0x0,
    0x0, 0x11, 0x2f, 0xff, 0xf7, 0x11, 0x10, 0x0,
    0x0, 0x0, 0x0, 0x1f, 0xff, 0xf6, 0x0, 0x0,
    0x0, 0x0, 0x0, 0x0, 0x1f, 0xff, 0xf6, 0x0,
    0x0, 0x0, 0x0, 0x0, 0x0, 0x1f, 0xff, 0xf6,
    0x0, 0x0, 0x0, 0x0, 0x0, 0x0, 0x1f, 0xff,
    0xf6, 0x0, 0x0, 0x0, 0x24, 0x44, 0x42, 0x1f,
    0xff, 0xf6, 0x24, 0x44, 0x42, 0xff, 0xff, 0xfc,
    0x8, 0xbb, 0xa2, 0xcf, 0xff, 0xff, 0xff, 0xff,
    0xff, 0xa5, 0x55, 0x5a, 0xff, 0xff, 0xff, 0xff,
    0xff, 0xff, 0xff, 0xff, 0xff, 0xff, 0xff, 0xff,
    0xff, 0xff, 0xff, 0xff, 0xff, 0xff, 0x66, 0xc4,
    0xff, 0xdf, 0xff, 0xff, 0xff, 0xff, 0xff, 0xff,
    0xff, 0xfd, 0x0, 0x0, 0x0, 0x0, 0x0, 0x0,
    0x0, 0x0, 0x0,

    /* U+F095 "" */
    0x0, 0x0, 0x0, 0x0, 0x0, 0x0, 0x2, 0xb8,
    0x41, 0x0, 0x0, 0x0, 0x0, 0x0, 0x0, 0x0,
    0x9f, 0xff, 0xfb, 0x0, 0x0, 0x0, 0x0, 0x0,
    0x0, 0x1f, 0xff, 0xff, 0xf0, 0x0, 0x0, 0x0,
    0x0, 0x0, 0x7, 0xff, 0xff, 0xfe, 0x0, 0x0,
    0x0, 0x0, 0x0, 0x0, 0xdf, 0xff, 0xff, 0xc0,
    0x0, 0x0, 0x0, 0x0, 0x0, 0xc, 0xff, 0xff,
    0xf9, 0x0, 0x0, 0x0, 0x0, 0x0, 0x0, 0xa,
    0xff, 0xff, 0x50, 0x0, 0x0, 0x0, 0x0, 0x0,
    0x0, 0xc, 0xff, 0xf1, 0x0, 0x0, 0x0, 0x0,
    0x0, 0x0, 0x3, 0xff, 0xfa, 0x0, 0x0, 0x0,
    0x0, 0x0, 0x0, 0x0, 0xdf, 0xff, 0x20, 0x0,
    0x0, 0x0, 0x0, 0x0, 0x0, 0xaf, 0xff, 0x90,
    0x0, 0x0, 0x4, 0xa5, 0x0, 0x0, 0xaf, 0xff,
    0xd0, 0x0, 0x0, 0x7d, 0xff, 0xf4, 0x2, 0xcf,
    0xff, 0xe2, 0x0, 0x0, 0xdf, 0xff, 0xff, 0xe9,
    0xff, 0xff, 0xf3, 0x0, 0x0, 0xd, 0xff, 0xff,
    0xff, 0xff, 0xff, 0xe2, 0x0, 0x0, 0x0, 0x9f,
    0xff, 0xff, 0xff, 0xff, 0xa1, 0x0, 0x0, 0x0,
    0x6, 0xff, 0xff, 0xff, 0xfc, 0x40, 0x0, 0x0,
    0x0, 0x0, 0x2f, 0xff, 0xfd, 0x83, 0x0, 0x0,
    0x0, 0x0, 0x0, 0x0, 0x23, 0x20, 0x0, 0x0,
    0x0, 0x0, 0x0, 0x0, 0x0,

    /* U+F0C4 "" */
    0x0, 0x35, 0x20, 0x0, 0x0, 0x0, 0x0, 0x0,
    0x1c, 0xff, 0xfa, 0x0, 0x0, 0x1, 0x9c, 0xa1,
    0xaf, 0xfe, 0xff, 0x60, 0x0, 0x2e, 0xff, 0xf9,
    0xef, 0x60, 0xaf, 0xb0, 0x3, 0xef, 0xff, 0xb0,
    0xef, 0x92, 0xcf, 0x90, 0x3e, 0xff, 0xfa, 0x0,
    0x7f, 0xff, 0xff, 0xe6, 0xff, 0xff, 0xa0, 0x0,
    0x8, 0xff, 0xff, 0xff, 0xff, 0xfa, 0x0, 0x0,
    0x0, 0x1, 0xcf, 0xff, 0xff, 0xa0, 0x0, 0x0,
    0x0, 0x0, 0x3f, 0xff, 0xff, 0x10, 0x0, 0x0,
    0x0, 0x36, 0xef, 0xff, 0xff, 0xd1, 0x0, 0x0,
    0x1c, 0xff, 0xff, 0xff, 0xff, 0xfd, 0x10, 0x0,
    0xaf, 0xfe, 0xff, 0xc2, 0xdf, 0xff, 0xd1, 0x0,
    0xef, 0x60, 0xaf, 0xa0, 0x1c, 0xff, 0xfe, 0x20,
    0xef, 0x92, 0xcf, 0xa0, 0x0, 0xcf, 0xff, 0xe2,
    0x7f, 0xff, 0xff, 0x40, 0x0, 0xb, 0xff, 0xf9,
    0x8, 0xff, 0xe5, 0x0, 0x0, 0x0, 0x58, 0x50,
    0x0, 0x1, 0x0, 0x0, 0x0, 0x0, 0x0, 0x0,

    /* U+F0C5 "" */
    0x0, 0x0, 0x6f, 0xff, 0xff, 0xf1, 0x68, 0x0,
    0x0, 0x0, 0xaf, 0xff, 0xff, 0xf1, 0x7f, 0x80,
    0x0, 0x0, 0xaf, 0xff, 0xff, 0xf1, 0x7f, 0xf8,
    0x36, 0x62, 0xaf, 0xff, 0xff, 0xf1, 0x36, 0x66,
    0xff, 0xf6, 0xaf, 0xff, 0xff, 0xf6, 0x22, 0x22,
    0xff, 0xf6, 0xaf, 0xff, 0xff, 0xff, 0xff, 0xfe,
    0xff, 0xf6, 0xaf, 0xff, 0xff, 0xff, 0xff, 0xfe,
    0xff, 0xf6, 0xaf, 0xff, 0xff, 0xff, 0xff, 0xfe,
    0xff, 0xf6, 0xaf, 0xff, 0xff, 0xff, 0xff, 0xfe,
    0xff, 0xf6, 0xaf, 0xff, 0xff, 0xff, 0xff, 0xfe,
    0xff, 0xf6, 0xaf, 0xff, 0xff, 0xff, 0xff, 0xfe,
    0xff, 0xf6, 0xaf, 0xff, 0xff, 0xff, 0xff, 0xfe,
    0xff, 0xf6, 0xaf, 0xff, 0xff, 0xff, 0xff, 0xfe,
    0xff, 0xf6, 0xaf, 0xff, 0xff, 0xff, 0xff, 0xfe,
    0xff, 0xf7, 0x6f, 0xff, 0xff, 0xff, 0xff, 0xfa,
    0xff, 0xfe, 0x30, 0x0, 0x0, 0x0, 0x0, 0x0,
    0xff, 0xff, 0xff, 0xff, 0xff, 0xf1, 0x0, 0x0,
    0xef, 0xff, 0xff, 0xff, 0xff, 0xf0, 0x0, 0x0,
    0x14, 0x44, 0x44, 0x44, 0x44, 0x20, 0x0, 0x0,

    /* U+F0C7 "" */
    0x5, 0x66, 0x66, 0x66, 0x66, 0x64, 0x0, 0x0,
    0xcf, 0xff, 0xff, 0xff, 0xff, 0xff, 0x90, 0x0,
    0xff, 0xed, 0xdd, 0xdd, 0xdd, 0xef, 0xf9, 0x0,
    0xff, 0x40, 0x0, 0x0, 0x0, 0xf, 0xff, 0x90,
    0xff, 0x40, 0x0, 0x0, 0x0, 0xe, 0xff, 0xf6,
    0xff, 0x40, 0x0, 0x0, 0x0, 0xe, 0xff, 0xf9,
    0xff, 0x40, 0x0, 0x0, 0x0, 0xf, 0xff, 0xf9,
    0xff, 0xff, 0xff, 0xff, 0xff, 0xff, 0xff, 0xf9,
    0xff, 0xff, 0xff, 0xff, 0xff, 0xff, 0xff, 0xf9,
    0xff, 0xff, 0xff, 0xc5, 0x7f, 0xff, 0xff, 0xf9,
    0xff, 0xff, 0xfe, 0x0, 0x5, 0xff, 0xff, 0xf9,
    0xff, 0xff, 0xfa, 0x0, 0x1, 0xff, 0xff, 0xf9,
    0xff, 0xff, 0xfd, 0x0, 0x4, 0xff, 0xff, 0xf9,
    0xff, 0xff, 0xff, 0x93, 0x4d, 0xff, 0xff, 0xf9,
    0xff, 0xff, 0xff, 0xff, 0xff, 0xff, 0xff, 0xf8,
    0x8f, 0xff, 0xff, 0xff, 0xff, 0xff, 0xff, 0xe3,
    0x1, 0x22, 0x22, 0x22, 0x22, 0x22, 0x21, 0x0,

    /* U+F0C9 "" */
    0x79, 0x99, 0x99, 0x99, 0x99, 0x99, 0x99, 0x95,
    0xff, 0xff, 0xff, 0xff, 0xff, 0xff, 0xff, 0xfc,
    0xdf, 0xff, 0xff, 0xff, 0xff, 0xff, 0xff, 0xfa,
    0x0, 0x0, 0x0, 0x0, 0x0, 0x0, 0x0, 0x0,
    0x0, 0x0, 0x0, 0x0, 0x0, 0x0, 0x0, 0x0,
    0x0, 0x0, 0x0, 0x0, 0x0, 0x0, 0x0, 0x0,
    0xef, 0xff, 0xff, 0xff, 0xff, 0xff, 0xff, 0xfa,
    0xff, 0xff, 0xff, 0xff, 0xff, 0xff, 0xff, 0xfb,
    0x68, 0x88, 0x88, 0x88, 0x88, 0x88, 0x88, 0x84,
    0x0, 0x0, 0x0, 0x0, 0x0, 0x0, 0x0, 0x0,
    0x0, 0x0, 0x0, 0x0, 0x0, 0x0, 0x0, 0x0,
    0x67, 0x77, 0x77, 0x77, 0x77, 0x77, 0x77, 0x74,
    0xff, 0xff, 0xff, 0xff, 0xff, 0xff, 0xff, 0xfb,
    0xef, 0xff, 0xff, 0xff, 0xff, 0xff, 0xff, 0xfa,
    0x0, 0x0, 0x0, 0x0, 0x0, 0x0, 0x0, 0x0,

    /* U+F0E0 "" */
    0x3, 0x44, 0x44, 0x44, 0x44, 0x44, 0x44, 0x44,
    0x30, 0xaf, 0xff, 0xff, 0xff, 0xff, 0xff, 0xff,
    0xff, 0xfa, 0xff, 0xff, 0xff, 0xff, 0xff, 0xff,
    0xff, 0xff, 0xff, 0xcf, 0xff, 0xff, 0xff, 0xff,
    0xff, 0xff, 0xff, 0xfc, 0xa, 0xff, 0xff, 0xff,
    0xff, 0xff, 0xff, 0xff, 0xa0, 0xa1, 0x6f, 0xff,
    0xff, 0xff, 0xff, 0xff, 0xf6, 0x3d, 0xfe, 0x42,
    0xdf, 0xff, 0xff, 0xff, 0xfd, 0x26, 0xff, 0xff,
    0xf9, 0x19, 0xff, 0xff, 0xff, 0x91, 0xbf, 0xff,
    0xff, 0xff, 0xd3, 0x5f, 0xff, 0xe5, 0x4e, 0xff,
    0xff, 0xff, 0xff, 0xff, 0x71, 0x99, 0x17, 0xff,
    0xff, 0xff, 0xff, 0xff, 0xff, 0xfd, 0x77, 0xdf,
    0xff, 0xff, 0xff, 0xff, 0xff, 0xff, 0xff, 0xff,
    0xff, 0xff, 0xff, 0xff, 0xff, 0xff, 0xff, 0xff,
    0xff, 0xff, 0xff, 0xff, 0xff, 0x7f, 0xff, 0xff,
    0xff, 0xff, 0xff, 0xff, 0xff, 0xf6,

    /* U+F0E7 "" */
    0x0, 0xaf, 0xff, 0xff, 0xa0, 0x0, 0x0, 0xf,
    0xff, 0xff, 0xfb, 0x0, 0x0, 0x1, 0xff, 0xff,
    0xff, 0x60, 0x0, 0x0, 0x3f, 0xff, 0xff, 0xf1,
    0x0, 0x0, 0x5, 0xff, 0xff, 0xfb, 0x0, 0x0,
    0x0, 0x8f, 0xff, 0xff, 0xa5, 0x55, 0x40, 0xa,
    0xff, 0xff, 0xff, 0xff, 0xff, 0x30, 0xcf, 0xff,
    0xff, 0xff, 0xff, 0xc0, 0xe, 0xff, 0xff, 0xff,
    0xff, 0xf3, 0x0, 0xef, 0xff, 0xff, 0xff, 0xfa,
    0x0, 0x1, 0x22, 0x23, 0xff, 0xff, 0x10, 0x0,
    0x0, 0x0, 0x4f, 0xff, 0x70, 0x0, 0x0, 0x0,
    0x8, 0xff, 0xe0, 0x0, 0x0, 0x0, 0x0, 0xcf,
    0xf5, 0x0, 0x0, 0x0, 0x0, 0xf, 0xfc, 0x0,
    0x0, 0x0, 0x0, 0x3, 0xff, 0x30, 0x0, 0x0,
    0x0, 0x0, 0x7f, 0x90, 0x0, 0x0, 0x0, 0x0,
    0x7, 0xe1, 0x0, 0x0, 0x0, 0x0, 0x0, 0x0,
    0x0, 0x0, 0x0, 0x0,

    /* U+F0EA "" */
    0x0, 0x0, 0x8d, 0x90, 0x0, 0x0, 0x0, 0x0,
    0x8b, 0xbc, 0xfa, 0xfd, 0xbb, 0x90, 0x0, 0x0,
    0xff, 0xff, 0xd0, 0xcf, 0xff, 0xf1, 0x0, 0x0,
    0xff, 0xff, 0xf8, 0xff, 0xff, 0xf1, 0x0, 0x0,
    0xff, 0xff, 0xff, 0xff, 0xff, 0xf1, 0x0, 0x0,
    0xff, 0xff, 0xf3, 0x0, 0x0, 0x0, 0x0, 0x0,
    0xff, 0xff, 0x95, 0xff, 0xff, 0xf1, 0x79, 0x0,
    0xff, 0xff, 0x88, 0xff, 0xff, 0xf1, 0x7f, 0xb0,
    0xff, 0xff, 0x88, 0xff, 0xff, 0xf1, 0x7f, 0xfa,
    0xff, 0xff, 0x88, 0xff, 0xff, 0xf2, 0x2, 0x21,
    0xff, 0xff, 0x88, 0xff, 0xff, 0xff, 0xdd, 0xdc,
    0xff, 0xff, 0x88, 0xff, 0xff, 0xff, 0xff, 0xfe,
    0xff, 0xff, 0x88, 0xff, 0xff, 0xff, 0xff, 0xfe,
    0xff, 0xff, 0x88, 0xff, 0xff, 0xff, 0xff, 0xfe,
    0x7a, 0xaa, 0x58, 0xff, 0xff, 0xff, 0xff, 0xfe,
    0x0, 0x0, 0x8, 0xff, 0xff, 0xff, 0xff, 0xfe,
    0x0, 0x0, 0x8, 0xff, 0xff, 0xff, 0xff, 0xfe,
    0x0, 0x0, 0x6, 0xff, 0xff, 0xff, 0xff, 0xfc,
    0x0, 0x0, 0x0, 0x0, 0x0, 0x0, 0x0, 0x0,

    /* U+F0F3 "" */
    0x0, 0x0, 0x0, 0x8, 0x60, 0x0, 0x0, 0x0,
    0x0, 0x0, 0x0, 0x3f, 0xf0, 0x0, 0x0, 0x0,
    0x0, 0x0, 0x6, 0xcf, 0xfa, 0x40, 0x0, 0x0,
    0x0, 0x1, 0xcf, 0xff, 0xff, 0xf9, 0x0, 0x0,
    0x0, 0xc, 0xff, 0xff, 0xff, 0xff, 0x80, 0x0,
    0x0, 0x5f, 0xff, 0xff, 0xff, 0xff, 0xf1, 0x0,
    0x0, 0x9f, 0xff, 0xff, 0xff, 0xff, 0xf5, 0x0,
    0x0, 0xbf, 0xff, 0xff, 0xff, 0xff, 0xf7, 0x0,
    0x0, 0xcf, 0xff, 0xff, 0xff, 0xff, 0xf8, 0x0,
    0x0, 0xef, 0xff, 0xff, 0xff, 0xff, 0xfa, 0x0,
    0x2, 0xff, 0xff, 0xff, 0xff, 0xff, 0xfe, 0x0,
    0x8, 0xff, 0xff, 0xff, 0xff, 0xff, 0xff, 0x40,
    0x3f, 0xff, 0xff, 0xff, 0xff, 0xff, 0xff, 0xd1,
    0xef, 0xff, 0xff, 0xff, 0xff, 0xff, 0xff, 0xfa,
    0xaf, 0xff, 0xff, 0xff, 0xff, 0xff, 0xff, 0xf7,
    0x0, 0x0, 0x0, 0x0, 0x0, 0x0, 0x0, 0x0,
    0x0, 0x0, 0x4, 0xff, 0xff, 0x0, 0x0, 0x0,
    0x0, 0x0, 0x0, 0xbf, 0xf7, 0x0, 0x0, 0x0,
    0x0, 0x0, 0x0, 0x2, 0x10, 0x0, 0x0, 0x0,

    /* U+F11C "" */
    0x4, 0x44, 0x44, 0x44, 0x44, 0x44, 0x44, 0x44,
    0x44, 0x41, 0xb, 0xff, 0xff, 0xff, 0xff, 0xff,
    0xff, 0xff, 0xff, 0xff, 0xe0, 0xff, 0xff, 0xff,
    0xff, 0xff, 0xff, 0xff, 0xff, 0xff, 0xff, 0x3f,
    0xf4, 0x4, 0xd0, 0x2f, 0x0, 0xf3, 0x3, 0xf0,
    0xf, 0xf4, 0xff, 0x40, 0x5d, 0x2, 0xf0, 0xf,
    0x40, 0x4f, 0x0, 0xff, 0x4f, 0xff, 0xff, 0xff,
    0xff, 0xff, 0xff, 0xff, 0xff, 0xff, 0xf4, 0xff,
    0xff, 0x22, 0xb7, 0x29, 0xa2, 0x4f, 0x42, 0xcf,
    0xff, 0x4f, 0xff, 0xf0, 0xa, 0x60, 0x79, 0x2,
    0xf2, 0xb, 0xff, 0xf4, 0xff, 0xff, 0xdd, 0xfe,
    0xdf, 0xfd, 0xef, 0xed, 0xff, 0xff, 0x4f, 0xf8,
    0x48, 0xe4, 0x44, 0x44, 0x44, 0x47, 0xf4, 0x5f,
    0xf4, 0xff, 0x40, 0x4d, 0x0, 0x0, 0x0, 0x0,
    0x3e, 0x0, 0xff, 0x4f, 0xf7, 0x48, 0xe4, 0x44,
    0x44, 0x44, 0x47, 0xf4, 0x4f, 0xf4, 0xff, 0xff,
    0xff, 0xff, 0xff, 0xff, 0xff, 0xff, 0xff, 0xff,
    0x37, 0xff, 0xff, 0xff, 0xff, 0xff, 0xff, 0xff,
    0xff, 0xff, 0xa0,

    /* U+F124 "" */
    0x0, 0x0, 0x0, 0x0, 0x0, 0x0, 0x0, 0x0,
    0x0, 0x0, 0x0, 0x0, 0x0, 0x0, 0x0, 0x0,
    0x0, 0x1, 0x8b, 0x30, 0x0, 0x0, 0x0, 0x0,
    0x0, 0x0, 0x2, 0xaf, 0xff, 0xd0, 0x0, 0x0,
    0x0, 0x0, 0x0, 0x3, 0xbf, 0xff, 0xff, 0xd0,
    0x0, 0x0, 0x0, 0x0, 0x5, 0xcf, 0xff, 0xff,
    0xff, 0x70, 0x0, 0x0, 0x0, 0x6, 0xdf, 0xff,
    0xff, 0xff, 0xfe, 0x0, 0x0, 0x0, 0x17, 0xef,
    0xff, 0xff, 0xff, 0xff, 0xf8, 0x0, 0x0, 0x29,
    0xff, 0xff, 0xff, 0xff, 0xff, 0xff, 0xf1, 0x0,
    0x7, 0xff, 0xff, 0xff, 0xff, 0xff, 0xff, 0xff,
    0x90, 0x0, 0xf, 0xff, 0xff, 0xff, 0xff, 0xff,
    0xff, 0xff, 0x20, 0x0, 0xb, 0xff, 0xff, 0xff,
    0xff, 0xff, 0xff, 0xfb, 0x0, 0x0, 0x0, 0x56,
    0x66, 0x66, 0x7f, 0xff, 0xff, 0xf3, 0x0, 0x0,
    0x0, 0x0, 0x0, 0x0, 0x2f, 0xff, 0xff, 0xc0,
    0x0, 0x0, 0x0, 0x0, 0x0, 0x0, 0x2f, 0xff,
    0xff, 0x50, 0x0, 0x0, 0x0, 0x0, 0x0, 0x0,
    0x2f, 0xff, 0xfd, 0x0, 0x0, 0x0, 0x0, 0x0,
    0x0, 0x0, 0x2f, 0xff, 0xf6, 0x0, 0x0, 0x0,
    0x0, 0x0, 0x0, 0x0, 0x2f, 0xff, 0xe0, 0x0,
    0x0, 0x0, 0x0, 0x0, 0x0, 0x0, 0x1f, 0xff,
    0x70, 0x0, 0x0, 0x0, 0x0, 0x0, 0x0, 0x0,
    0xc, 0xfd, 0x0, 0x0, 0x0, 0x0, 0x0, 0x0,
    0x0, 0x0, 0x0, 0x30, 0x0, 0x0, 0x0, 0x0,

    /* U+F15B "" */
    0x58, 0x88, 0x88, 0x87, 0x6, 0x0, 0x0, 0xff,
    0xff, 0xff, 0xfe, 0xf, 0x90, 0x0, 0xff, 0xff,
    0xff, 0xfe, 0xf, 0xf9, 0x0, 0xff, 0xff, 0xff,
    0xfe, 0xf, 0xff, 0x90, 0xff, 0xff, 0xff, 0xfe,
    0xf, 0xff, 0xf5, 0xff, 0xff, 0xff, 0xff, 0x32,
    0x22, 0x21, 0xff, 0xff, 0xff, 0xff, 0xff, 0xff,
    0xf8, 0xff, 0xff, 0xff, 0xff, 0xff, 0xff, 0xf8,
    0xff, 0xff, 0xff, 0xff, 0xff, 0xff, 0xf8, 0xff,
    0xff, 0xff, 0xff, 0xff, 0xff, 0xf8, 0xff, 0xff,
    0xff, 0xff, 0xff, 0xff, 0xf8, 0xff, 0xff, 0xff,
    0xff, 0xff, 0xff, 0xf8, 0xff, 0xff, 0xff, 0xff,
    0xff, 0xff, 0xf8, 0xff, 0xff, 0xff, 0xff, 0xff,
    0xff, 0xf8, 0xff, 0xff, 0xff, 0xff, 0xff, 0xff,
    0xf8, 0xff, 0xff, 0xff, 0xff, 0xff, 0xff, 0xf8,
    0xff, 0xff, 0xff, 0xff, 0xff, 0xff, 0xf8, 0xef,
    0xff, 0xff, 0xff, 0xff, 0xff, 0xf6, 0x14, 0x44,
    0x44, 0x44, 0x44, 0x44, 0x30,

    /* U+F1EB "" */
    0x0, 0x0, 0x0, 0x0, 0x0, 0x0, 0x0, 0x0,
    0x0, 0x0, 0x0, 0x0, 0x0, 0x0, 0x0, 0x36,
    0x89, 0xa9, 0x74, 0x10, 0x0, 0x0, 0x0, 0x0,
    0x0, 0x29, 0xef, 0xff, 0xff, 0xff, 0xff, 0xc6,
    0x0, 0x0, 0x0, 0x1, 0xaf, 0xff, 0xff, 0xff,
    0xff, 0xff, 0xff, 0xfe, 0x60, 0x0, 0x6, 0xff,
    0xff, 0xfc, 0x75, 0x43, 0x46, 0x9e, 0xff, 0xff,
    0xb1, 0x8, 0xff, 0xfe, 0x71, 0x0, 0x0, 0x0,
    0x0, 0x3, 0xcf, 0xff, 0xe2, 0xcf, 0xfa, 0x10,
    0x0, 0x0, 0x0, 0x0, 0x0, 0x0, 0x4e, 0xff,
    0x40, 0xb6, 0x0, 0x0, 0x59, 0xde, 0xfe, 0xc7,
    0x20, 0x0, 0x1b, 0x50, 0x0, 0x0, 0x5, 0xdf,
    0xff, 0xff, 0xff, 0xff, 0xa1, 0x0, 0x0, 0x0,
    0x0, 0x9, 0xff, 0xff, 0xfe, 0xde, 0xff, 0xff,
    0xe3, 0x0, 0x0, 0x0, 0x0, 0xdf, 0xfc, 0x40,
    0x0, 0x2, 0x8f, 0xff, 0x50, 0x0, 0x0, 0x0,
    0x1, 0xb6, 0x0, 0x0, 0x0, 0x0, 0x1b, 0x60,
    0x0, 0x0, 0x0, 0x0, 0x0, 0x0, 0x0, 0x35,
    0x0, 0x0, 0x0, 0x0, 0x0, 0x0, 0x0, 0x0,
    0x0, 0x0, 0x7f, 0xfe, 0x10, 0x0, 0x0, 0x0,
    0x0, 0x0, 0x0, 0x0, 0x0, 0xe, 0xff, 0xf6,
    0x0, 0x0, 0x0, 0x0, 0x0, 0x0, 0x0, 0x0,
    0x0, 0xdf, 0xff, 0x50, 0x0, 0x0, 0x0, 0x0,
    0x0, 0x0, 0x0, 0x0, 0x4, 0xff, 0xb0, 0x0,
    0x0, 0x0, 0x0, 0x0, 0x0, 0x0, 0x0, 0x0,
    0x0, 0x10, 0x0, 0x0, 0x0, 0x0, 0x0,

    /* U+F240 "" */
    0x4, 0x44, 0x44, 0x44, 0x44, 0x44, 0x44, 0x44,
    0x44, 0x44, 0x10, 0xa, 0xff, 0xff, 0xff, 0xff,
    0xff, 0xff, 0xff, 0xff, 0xff, 0xfe, 0x10, 0xff,
    0xff, 0xff, 0xff, 0xff, 0xff, 0xff, 0xff, 0xff,
    0xff, 0xf5, 0xf, 0xf4, 0x0, 0x0, 0x0, 0x0,
    0x0, 0x0, 0x0, 0x0, 0xff, 0xf3, 0xff, 0x4a,
    0xff, 0xff, 0xff, 0xff, 0xff, 0xff, 0xff, 0xf,
    0xff, 0x5f, 0xf4, 0xaf, 0xff, 0xff, 0xff, 0xff,
    0xff, 0xff, 0xf0, 0x3f, 0xf5, 0xff, 0x4a, 0xff,
    0xff, 0xff, 0xff, 0xff, 0xff, 0xff, 0x0, 0xef,
    0x5f, 0xf4, 0xaf, 0xff, 0xff, 0xff, 0xff, 0xff,
    0xff, 0xf0, 0x8f, 0xf5, 0xff, 0x45, 0x88, 0x88,
    0x88, 0x88, 0x88, 0x88, 0x88, 0xf, 0xff, 0x5f,
    0xf7, 0x44, 0x44, 0x44, 0x44, 0x44, 0x44, 0x44,
    0x45, 0xff, 0xc1, 0xff, 0xff, 0xff, 0xff, 0xff,
    0xff, 0xff, 0xff, 0xff, 0xff, 0xf5, 0x6, 0xef,
    0xff, 0xff, 0xff, 0xff, 0xff, 0xff, 0xff, 0xff,
    0xfb, 0x0,

    /* U+F241 "" */
    0x4, 0x44, 0x44, 0x44, 0x44, 0x44, 0x44, 0x44,
    0x44, 0x44, 0x10, 0xa, 0xff, 0xff, 0xff, 0xff,
    0xff, 0xff, 0xff, 0xff, 0xff, 0xfe, 0x10, 0xff,
    0xff, 0xff, 0xff, 0xff, 0xff, 0xff, 0xff, 0xff,
    0xff, 0xf5, 0xf, 0xf4, 0x0, 0x0, 0x0, 0x0,
    0x0, 0x0, 0x0, 0x0, 0xff, 0xf3, 0xff, 0x4d,
    0xff, 0xff, 0xff, 0xff, 0xff, 0x60, 0x0, 0xf,
    0xff, 0x5f, 0xf4, 0xdf, 0xff, 0xff, 0xff, 0xff,
    0xf6, 0x0, 0x0, 0x3f, 0xf5, 0xff, 0x4d, 0xff,
    0xff, 0xff, 0xff, 0xff, 0x60, 0x0, 0x0, 0xef,
    0x5f, 0xf4, 0xdf, 0xff, 0xff, 0xff, 0xff, 0xf6,
    0x0, 0x0, 0x8f, 0xf5, 0xff, 0x46, 0x88, 0x88,
    0x88, 0x88, 0x88, 0x30, 0x0, 0xf, 0xff, 0x5f,
    0xf7, 0x44, 0x44, 0x44, 0x44, 0x44, 0x44, 0x44,
    0x45, 0xff, 0xc1, 0xff, 0xff, 0xff, 0xff, 0xff,
    0xff, 0xff, 0xff, 0xff, 0xff, 0xf5, 0x6, 0xef,
    0xff, 0xff, 0xff, 0xff, 0xff, 0xff, 0xff, 0xff,
    0xfb, 0x0,

    /* U+F242 "" */
    0x4, 0x44, 0x44, 0x44, 0x44, 0x44, 0x44, 0x44,
    0x44, 0x44, 0x10, 0xa, 0xff, 0xff, 0xff, 0xff,
    0xff, 0xff, 0xff, 0xff, 0xff, 0xfe, 0x10, 0xff,
    0xff, 0xff, 0xff, 0xff, 0xff, 0xff, 0xff, 0xff,
    0xff, 0xf5, 0xf, 0xf4, 0x0, 0x0, 0x0, 0x0,
    0x0, 0x0, 0x0, 0x0, 0xff, 0xf3, 0xff, 0x4c,
    0xff, 0xff, 0xff, 0xf1, 0x0, 0x0, 0x0, 0xf,
    0xff, 0x5f, 0xf4, 0xcf, 0xff, 0xff, 0xff, 0x10,
    0x0, 0x0, 0x0, 0x3f, 0xf5, 0xff, 0x4c, 0xff,
    0xff, 0xff, 0xf1, 0x0, 0x0, 0x0, 0x0, 0xef,
    0x5f, 0xf4, 0xcf, 0xff, 0xff, 0xff, 0x10, 0x0,
    0x0, 0x0, 0x8f, 0xf5, 0xff, 0x46, 0x88, 0x88,
    0x88, 0x80, 0x0, 0x0, 0x0, 0xf, 0xff, 0x5f,
    0xf7, 0x44, 0x44, 0x44, 0x44, 0x44, 0x44, 0x44,
    0x45, 0xff, 0xc1, 0xff, 0xff, 0xff, 0xff, 0xff,
    0xff, 0xff, 0xff, 0xff, 0xff, 0xf5, 0x6, 0xef,
    0xff, 0xff, 0xff, 0xff, 0xff, 0xff, 0xff, 0xff,
    0xfb, 0x0,

    /* U+F243 "" */
    0x4, 0x44, 0x44, 0x44, 0x44, 0x44, 0x44, 0x44,
    0x44, 0x44, 0x10, 0xa, 0xff, 0xff, 0xff, 0xff,
    0xff, 0xff, 0xff, 0xff, 0xff, 0xfe, 0x10, 0xff,
    0xff, 0xff, 0xff, 0xff, 0xff, 0xff, 0xff, 0xff,
    0xff, 0xf5, 0xf, 0xf4, 0x0, 0x0, 0x0, 0x0,
    0x0, 0x0, 0x0, 0x0, 0xff, 0xf3, 0xff, 0x49,
    0xff, 0xfe, 0x0, 0x0, 0x0, 0x0, 0x0, 0xf,
    0xff, 0x5f, 0xf4, 0x9f, 0xff, 0xe0, 0x0, 0x0,
    0x0, 0x0, 0x0, 0x3f, 0xf5, 0xff, 0x49, 0xff,
    0xfe, 0x0, 0x0, 0x0, 0x0, 0x0, 0x0, 0xef,
    0x5f, 0xf4, 0x9f, 0xff, 0xe0, 0x0, 0x0, 0x0,
    0x0, 0x0, 0x8f, 0xf5, 0xff, 0x44, 0x88, 0x87,
    0x0, 0x0, 0x0, 0x0, 0x0, 0xf, 0xff, 0x5f,
    0xf7, 0x44, 0x44, 0x44, 0x44, 0x44, 0x44, 0x44,
    0x45, 0xff, 0xc1, 0xff, 0xff, 0xff, 0xff, 0xff,
    0xff, 0xff, 0xff, 0xff, 0xff, 0xf5, 0x6, 0xef,
    0xff, 0xff, 0xff, 0xff, 0xff, 0xff, 0xff, 0xff,
    0xfb, 0x0,

    /* U+F244 "" */
    0x4, 0x44, 0x44, 0x44, 0x44, 0x44, 0x44, 0x44,
    0x44, 0x44, 0x10, 0xa, 0xff, 0xff, 0xff, 0xff,
    0xff, 0xff, 0xff, 0xff, 0xff, 0xfe, 0x10, 0xff,
    0xff, 0xff, 0xff, 0xff, 0xff, 0xff, 0xff, 0xff,
    0xff, 0xf5, 0xf, 0xf4, 0x0, 0x0, 0x0, 0x0,
    0x0, 0x0, 0x0, 0x0, 0xff, 0xf3, 0xff, 0x40,
    0x0, 0x0, 0x0, 0x0, 0x0, 0x0, 0x0, 0xf,
    0xff, 0x5f, 0xf4, 0x0, 0x0, 0x0, 0x0, 0x0,
    0x0, 0x0, 0x0, 0x3f, 0xf5, 0xff, 0x40, 0x0,
    0x0, 0x0, 0x0, 0x0, 0x0, 0x0, 0x0, 0xef,
    0x5f, 0xf4, 0x0, 0x0, 0x0, 0x0, 0x0, 0x0,
    0x0, 0x0, 0x8f, 0xf5, 0xff, 0x40, 0x0, 0x0,
    0x0, 0x0, 0x0, 0x0, 0x0, 0xf, 0xff, 0x5f,
    0xf7, 0x44, 0x44, 0x44, 0x44, 0x44, 0x44, 0x44,
    0x45, 0xff, 0xc1, 0xff, 0xff, 0xff, 0xff, 0xff,
    0xff, 0xff, 0xff, 0xff, 0xff, 0xf5, 0x6, 0xef,
    0xff, 0xff, 0xff, 0xff, 0xff, 0xff, 0xff, 0xff,
    0xfb, 0x0,

    /* U+F287 "" */
    0x0, 0x0, 0x0, 0x0, 0x0, 0x0, 0x78, 0x10,
    0x0, 0x0, 0x0, 0x0, 0x0, 0x0, 0x0, 0x0,
    0x26, 0x9f, 0xfd, 0x0, 0x0, 0x0, 0x0, 0x0,
    0x0, 0x0, 0x0, 0x4f, 0xef, 0xff, 0xf0, 0x0,
    0x0, 0x0, 0x0, 0x0, 0x0, 0x0, 0xe, 0x80,
    0x2e, 0xf7, 0x0, 0x0, 0x0, 0x0, 0x0, 0x20,
    0x0, 0x6, 0xe0, 0x0, 0x0, 0x0, 0x0, 0x0,
    0x0, 0x3, 0xef, 0xe3, 0x0, 0xd7, 0x0, 0x0,
    0x0, 0x0, 0x2, 0xa1, 0x0, 0xcf, 0xff, 0xd4,
    0x9f, 0x55, 0x55, 0x55, 0x55, 0x55, 0x7f, 0xf7,
    0xf, 0xff, 0xff, 0xff, 0xff, 0xff, 0xff, 0xff,
    0xff, 0xff, 0xff, 0xf5, 0xaf, 0xff, 0xa0, 0x0,
    0xb, 0xb0, 0x0, 0x0, 0x0, 0x3f, 0xb2, 0x0,
    0x9c, 0x90, 0x0, 0x0, 0x3f, 0x30, 0x0, 0x0,
    0x1, 0x50, 0x0, 0x0, 0x0, 0x0, 0x0, 0x0,
    0xbb, 0x2, 0xbb, 0xb5, 0x0, 0x0, 0x0, 0x0,
    0x0, 0x0, 0x0, 0x2, 0xf9, 0x9f, 0xff, 0x80,
    0x0, 0x0, 0x0, 0x0, 0x0, 0x0, 0x0, 0x3,
    0xbd, 0xff, 0xf8, 0x0, 0x0, 0x0, 0x0, 0x0,
    0x0, 0x0, 0x0, 0x0, 0x3f, 0xff, 0x80, 0x0,
    0x0, 0x0, 0x0, 0x0, 0x0, 0x0, 0x0, 0x0,
    0x0, 0x0, 0x0, 0x0, 0x0,

    /* U+F293 "" */
    0x0, 0x1, 0x7b, 0xdd, 0xb8, 0x20, 0x0, 0x0,
    0x5f, 0xff, 0xdf, 0xff, 0xf6, 0x0, 0x4, 0xff,
    0xff, 0x68, 0xff, 0xff, 0x40, 0xe, 0xff, 0xff,
    0x60, 0x8f, 0xff, 0xd0, 0x4f, 0xff, 0xff, 0x60,
    0x9, 0xff, 0xf3, 0x8f, 0xf6, 0xbf, 0x61, 0xc0,
    0x9f, 0xf7, 0xbf, 0xf6, 0xb, 0x60, 0xe2, 0x5f,
    0xf9, 0xdf, 0xff, 0x50, 0x20, 0x33, 0xff, 0xfb,
    0xef, 0xff, 0xf5, 0x0, 0x2e, 0xff, 0xfc, 0xef,
    0xff, 0xfc, 0x0, 0x7f, 0xff, 0xfc, 0xdf, 0xff,
    0xd1, 0x0, 0x9, 0xff, 0xfc, 0xcf, 0xfc, 0x13,
    0x50, 0x90, 0xaf, 0xfb, 0xaf, 0xf2, 0x4f, 0x60,
    0xf3, 0x2f, 0xf9, 0x6f, 0xfd, 0xff, 0x70, 0x52,
    0xef, 0xf6, 0x1f, 0xff, 0xff, 0x70, 0x2e, 0xff,
    0xf1, 0x9, 0xff, 0xff, 0x72, 0xef, 0xff, 0x90,
    0x0, 0xbf, 0xff, 0xae, 0xff, 0xfd, 0x10, 0x0,
    0x5, 0xcf, 0xff, 0xfd, 0x80, 0x0, 0x0, 0x0,
    0x0, 0x11, 0x0, 0x0, 0x0,

    /* U+F2ED "" */
    0x0, 0x0, 0x5, 0x88, 0x88, 0x30, 0x0, 0x0,
    0x56, 0x66, 0x7f, 0xff, 0xff, 0xe6, 0x66, 0x63,
    0xff, 0xff, 0xff, 0xff, 0xff, 0xff, 0xff, 0xfb,
    0xcd, 0xdd, 0xdd, 0xdd, 0xdd, 0xdd, 0xdd, 0xd8,
    0x3, 0x44, 0x44, 0x44, 0x44, 0x44, 0x44, 0x20,
    0xe, 0xff, 0xff, 0xff, 0xff, 0xff, 0xff, 0xa0,
    0xe, 0xff, 0xff, 0xff, 0xff, 0xff, 0xff, 0xa0,
    0xe, 0xff, 0x1f, 0xf6, 0xaf, 0xc4, 0xff, 0xa0,
    0xe, 0xff, 0xf, 0xf5, 0x9f, 0xb3, 0xff, 0xa0,
    0xe, 0xff, 0xf, 0xf5, 0x9f, 0xb3, 0xff, 0xa0,
    0xe, 0xff, 0xf, 0xf5, 0x9f, 0xb3, 0xff, 0xa0,
    0xe, 0xff, 0xf, 0xf5, 0x9f, 0xb3, 0xff, 0xa0,
    0xe, 0xff, 0xf, 0xf5, 0x9f, 0xb3, 0xff, 0xa0,
    0xe, 0xff, 0xf, 0xf5, 0x9f, 0xb3, 0xff, 0xa0,
    0xe, 0xff, 0xf, 0xf5, 0x9f, 0xb3, 0xff, 0xa0,
    0xe, 0xff, 0x1f, 0xf6, 0xaf, 0xc4, 0xff, 0xa0,
    0xd, 0xff, 0xff, 0xff, 0xff, 0xff, 0xff, 0x90,
    0x8, 0xff, 0xff, 0xff, 0xff, 0xff, 0xff, 0x40,
    0x0, 0x24, 0x44, 0x44, 0x44, 0x44, 0x31, 0x0,

    /* U+F304 "" */
    0x0, 0x0, 0x0, 0x0, 0x0, 0x0, 0x0, 0x8a,
    0x30, 0x0, 0x0, 0x0, 0x0, 0x0, 0x0, 0x0,
    0xbf, 0xff, 0x30, 0x0, 0x0, 0x0, 0x0, 0x0,
    0x0, 0xbf, 0xff, 0xff, 0x30, 0x0, 0x0, 0x0,
    0x0, 0x0, 0x34, 0xff, 0xff, 0xfd, 0x0, 0x0,
    0x0, 0x0, 0x0, 0xbf, 0x44, 0xff, 0xff, 0xe0,
    0x0, 0x0, 0x0, 0x0, 0xbf, 0xff, 0x44, 0xff,
    0xf4, 0x0, 0x0, 0x0, 0x0, 0xbf, 0xff, 0xff,
    0x44, 0xf4, 0x0, 0x0, 0x0, 0x0, 0xbf, 0xff,
    0xff, 0xff, 0x41, 0x0, 0x0, 0x0, 0x0, 0xbf,
    0xff, 0xff, 0xff, 0xf4, 0x0, 0x0, 0x0, 0x0,
    0xbf, 0xff, 0xff, 0xff, 0xf4, 0x0, 0x0, 0x0,
    0x0, 0xbf, 0xff, 0xff, 0xff, 0xf4, 0x0, 0x0,
    0x0, 0x0, 0xbf, 0xff, 0xff, 0xff, 0xf4, 0x0,
    0x0, 0x0, 0x0, 0xbf, 0xff, 0xff, 0xff, 0xf4,
    0x0, 0x0, 0x0, 0x0, 0x8f, 0xff, 0xff, 0xff,
    0xf4, 0x0, 0x0, 0x0, 0x0, 0xa, 0xff, 0xff,
    0xff, 0xf4, 0x0, 0x0, 0x0, 0x0, 0x0, 0xcf,
    0xff, 0xff, 0xf4, 0x0, 0x0, 0x0, 0x0, 0x0,
    0xe, 0xff, 0xff, 0xf4, 0x0, 0x0, 0x0, 0x0,
    0x0, 0x0, 0xff, 0xff, 0xd4, 0x0, 0x0, 0x0,
    0x0, 0x0, 0x0, 0x2, 0x31, 0x0, 0x0, 0x0,
    0x0, 0x0, 0x0, 0x0, 0x0,

    /* U+F55A "" */
    0x0, 0x0, 0x0, 0x57, 0x88, 0x88, 0x88, 0x88,
    0x88, 0x88, 0x72, 0x0, 0x0, 0x0, 0xaf, 0xff,
    0xff, 0xff, 0xff, 0xff, 0xff, 0xff, 0xf2, 0x0,
    0x0, 0xbf, 0xff, 0xff, 0xff, 0xff, 0xff, 0xff,
    0xff, 0xff, 0x70, 0x0, 0xbf, 0xff, 0xff, 0xf8,
    0xaf, 0xff, 0xa8, 0xff, 0xff, 0xf8, 0x0, 0xbf,
    0xff, 0xff, 0xfa, 0x0, 0xaf, 0xa0, 0xa, 0xff,
    0xff, 0x80, 0xbf, 0xff, 0xff, 0xff, 0xf3, 0x0,
    0x60, 0x3, 0xff, 0xff, 0xf8, 0xaf, 0xff, 0xff,
    0xff, 0xff, 0xf3, 0x0, 0x3, 0xff, 0xff, 0xff,
    0x8e, 0xff, 0xff, 0xff, 0xff, 0xff, 0x90, 0x0,
    0x9f, 0xff, 0xff, 0xf8, 0x4f, 0xff, 0xff, 0xff,
    0xff, 0xa0, 0x0, 0x0, 0xaf, 0xff, 0xff, 0x80,
    0x4f, 0xff, 0xff, 0xff, 0xb0, 0x3, 0xe3, 0x0,
    0xbf, 0xff, 0xf8, 0x0, 0x4f, 0xff, 0xff, 0xfe,
    0x13, 0xff, 0xf3, 0x1e, 0xff, 0xff, 0x80, 0x0,
    0x4f, 0xff, 0xff, 0xfe, 0xff, 0xff, 0xfe, 0xff,
    0xff, 0xf7, 0x0, 0x0, 0x4f, 0xff, 0xff, 0xff,
    0xff, 0xff, 0xff, 0xff, 0xff, 0x50, 0x0, 0x0,
    0x3d, 0xff, 0xff, 0xff, 0xff, 0xff, 0xff, 0xff,
    0x90,

    /* U+F7C2 "" */
    0x0, 0x1, 0xcf, 0xff, 0xff, 0xfe, 0x60, 0x0,
    0x1c, 0xff, 0xff, 0xff, 0xff, 0xf2, 0x0, 0xcf,
    0x47, 0xf4, 0xd8, 0x4f, 0xf5, 0xc, 0xff, 0x3,
    0xe0, 0xc5, 0xe, 0xf5, 0xcf, 0xff, 0x3, 0xe0,
    0xc5, 0xe, 0xf5, 0xff, 0xff, 0x24, 0xe2, 0xc6,
    0x2e, 0xf5, 0xff, 0xff, 0xff, 0xff, 0xff, 0xff,
    0xf5, 0xff, 0xff, 0xff, 0xff, 0xff, 0xff, 0xf5,
    0xff, 0xff, 0xff, 0xff, 0xff, 0xff, 0xf5, 0xff,
    0xff, 0xff, 0xff, 0xff, 0xff, 0xf5, 0xff, 0xff,
    0xff, 0xff, 0xff, 0xff, 0xf5, 0xff, 0xff, 0xff,
    0xff, 0xff, 0xff, 0xf5, 0xff, 0xff, 0xff, 0xff,
    0xff, 0xff, 0xf5, 0xff, 0xff, 0xff, 0xff, 0xff,
    0xff, 0xf5, 0xff, 0xff, 0xff, 0xff, 0xff, 0xff,
    0xf5, 0xff, 0xff, 0xff, 0xff, 0xff, 0xff, 0xf5,
    0xef, 0xff, 0xff, 0xff, 0xff, 0xff, 0xf3, 0x5f,
    0xff, 0xff, 0xff, 0xff, 0xff, 0xa0, 0x1, 0x34,
    0x44, 0x44, 0x44, 0x42, 0x0,

    /* U+F8A2 "" */
    0x0, 0x0, 0x0, 0x0, 0x0, 0x0, 0x0, 0x0,
    0x3, 0x0, 0x0, 0x0, 0x0, 0x0, 0x0, 0x0,
    0x0, 0x5, 0xf1, 0x0, 0x0, 0x0, 0x0, 0x0,
    0x0, 0x0, 0x5, 0xff, 0x10, 0x0, 0x3e, 0x90,
    0x0, 0x0, 0x0, 0x0, 0xbf, 0xf1, 0x0, 0x4f,
    0xfb, 0x0, 0x0, 0x0, 0x0, 0xb, 0xff, 0x10,
    0x5f, 0xff, 0xb0, 0x0, 0x0, 0x0, 0x0, 0xbf,
    0xf1, 0x6f, 0xff, 0xff, 0xff, 0xff, 0xff, 0xff,
    0xff, 0xff, 0x1d, 0xff, 0xff, 0xff, 0xff, 0xff,
    0xff, 0xff, 0xff, 0xf1, 0x3e, 0xff, 0xfe, 0xcc,
    0xcc, 0xcc, 0xcc, 0xcc, 0xca, 0x0, 0x2e, 0xff,
    0xb0, 0x0, 0x0, 0x0, 0x0, 0x0, 0x0, 0x0,
    0x1d, 0xfb, 0x0, 0x0, 0x0, 0x0, 0x0, 0x0,
    0x0, 0x0, 0x1b, 0x60, 0x0, 0x0, 0x0, 0x0,
    0x0, 0x0
};


/*---------------------
 *  GLYPH DESCRIPTION
 *--------------------*/

static const lv_font_fmt_txt_glyph_dsc_t glyph_dsc[] = {
    {.bitmap_index = 0, .adv_w = 0, .box_w = 0, .box_h = 0, .ofs_x = 0, .ofs_y = 0} /* id = 0 reserved */,
    {.bitmap_index = 0, .adv_w = 58, .box_w = 0, .box_h = 0, .ofs_x = 0, .ofs_y = 0},
    {.bitmap_index = 0, .adv_w = 115, .box_w = 3, .box_h = 11, .ofs_x = 2, .ofs_y = 1},
    {.bitmap_index = 17, .adv_w = 107, .box_w = 6, .box_h = 5, .ofs_x = 0, .ofs_y = 9},
    {.bitmap_index = 32, .adv_w = 209, .box_w = 11, .box_h = 15, .ofs_x = 1, .ofs_y = -1},
    {.bitmap_index = 115, .adv_w = 166, .box_w = 7, .box_h = 13, .ofs_x = 2, .ofs_y = -1},
    {.bitmap_index = 161, .adv_w = 165, .box_w = 8, .box_h = 14, .ofs_x = 1, .ofs_y = 0},
    {.bitmap_index = 217, .adv_w = 196, .box_w = 10, .box_h = 13, .ofs_x = 2, .ofs_y = -1},
    {.bitmap_index = 282, .adv_w = 77, .box_w = 3, .box_h = 6, .ofs_x = 1, .ofs_y = 9},
    {.bitmap_index = 291, .adv_w = 80, .box_w = 4, .box_h = 14, .ofs_x = 1, .ofs_y = -2},
    {.bitmap_index = 319, .adv_w = 80, .box_w = 4, .box_h = 14, .ofs_x = 1, .ofs_y = -2},
    {.bitmap_index = 347, .adv_w = 124, .box_w = 6, .box_h = 7, .ofs_x = 1, .ofs_y = 7},
    {.bitmap_index = 368, .adv_w = 177, .box_w = 9, .box_h = 10, .ofs_x = 1, .ofs_y = 1},
    {.bitmap_index = 413, .adv_w = 69, .box_w = 3, .box_h = 5, .ofs_x = 0, .ofs_y = -3},
    {.bitmap_index = 421, .adv_w = 123, .box_w = 7, .box_h = 2, .ofs_x = 0, .ofs_y = 5},
    {.bitmap_index = 428, .adv_w = 132, .box_w = 3, .box_h = 3, .ofs_x = 1, .ofs_y = 0},
    {.bitmap_index = 433, .adv_w = 121, .box_w = 6, .box_h = 17, .ofs_x = 1, .ofs_y = -3},
    {.bitmap_index = 484, .adv_w = 125, .box_w = 8, .box_h = 12, .ofs_x = 0, .ofs_y = -1},
    {.bitmap_index = 532, .adv_w = 86, .box_w = 5, .box_h = 13, .ofs_x = 0, .ofs_y = 0},
    {.bitmap_index = 565, .adv_w = 140, .box_w = 8, .box_h = 11, .ofs_x = 0, .ofs_y = 0},
    {.bitmap_index = 609, .adv_w = 114, .box_w = 7, .box_h = 12, .ofs_x = 0, .ofs_y = -1},
    {.bitmap_index = 651, .adv_w = 155, .box_w = 9, .box_h = 13, .ofs_x = 0, .ofs_y = 0},
    {.bitmap_index = 710, .adv_w = 111, .box_w = 7, .box_h = 12, .ofs_x = 0, .ofs_y = -1},
    {.bitmap_index = 752, .adv_w = 116, .box_w = 7, .box_h = 12, .ofs_x = 0, .ofs_y = -1},
    {.bitmap_index = 794, .adv_w = 127, .box_w = 8, .box_h = 12, .ofs_x = 0, .ofs_y = -1},
    {.bitmap_index = 842, .adv_w = 115, .box_w = 7, .box_h = 12, .ofs_x = 0, .ofs_y = -1},
    {.bitmap_index = 884, .adv_w = 114, .box_w = 7, .box_h = 12, .ofs_x = 0, .ofs_y = -1},
    {.bitmap_index = 926, .adv_w = 115, .box_w = 3, .box_h = 9, .ofs_x = 2, .ofs_y = 0},
    {.bitmap_index = 940, .adv_w = 115, .box_w = 3, .box_h = 10, .ofs_x = 2, .ofs_y = -1},
    {.bitmap_index = 955, .adv_w = 153, .box_w = 8, .box_h = 9, .ofs_x = 1, .ofs_y = 1},
    {.bitmap_index = 991, .adv_w = 170, .box_w = 9, .box_h = 7, .ofs_x = 1, .ofs_y = 2},
    {.bitmap_index = 1023, .adv_w = 153, .box_w = 8, .box_h = 9, .ofs_x = 1, .ofs_y = 1},
    {.bitmap_index = 1059, .adv_w = 152, .box_w = 7, .box_h = 11, .ofs_x = 1, .ofs_y = 0},
    {.bitmap_index = 1098, .adv_w = 257, .box_w = 12, .box_h = 13, .ofs_x = 2, .ofs_y = -1},
    {.bitmap_index = 1176, .adv_w = 148, .box_w = 7, .box_h = 10, .ofs_x = 1, .ofs_y = 1},
    {.bitmap_index = 1211, .adv_w = 130, .box_w = 6, .box_h = 10, .ofs_x = 1, .ofs_y = 1},
    {.bitmap_index = 1241, .adv_w = 141, .box_w = 7, .box_h = 10, .ofs_x = 1, .ofs_y = 1},
    {.bitmap_index = 1276, .adv_w = 147, .box_w = 7, .box_h = 10, .ofs_x = 1, .ofs_y = 1},
    {.bitmap_index = 1311, .adv_w = 135, .box_w = 7, .box_h = 10, .ofs_x = 1, .ofs_y = 1},
    {.bitmap_index = 1346, .adv_w = 125, .box_w = 6, .box_h = 10, .ofs_x = 1, .ofs_y = 1},
    {.bitmap_index = 1376, .adv_w = 155, .box_w = 8, .box_h = 10, .ofs_x = 1, .ofs_y = 1},
    {.bitmap_index = 1416, .adv_w = 145, .box_w = 7, .box_h = 10, .ofs_x = 1, .ofs_y = 1},
    {.bitmap_index = 1451, .adv_w = 80, .box_w = 5, .box_h = 11, .ofs_x = 0, .ofs_y = 1},
    {.bitmap_index = 1479, .adv_w = 120, .box_w = 6, .box_h = 10, .ofs_x = 1, .ofs_y = 1},
    {.bitmap_index = 1509, .adv_w = 137, .box_w = 7, .box_h = 10, .ofs_x = 1, .ofs_y = 1},
    {.bitmap_index = 1544, .adv_w = 132, .box_w = 6, .box_h = 11, .ofs_x = 1, .ofs_y = 0},
    {.bitmap_index = 1577, .adv_w = 206, .box_w = 11, .box_h = 10, .ofs_x = 1, .ofs_y = 1},
    {.bitmap_index = 1632, .adv_w = 170, .box_w = 9, .box_h = 10, .ofs_x = 1, .ofs_y = 1},
    {.bitmap_index = 1677, .adv_w = 180, .box_w = 9, .box_h = 10, .ofs_x = 1, .ofs_y = 1},
    {.bitmap_index = 1722, .adv_w = 137, .box_w = 7, .box_h = 10, .ofs_x = 1, .ofs_y = 1},
    {.bitmap_index = 1757, .adv_w = 186, .box_w = 10, .box_h = 10, .ofs_x = 1, .ofs_y = 1},
    {.bitmap_index = 1807, .adv_w = 151, .box_w = 8, .box_h = 10, .ofs_x = 1, .ofs_y = 1},
    {.bitmap_index = 1847, .adv_w = 126, .box_w = 6, .box_h = 10, .ofs_x = 1, .ofs_y = 1},
    {.bitmap_index = 1877, .adv_w = 181, .box_w = 9, .box_h = 10, .ofs_x = 1, .ofs_y = 1},
    {.bitmap_index = 1922, .adv_w = 158, .box_w = 8, .box_h = 10, .ofs_x = 1, .ofs_y = 1},
    {.bitmap_index = 1962, .adv_w = 164, .box_w = 8, .box_h = 10, .ofs_x = 1, .ofs_y = 1},
    {.bitmap_index = 2002, .adv_w = 214, .box_w = 11, .box_h = 10, .ofs_x = 1, .ofs_y = 1},
    {.bitmap_index = 2057, .adv_w = 166, .box_w = 8, .box_h = 10, .ofs_x = 1, .ofs_y = 1},
    {.bitmap_index = 2097, .adv_w = 153, .box_w = 8, .box_h = 10, .ofs_x = 1, .ofs_y = 1},
    {.bitmap_index = 2137, .adv_w = 149, .box_w = 7, .box_h = 10, .ofs_x = 1, .ofs_y = 1},
    {.bitmap_index = 2172, .adv_w = 113, .box_w = 4, .box_h = 15, .ofs_x = 2, .ofs_y = -1},
    {.bitmap_index = 2202, .adv_w = 121, .box_w = 6, .box_h = 17, .ofs_x = 1, .ofs_y = -3},
    {.bitmap_index = 2253, .adv_w = 113, .box_w = 4, .box_h = 15, .ofs_x = 2, .ofs_y = -1},
    {.bitmap_index = 2283, .adv_w = 129, .box_w = 6, .box_h = 6, .ofs_x = 1, .ofs_y = 8},
    {.bitmap_index = 2301, .adv_w = 138, .box_w = 9, .box_h = 2, .ofs_x = 0, .ofs_y = -3},
    {.bitmap_index = 2310, .adv_w = 158, .box_w = 8, .box_h = 8, .ofs_x = 1, .ofs_y = 1},
    {.bitmap_index = 2342, .adv_w = 140, .box_w = 7, .box_h = 11, .ofs_x = 1, .ofs_y = 1},
    {.bitmap_index = 2381, .adv_w = 134, .box_w = 7, .box_h = 8, .ofs_x = 1, .ofs_y = 1},
    {.bitmap_index = 2409, .adv_w = 157, .box_w = 8, .box_h = 11, .ofs_x = 1, .ofs_y = 1},
    {.bitmap_index = 2453, .adv_w = 130, .box_w = 6, .box_h = 8, .ofs_x = 1, .ofs_y = 1},
    {.bitmap_index = 2477, .adv_w = 132, .box_w = 7, .box_h = 11, .ofs_x = 1, .ofs_y = 1},
    {.bitmap_index = 2516, .adv_w = 137, .box_w = 7, .box_h = 12, .ofs_x = 1, .ofs_y = -3},
    {.bitmap_index = 2558, .adv_w = 143, .box_w = 7, .box_h = 11, .ofs_x = 1, .ofs_y = 1},
    {.bitmap_index = 2597, .adv_w = 54, .box_w = 3, .box_h = 11, .ofs_x = 0, .ofs_y = 1},
    {.bitmap_index = 2614, .adv_w = 95, .box_w = 4, .box_h = 14, .ofs_x = 1, .ofs_y = -3},
    {.bitmap_index = 2642, .adv_w = 123, .box_w = 6, .box_h = 11, .ofs_x = 1, .ofs_y = 1},
    {.bitmap_index = 2675, .adv_w = 68, .box_w = 4, .box_h = 11, .ofs_x = 0, .ofs_y = 1},
    {.bitmap_index = 2697, .adv_w = 220, .box_w = 11, .box_h = 9, .ofs_x = 1, .ofs_y = 0},
    {.bitmap_index = 2747, .adv_w = 140, .box_w = 7, .box_h = 9, .ofs_x = 1, .ofs_y = 0},
    {.bitmap_index = 2779, .adv_w = 142, .box_w = 7, .box_h = 8, .ofs_x = 1, .ofs_y = 1},
    {.bitmap_index = 2807, .adv_w = 131, .box_w = 7, .box_h = 12, .ofs_x = 1, .ofs_y = -3},
    {.bitmap_index = 2849, .adv_w = 133, .box_w = 7, .box_h = 12, .ofs_x = 1, .ofs_y = -3},
    {.bitmap_index = 2891, .adv_w = 136, .box_w = 7, .box_h = 8, .ofs_x = 1, .ofs_y = 1},
    {.bitmap_index = 2919, .adv_w = 113, .box_w = 5, .box_h = 8, .ofs_x = 1, .ofs_y = 1},
    {.bitmap_index = 2939, .adv_w = 128, .box_w = 6, .box_h = 9, .ofs_x = 1, .ofs_y = 1},
    {.bitmap_index = 2966, .adv_w = 139, .box_w = 7, .box_h = 8, .ofs_x = 1, .ofs_y = 1},
    {.bitmap_index = 2994, .adv_w = 156, .box_w = 8, .box_h = 8, .ofs_x = 1, .ofs_y = 1},
    {.bitmap_index = 3026, .adv_w = 208, .box_w = 11, .box_h = 8, .ofs_x = 1, .ofs_y = 1},
    {.bitmap_index = 3070, .adv_w = 151, .box_w = 8, .box_h = 9, .ofs_x = 1, .ofs_y = 0},
    {.bitmap_index = 3106, .adv_w = 159, .box_w = 8, .box_h = 12, .ofs_x = 1, .ofs_y = -3},
    {.bitmap_index = 3154, .adv_w = 153, .box_w = 8, .box_h = 8, .ofs_x = 1, .ofs_y = 1},
    {.bitmap_index = 3186, .adv_w = 97, .box_w = 6, .box_h = 15, .ofs_x = 0, .ofs_y = -1},
    {.bitmap_index = 3231, .adv_w = 97, .box_w = 6, .box_h = 15, .ofs_x = 0, .ofs_y = -1},
    {.bitmap_index = 3276, .adv_w = 172, .box_w = 9, .box_h = 4, .ofs_x = 1, .ofs_y = 4},
    {.bitmap_index = 3294, .adv_w = 259, .box_w = 13, .box_h = 11, .ofs_x = 2, .ofs_y = 1},
    {.bitmap_index = 3366, .adv_w = 259, .box_w = 10, .box_h = 9, .ofs_x = 3, .ofs_y = 2},
    {.bitmap_index = 3411, .adv_w = 259, .box_w = 13, .box_h = 12, .ofs_x = 1, .ofs_y = 0},
    {.bitmap_index = 3489, .adv_w = 259, .box_w = 12, .box_h = 14, .ofs_x = 2, .ofs_y = -1},
    {.bitmap_index = 3573, .adv_w = 259, .box_w = 11, .box_h = 13, .ofs_x = 3, .ofs_y = -1},
    {.bitmap_index = 3645, .adv_w = 259, .box_w = 12, .box_h = 12, .ofs_x = 2, .ofs_y = 0},
    {.bitmap_index = 3717, .adv_w = 259, .box_w = 12, .box_h = 11, .ofs_x = 2, .ofs_y = 1},
    {.bitmap_index = 3783, .adv_w = 259, .box_w = 14, .box_h = 13, .ofs_x = 1, .ofs_y = 0},
    {.bitmap_index = 3874, .adv_w = 259, .box_w = 12, .box_h = 14, .ofs_x = 2, .ofs_y = -1},
    {.bitmap_index = 3958, .adv_w = 259, .box_w = 12, .box_h = 15, .ofs_x = 2, .ofs_y = -2},
    {.bitmap_index = 4048, .adv_w = 259, .box_w = 12, .box_h = 14, .ofs_x = 2, .ofs_y = -1},
    {.bitmap_index = 4132, .adv_w = 259, .box_w = 14, .box_h = 13, .ofs_x = 1, .ofs_y = -1},
    {.bitmap_index = 4223, .adv_w = 288, .box_w = 19, .box_h = 19, .ofs_x = 0, .ofs_y = -3},
    {.bitmap_index = 4404, .adv_w = 288, .box_w = 18, .box_h = 14, .ofs_x = 0, .ofs_y = 0},
    {.bitmap_index = 4530, .adv_w = 288, .box_w = 18, .box_h = 17, .ofs_x = 0, .ofs_y = -2},
    {.bitmap_index = 4683, .adv_w = 288, .box_w = 18, .box_h = 14, .ofs_x = 0, .ofs_y = 0},
    {.bitmap_index = 4809, .adv_w = 198, .box_w = 13, .box_h = 13, .ofs_x = 0, .ofs_y = 0},
    {.bitmap_index = 4894, .adv_w = 288, .box_w = 19, .box_h = 18, .ofs_x = 0, .ofs_y = -2},
    {.bitmap_index = 5065, .adv_w = 288, .box_w = 18, .box_h = 19, .ofs_x = 0, .ofs_y = -3},
    {.bitmap_index = 5236, .adv_w = 324, .box_w = 21, .box_h = 17, .ofs_x = 0, .ofs_y = -2},
    {.bitmap_index = 5415, .adv_w = 288, .box_w = 18, .box_h = 19, .ofs_x = 0, .ofs_y = -3},
    {.bitmap_index = 5586, .adv_w = 324, .box_w = 21, .box_h = 14, .ofs_x = 0, .ofs_y = 0},
    {.bitmap_index = 5733, .adv_w = 288, .box_w = 18, .box_h = 19, .ofs_x = 0, .ofs_y = -3},
    {.bitmap_index = 5904, .adv_w = 144, .box_w = 9, .box_h = 15, .ofs_x = 0, .ofs_y = -1},
    {.bitmap_index = 5972, .adv_w = 216, .box_w = 14, .box_h = 15, .ofs_x = 0, .ofs_y = -1},
    {.bitmap_index = 6077, .adv_w = 324, .box_w = 21, .box_h = 18, .ofs_x = 0, .ofs_y = -2},
    {.bitmap_index = 6266, .adv_w = 288, .box_w = 18, .box_h = 14, .ofs_x = 0, .ofs_y = 0},
    {.bitmap_index = 6392, .adv_w = 198, .box_w = 13, .box_h = 19, .ofs_x = 0, .ofs_y = -3},
    {.bitmap_index = 6516, .adv_w = 252, .box_w = 12, .box_h = 17, .ofs_x = 2, .ofs_y = -2},
    {.bitmap_index = 6618, .adv_w = 252, .box_w = 16, .box_h = 19, .ofs_x = 0, .ofs_y = -3},
    {.bitmap_index = 6770, .adv_w = 252, .box_w = 16, .box_h = 17, .ofs_x = 0, .ofs_y = -2},
    {.bitmap_index = 6906, .adv_w = 252, .box_w = 16, .box_h = 17, .ofs_x = 0, .ofs_y = -2},
    {.bitmap_index = 7042, .adv_w = 252, .box_w = 12, .box_h = 17, .ofs_x = 2, .ofs_y = -2},
    {.bitmap_index = 7144, .adv_w = 252, .box_w = 18, .box_h = 17, .ofs_x = -1, .ofs_y = -2},
    {.bitmap_index = 7297, .adv_w = 180, .box_w = 11, .box_h = 16, .ofs_x = 0, .ofs_y = -1},
    {.bitmap_index = 7385, .adv_w = 180, .box_w = 11, .box_h = 16, .ofs_x = 0, .ofs_y = -1},
    {.bitmap_index = 7473, .adv_w = 252, .box_w = 16, .box_h = 17, .ofs_x = 0, .ofs_y = -2},
    {.bitmap_index = 7609, .adv_w = 252, .box_w = 16, .box_h = 4, .ofs_x = 0, .ofs_y = 5},
    {.bitmap_index = 7641, .adv_w = 324, .box_w = 21, .box_h = 14, .ofs_x = 0, .ofs_y = 0},
    {.bitmap_index = 7788, .adv_w = 360, .box_w = 23, .box_h = 19, .ofs_x = 0, .ofs_y = -3},
    {.bitmap_index = 8007, .adv_w = 324, .box_w = 22, .box_h = 19, .ofs_x = -1, .ofs_y = -3},
    {.bitmap_index = 8216, .adv_w = 288, .box_w = 18, .box_h = 17, .ofs_x = 0, .ofs_y = -2},
    {.bitmap_index = 8369, .adv_w = 252, .box_w = 16, .box_h = 10, .ofs_x = 0, .ofs_y = 2},
    {.bitmap_index = 8449, .adv_w = 252, .box_w = 16, .box_h = 10, .ofs_x = 0, .ofs_y = 2},
    {.bitmap_index = 8529, .adv_w = 360, .box_w = 24, .box_h = 15, .ofs_x = -1, .ofs_y = -1},
    {.bitmap_index = 8709, .adv_w = 288, .box_w = 18, .box_h = 14, .ofs_x = 0, .ofs_y = 0},
    {.bitmap_index = 8835, .adv_w = 288, .box_w = 18, .box_h = 19, .ofs_x = 0, .ofs_y = -3},
    {.bitmap_index = 9006, .adv_w = 288, .box_w = 19, .box_h = 19, .ofs_x = -1, .ofs_y = -3},
    {.bitmap_index = 9187, .adv_w = 252, .box_w = 16, .box_h = 17, .ofs_x = 0, .ofs_y = -2},
    {.bitmap_index = 9323, .adv_w = 252, .box_w = 16, .box_h = 19, .ofs_x = 0, .ofs_y = -3},
    {.bitmap_index = 9475, .adv_w = 252, .box_w = 16, .box_h = 17, .ofs_x = 0, .ofs_y = -2},
    {.bitmap_index = 9611, .adv_w = 252, .box_w = 16, .box_h = 15, .ofs_x = 0, .ofs_y = -1},
    {.bitmap_index = 9731, .adv_w = 288, .box_w = 18, .box_h = 14, .ofs_x = 0, .ofs_y = 0},
    {.bitmap_index = 9857, .adv_w = 180, .box_w = 13, .box_h = 19, .ofs_x = -1, .ofs_y = -3},
    {.bitmap_index = 9981, .adv_w = 252, .box_w = 16, .box_h = 19, .ofs_x = 0, .ofs_y = -3},
    {.bitmap_index = 10133, .adv_w = 252, .box_w = 16, .box_h = 19, .ofs_x = 0, .ofs_y = -3},
    {.bitmap_index = 10285, .adv_w = 324, .box_w = 21, .box_h = 14, .ofs_x = 0, .ofs_y = 0},
    {.bitmap_index = 10432, .adv_w = 288, .box_w = 20, .box_h = 20, .ofs_x = -1, .ofs_y = -3},
    {.bitmap_index = 10632, .adv_w = 216, .box_w = 14, .box_h = 19, .ofs_x = 0, .ofs_y = -3},
    {.bitmap_index = 10765, .adv_w = 360, .box_w = 23, .box_h = 18, .ofs_x = 0, .ofs_y = -2},
    {.bitmap_index = 10972, .adv_w = 360, .box_w = 23, .box_h = 12, .ofs_x = 0, .ofs_y = 1},
    {.bitmap_index = 11110, .adv_w = 360, .box_w = 23, .box_h = 12, .ofs_x = 0, .ofs_y = 1},
    {.bitmap_index = 11248, .adv_w = 360, .box_w = 23, .box_h = 12, .ofs_x = 0, .ofs_y = 1},
    {.bitmap_index = 11386, .adv_w = 360, .box_w = 23, .box_h = 12, .ofs_x = 0, .ofs_y = 1},
    {.bitmap_index = 11524, .adv_w = 360, .box_w = 23, .box_h = 12, .ofs_x = 0, .ofs_y = 1},
    {.bitmap_index = 11662, .adv_w = 360, .box_w = 23, .box_h = 15, .ofs_x = 0, .ofs_y = -1},
    {.bitmap_index = 11835, .adv_w = 252, .box_w = 14, .box_h = 19, .ofs_x = 1, .ofs_y = -3},
    {.bitmap_index = 11968, .adv_w = 252, .box_w = 16, .box_h = 19, .ofs_x = 0, .ofs_y = -3},
    {.bitmap_index = 12120, .adv_w = 288, .box_w = 19, .box_h = 19, .ofs_x = -1, .ofs_y = -3},
    {.bitmap_index = 12301, .adv_w = 360, .box_w = 23, .box_h = 14, .ofs_x = 0, .ofs_y = 0},
    {.bitmap_index = 12462, .adv_w = 216, .box_w = 14, .box_h = 19, .ofs_x = 0, .ofs_y = -3},
    {.bitmap_index = 12595, .adv_w = 290, .box_w = 19, .box_h = 12, .ofs_x = 0, .ofs_y = 1}
};

/*---------------------
 *  CHARACTER MAPPING
 *--------------------*/

static const uint16_t unicode_list_2[] = {
    0x0, 0x1, 0x4ed0, 0x50e8, 0x5359, 0x5adb, 0x5b49, 0x6579,
    0x7607, 0x7784, 0x833a, 0x8b7a, 0x8caa, 0x8f16, 0xef84, 0xef8b,
    0xef8e, 0xef8f, 0xef90, 0xef94, 0xef96, 0xef98, 0xef9c, 0xef9f,
    0xefa4, 0xefa9, 0xefaa, 0xefab, 0xefc1, 0xefc6, 0xefcb, 0xefce,
    0xefcf, 0xefd0, 0xefd4, 0xefd5, 0xefd6, 0xefd7, 0xefea, 0xefeb,
    0xeff1, 0xeff3, 0xeff4, 0xeff7, 0xeffa, 0xeffb, 0xeffc, 0xeffe,
    0xf016, 0xf018, 0xf047, 0xf048, 0xf04a, 0xf04c, 0xf063, 0xf06a,
    0xf06d, 0xf076, 0xf09f, 0xf0a7, 0xf0de, 0xf16e, 0xf1c3, 0xf1c4,
    0xf1c5, 0xf1c6, 0xf1c7, 0xf20a, 0xf216, 0xf270, 0xf287, 0xf4dd,
    0xf745, 0xf825
};

/*Collect the unicode lists and glyph_id offsets*/
static const lv_font_fmt_txt_cmap_t cmaps[] =
{
    {
        .range_start = 32, .range_length = 64, .glyph_id_start = 1,
        .unicode_list = NULL, .glyph_id_ofs_list = NULL, .list_length = 0, .type = LV_FONT_FMT_TXT_CMAP_FORMAT0_TINY
    },
    {
        .range_start = 97, .range_length = 27, .glyph_id_start = 65,
        .unicode_list = NULL, .glyph_id_ofs_list = NULL, .list_length = 0, .type = LV_FONT_FMT_TXT_CMAP_FORMAT0_TINY
    },
    {
        .range_start = 125, .range_length = 63526, .glyph_id_start = 92,
        .unicode_list = unicode_list_2, .glyph_id_ofs_list = NULL, .list_length = 74, .type = LV_FONT_FMT_TXT_CMAP_SPARSE_TINY
    }
};

/*-----------------
 *    KERNING
 *----------------*/


/*Map glyph_ids to kern left classes*/
static const uint8_t kern_left_class_mapping[] =
{
    0, 0, 0, 0, 0, 0, 0, 0,
    0, 0, 0, 0, 0, 0, 0, 0,
    0, 1, 2, 3, 4, 5, 6, 7,
    8, 9, 10, 0, 0, 0, 0, 0,
    0, 0, 11, 12, 13, 14, 15, 16,
    17, 18, 19, 20, 21, 22, 23, 24,
    25, 26, 27, 28, 29, 30, 31, 32,
    33, 34, 35, 36, 0, 0, 0, 0,
    0, 37, 38, 39, 40, 41, 42, 43,
    44, 45, 46, 47, 48, 49, 50, 51,
    52, 53, 54, 55, 56, 57, 58, 59,
    60, 61, 62, 0, 0, 0, 0, 0,
    0, 0, 0, 0, 0, 0, 0, 0,
    0, 0, 0, 0, 0, 0, 0, 0,
    0, 0, 0, 0, 0, 0, 0, 0,
    0, 0, 0, 0, 0, 0, 0, 0,
    0, 0, 0, 0, 0, 0, 0, 0,
    0, 0, 0, 0, 0, 0, 0, 0,
    0, 0, 0, 0, 0, 0, 0, 0,
    0, 0, 0, 0, 0, 0, 0, 0,
    0, 0, 0, 0, 0, 0
};

/*Map glyph_ids to kern right classes*/
static const uint8_t kern_right_class_mapping[] =
{
    0, 0, 0, 0, 0, 0, 0, 0,
    0, 0, 0, 0, 0, 0, 0, 0,
    0, 1, 2, 3, 4, 5, 6, 7,
    8, 9, 10, 0, 0, 0, 0, 0,
    0, 0, 11, 12, 13, 14, 15, 16,
    17, 18, 19, 20, 21, 22, 23, 24,
    25, 26, 27, 28, 29, 30, 31, 32,
    33, 34, 35, 36, 0, 0, 0, 0,
    0, 37, 38, 39, 40, 41, 42, 43,
    44, 45, 46, 47, 48, 49, 50, 51,
    52, 53, 54, 55, 56, 57, 58, 59,
    60, 61, 62, 0, 0, 0, 0, 0,
    0, 0, 0, 0, 0, 0, 0, 0,
    0, 0, 0, 0, 0, 0, 0, 0,
    0, 0, 0, 0, 0, 0, 0, 0,
    0, 0, 0, 0, 0, 0, 0, 0,
    0, 0, 0, 0, 0, 0, 0, 0,
    0, 0, 0, 0, 0, 0, 0, 0,
    0, 0, 0, 0, 0, 0, 0, 0,
    0, 0, 0, 0, 0, 0, 0, 0,
    0, 0, 0, 0, 0, 0
};

/*Kern values between classes*/
static const int8_t kern_class_values[] =
{
    -6, -6, -14, -6, -9, 0, -3, -12,
    -9, -3, 0, 0, 0, 0, 0, 0,
    0, 0, 0, 0, 0, 0, 0, 0,
    0, 0, 0, 0, 0, 0, 0, 0,
    0, 0, 0, 0, 0, 0, 0, 0,
    0, 0, 0, 0, 0, 0, 0, 0,
    0, 0, 0, 0, 0, 0, 0, 0,
    0, 0, 0, 0, 0, 0, -6, 0,
    -12, 0, -12, 0, -3, -9, -3, -12,
    0, 0, 0, 0, 0, 0, 0, 0,
    0, 0, 0, 0, 0, 0, 0, 0,
    0, 0, 0, 0, 0, 0, 0, 0,
    0, 0, 0, 0, 0, 0, 0, 0,
    0, 0, 0, 0, 0, 0, 0, 0,
    0, 0, 0, 0, 0, 0, 0, 0,
    0, 0, 0, 0, -9, 0, -14, -3,
    -20, 0, -6, -23, -6, -17, 0, 0,
    0, 0, 0, 0, 0, 0, 0, 0,
    0, 0, 0, 0, 0, 0, 0, 0,
    0, 0, 0, 0, 0, 0, 0, 0,
    0, 0, 0, 0, 0, 0, 0, 0,
    0, 0, 0, 0, 0, 0, 0, 0,
    0, 0, 0, 0, 0, 0, 0, 0,
    0, 0, 0, -9, -17, -17, -6, -6,
    0, -17, 0, -17, 0, 0, 0, 0,
    0, 0, 0, 0, 0, 0, 0, 0,
    0, 0, 0, 0, 0, 0, 0, 0,
    0, 0, 0, 0, 0, 0, 0, 0,
    0, 0, 0, 0, 0, 0, 0, 0,
    0, 0, 0, 0, 0, 0, 0, 0,
    0, 0, 0, 0, 0, 0, 0, 0,
    -9, -17, -17, -17, 0, -6, 0, -26,
    -12, -14, 0, 0, 0, 0, 0, 0,
    0, 0, 0, 0, 0, 0, 0, 0,
    0, 0, 0, 0, 0, 0, 0, 0,
    0, 0, 0, 0, 0, 0, 0, 0,
    0, 0, 0, 0, 0, 0, 0, 0,
    0, 0, 0, 0, 0, 0, 0, 0,
    0, 0, 0, 0, 0, 0, 0, -6,
    -12, 0, -3, -3, -3, -9, -3, 0,
    0, 0, 0, 0, 0, 0, 0, 0,
    0, 0, 0, 0, 0, 0, 0, 0,
    0, 0, 0, 0, 0, 0, 0, 0,
    0, 0, 0, 0, 0, 0, 0, 0,
    0, 0, 0, 0, 0, 0, 0, 0,
    0, 0, 0, 0, 0, 0, 0, 0,
    0, 0, 0, 0, 0, -6, -9, -9,
    0, 0, 0, -23, 0, -20, 0, 0,
    0, 0, 0, 0, 0, 0, 0, 0,
    0, 0, 0, 0, 0, 0, 0, 0,
    0, 0, 0, 0, 0, 0, 0, 0,
    0, 0, 0, 0, 0, 0, 0, 0,
    0, 0, 0, 0, 0, 0, 0, 0,
    0, 0, 0, 0, 0, 0, 0, 0,
    0, 0, -17, -9, -17, 0, -26, -12,
    -23, -3, -14, -9, 0, 0, 0, 0,
    0, 0, 0, 0, 0, 0, 0, 0,
    0, 0, 0, 0, 0, 0, 0, 0,
    0, 0, 0, 0, 0, 0, 0, 0,
    0, 0, 0, 0, 0, 0, 0, 0,
    0, 0, 0, 0, 0, 0, 0, 0,
    0, 0, 0, 0, 0, 0, 0, 0,
    0, -3, -3, -3, -6, 0, 0, -6,
    0, -6, 0, 0, 0, 0, 0, 0,
    0, 0, 0, 0, 0, 0, 0, 0,
    0, 0, 0, 0, 0, 0, 0, 0,
    0, 0, 0, 0, 0, 0, 0, 0,
    0, 0, 0, 0, 0, 0, 0, 0,
    0, 0, 0, 0, 0, 0, 0, 0,
    0, 0, 0, 0, 0, 0, -6, 0,
    -17, 0, -6, -3, -6, -9, -6, 0,
    0, 0, 0, 0, 0, 0, 0, 0,
    0, 0, 0, 0, 0, 0, 0, 0,
    0, 0, 0, 0, 0, 0, 0, 0,
    0, 0, 0, 0, 0, 0, 0, 0,
    0, 0, 0, 0, 0, 0, 0, 0,
    0, 0, 0, 0, 0, 0, 0, 0,
    0, 0, 0, 0, 0, 0, 0, 0,
    0, 0, 0, 0, 0, 0, 0, 0,
    0, 0, 0, 0, -6, 0, 0, 0,
    0, 0, 0, 0, 0, 0, -6, 0,
    0, -20, -9, -23, -9, 0, -29, 0,
    -4, -4, -5, -6, -3, -16, -6, 3,
    0, -40, 0, 0, -12, 0, -3, 0,
    -9, 0, 0, -10, 0, -20, -12, -11,
    -35, 0, 0, 0, 0, 0, 0, 0,
    0, 0, 0, 0, -6, 0, 0, 0,
    0, 0, 0, 0, -3, -3, 0, 0,
    -3, 0, 0, 0, 0, 0, -6, -14,
    -6, -14, -12, -12, -17, -9, -11, 0,
    0, -9, -6, -16, -14, -5, 0, -40,
    0, 0, -13, 0, -10, -5, -9, 0,
    -3, -15, -3, -20, -13, -10, -27, -13,
    0, 0, 0, 0, 0, 0, 0, 0,
    0, 0, 0, 0, 0, 0, 0, 0,
    0, 0, 0, 0, 0, 0, 0, 0,
    0, 0, -3, 0, 0, -14, 0, -14,
    -6, -9, -14, 0, -8, 0, -5, -9,
    -9, -14, -8, 0, 0, -40, 0, 0,
    -11, 0, -6, 0, -6, 0, 0, -9,
    0, -14, -11, -7, -26, -7, 0, 0,
    0, 0, 0, 0, 0, 0, 0, 0,
    -17, 0, 0, 0, -6, 0, 0, 0,
    -9, -17, 0, 0, -12, -3, 0, 0,
    0, -6, -3, -14, 0, -6, 0, -14,
    -17, -3, -16, 0, -11, -14, -9, -10,
    -14, 0, 0, -40, 0, 0, -14, 0,
    -9, 0, -9, 0, -3, -10, -6, -12,
    -13, -12, -17, -9, 0, 0, 0, 0,
    0, 0, 0, 0, 0, 0, 0, 0,
    -3, 0, 0, -6, 0, 0, 0, 0,
    0, 0, 0, 0, 0, 0, 0, 0,
    0, -3, 0, -3, 0, 0, -3, 0,
    -10, 0, -9, -10, -12, -9, -12, 0,
    0, -40, 0, 0, -13, 0, -6, 0,
    -6, 0, 0, -9, 0, -14, -10, -10,
    -23, 0, 0, 0, 0, 0, 0, 0,
    0, 0, 0, 0, -12, 0, -6, 0,
    -3, 0, -9, 0, -6, -17, 0, -6,
    -12, -12, -9, 0, -6, 0, -6, 0,
    -6, 0, -3, -6, 0, 0, -18, -9,
    -14, -21, -12, -16, -22, -6, -6, -40,
    0, 0, -18, -9, -18, -9, -18, -9,
    -9, -14, -9, -15, -16, -12, -24, -17,
    0, 0, 0, 0, 0, 0, 0, 0,
    0, 0, 0, 0, 0, 0, 0, 0,
    0, 0, -6, 0, 0, 0, -6, 0,
    0, 0, 0, -3, 0, -12, 0, -6,
    0, -6, -17, -9, -10, -8, -5, -12,
    -9, -14, -13, -7, 0, -43, -7, 0,
    -12, -5, -11, -5, -7, -7, -4, -12,
    0, -15, -16, -10, -26, -12, 0, 0,
    0, 0, 0, 0, 0, 0, 0, 0,
    -3, 0, 0, 0, 0, 0, 0, 0,
    0, 0, 0, 0, -3, 0, 0, 0,
    0, 0, 0, 0, 0, 0, 0, 0,
    0, 0, -7, 0, 0, -6, -6, 0,
    -3, 0, 0, -43, 0, 0, -10, 0,
    0, 0, -4, 0, 0, -8, 0, -3,
    0, 0, -16, 0, 0, 0, 0, 0,
    0, 0, 0, 0, 0, 0, 0, 0,
    0, 0, 0, 0, 0, 0, 0, -6,
    0, 0, 0, 0, -6, 0, 0, 0,
    0, 0, 0, -3, 0, 0, 0, 0,
    -3, 0, 0, 0, -3, -6, -6, 0,
    0, -43, 0, 0, -11, 0, -3, 0,
    -6, 0, 0, -9, 0, -9, -6, 0,
    -17, -4, 0, 0, 0, 0, 0, 0,
    0, 0, 0, 0, -9, 0, -6, 0,
    0, 0, -9, 0, -3, -9, 0, -6,
    -12, 0, -6, 0, 0, 0, -6, 0,
    0, 0, 0, -3, 0, 0, -6, -6,
    -6, -6, -6, -6, -12, -3, -3, -43,
    0, 0, -18, -10, -9, -3, -6, -3,
    -6, -6, -6, -16, -9, -9, -20, -9,
    0, 0, 0, 0, 0, 0, 0, 0,
    0, 0, 0, 0, -6, 0, 0, 0,
    -9, 0, -3, -6, 0, 0, 0, 0,
    -9, 0, -9, 0, 0, -9, 0, -6,
    -6, 0, -9, 0, -13, 0, -9, -14,
    -14, -22, -16, -6, 0, -43, 0, 0,
    -13, -7, -13, 0, -9, 0, -9, -21,
    -7, -23, -19, -14, -26, -10, 0, 0,
    0, 0, 0, 0, 0, 0, 0, 0,
    0, 0, -9, 0, 0, -6, -9, 0,
    0, -9, 0, 0, -19, 0, -12, 0,
    0, 0, 0, -35, -6, -26, -3, 0,
    -35, 0, -16, 0, -10, -16, -14, -34,
    -20, -11, 0, -43, -12, 0, -15, -7,
    -6, 0, -9, 0, -10, -27, -8, -28,
    -17, -15, -40, -14, 0, 0, 0, 0,
    0, 0, 0, 0, 0, 0, 0, 0,
    -6, 0, 0, 0, 0, 0, 0, -3,
    0, 0, 0, -3, -6, 0, 0, 0,
    0, -17, -6, -12, -6, 0, -12, 0,
    -14, -9, -20, -20, -16, -9, -12, 0,
    0, -43, 0, 0, -12, -5, -8, 0,
    -12, 0, 0, -9, 0, -20, -18, -15,
    -26, -16, 0, 0, 0, 0, 0, 0,
    0, 0, 0, 0, -14, 0, -9, 0,
    -6, 0, -12, 0, -9, -12, 0, -6,
    -17, -9, -9, 0, -9, 0, 0, 0,
    -9, 0, 0, -6, -3, 0, -16, -6,
    -6, -12, -6, -6, -17, -6, 0, -43,
    0, 0, -6, -3, -12, 0, -6, 0,
    0, -9, -6, -15, -13, -3, -20, -18,
    0, 0, 0, 0, 0, 0, 0, 0,
    0, 0, -12, 0, 0, 0, 0, 0,
    0, 0, -6, -12, 0, -3, -9, -3,
    0, -6, 0, 0, 0, -9, 0, -6,
    0, -6, -17, -6, -17, -11, -13, -22,
    -12, -9, -20, -14, 0, -43, -9, 0,
    0, -9, -14, -6, -17, 0, -9, -12,
    -14, -14, -12, -3, -26, -14, 0, 0,
    0, 0, 0, 0, 0, 0, 0, 0,
    -23, -3, -9, 0, 0, 0, 0, 0,
    -9, -17, 0, 0, -9, -12, -6, 0,
    -23, -8, -6, 0, 0, 0, 0, -9,
    -6, -9, -20, 0, -14, -26, -14, -6,
    -26, 0, 0, -43, -14, 0, -23, 0,
    -17, -8, -20, 0, -9, -23, -14, -20,
    -20, -14, -29, -17, 0, 0, 0, 0,
    0, 0, 0, 0, 0, 0, 0, 0,
    -6, 0, 0, 0, 0, 0, 0, -9,
    0, 0, 0, 0, -9, 0, -6, -9,
    0, -17, -6, -17, -3, 0, -20, 0,
    -9, 0, -6, -17, -6, -12, -9, 0,
    0, -43, 0, 0, -23, -12, -14, 0,
    -6, 0, -9, -23, -14, -17, -20, -12,
    -23, -12, 0, 0, 0, 0, 0, 0,
    0, 0, 0, 0, 0, 0, -9, 0,
    0, 0, -12, 0, 0, -6, 0, 0,
    0, 0, -9, 0, -6, 0, -5, -17,
    -9, -17, -6, 0, -23, 0, -9, 0,
    -12, -14, -9, -17, -17, -12, 0, -43,
    -6, 0, -14, -9, -14, -6, -14, 0,
    -6, -17, -9, -23, -23, -14, -32, -14,
    0, 0, 0, 0, 0, 0, 0, 0,
    0, 0, -6, 0, 0, 0, 0, 0,
    0, 0, 0, 0, 0, 0, 0, 0,
    0, 0, 0, 0, 0, -18, 0, -9,
    -3, 0, -12, -6, -9, 0, 0, 0,
    0, -9, 0, 0, 0, -43, 0, 0,
    -6, 0, -9, 0, 0, 0, 0, -9,
    0, -17, -6, 0, -29, -3, 0, 0,
    0, 0, 0, 0, 0, 0, 0, 0,
    -23, 0, -17, 0, -9, 0, -17, 0,
    0, -26, 0, 0, -12, -9, -17, 0,
    -12, 0, -6, 0, -21, 0, 0, -3,
    0, 0, -26, -6, -23, -23, -26, -17,
    -29, -9, -12, -43, -6, 0, -14, -12,
    -23, -17, -23, -12, -14, -29, -17, -26,
    -29, -23, -40, -20, 0, 0, 0, 0,
    0, 0, 0, 0, 0, 0, -20, 0,
    -3, 0, 0, 0, 0, 0, -6, 0,
    0, 0, -14, -12, -3, 0, -6, -6,
    0, 0, 0, 0, 3, -6, 0, 0,
    -3, 0, -6, -3, 0, 0, -12, 3,
    0, -43, 0, 0, 0, 0, 0, 0,
    -9, 0, 0, -9, 0, -9, -9, 0,
    -14, 0, 0, 0, 0, 0, 0, 0,
    0, 0, 0, 0, -35, -6, -17, -3,
    -9, 0, -14, 0, -9, -23, -6, -9,
    -35, -14, -23, 0, -23, -6, -12, 0,
    -6, 0, -9, -6, 0, 0, -26, -9,
    -20, -20, -20, -14, -29, 0, 0, -43,
    0, 0, -20, -9, -23, -6, -23, -3,
    -9, -17, -12, -12, -20, -12, -23, -20,
    0, 0, 0, 0, 0, 0, 0, 0,
    0, 0, -26, -3, -17, 0, -6, -3,
    -9, -6, -9, -20, -6, -3, -17, -12,
    -9, 0, -12, -6, -6, 0, -3, 0,
    0, -16, 0, 0, -26, -6, -12, -20,
    -17, -20, -26, -14, 0, -43, 0, 0,
    -20, -12, -17, 0, -23, -12, -9, -23,
    -12, -6, -12, -9, -26, -12, 0, 0,
    0, 0, 0, 0, 0, 0, 0, 0,
    0, 0, -9, 0, 0, 0, -6, -3,
    0, -9, 0, 0, 0, 0, -6, 0,
    0, 0, 0, 0, 0, 0, 0, 0,
    0, 0, -9, 0, 0, -12, 0, -6,
    -9, 0, 0, -43, 0, 0, -12, 0,
    -3, 0, -6, 0, -6, -9, -9, -12,
    -12, 0, -20, 0, 0, 0, 0, 0,
    0, 0, 0, 0, 0, 0, -40, -3,
    -20, 0, -6, 0, -20, -3, -6, -29,
    -9, -9, -26, -17, -29, 0, -26, -6,
    -12, 0, -6, 0, -6, -6, 0, -3,
    -26, -6, -20, -29, -17, -14, -32, -14,
    0, -43, -9, 0, -26, -29, -29, -17,
    -23, -12, -14, -20, -17, -20, -26, -17,
    -23, -26, 0, 0, 0, 0, 0, 0,
    0, 0, 0, 0, 0, 0, -3, 0,
    0, 0, 0, 0, 0, -6, 0, 0,
    0, 0, -6, 0, -6, 0, 0, -6,
    -6, 0, -6, 0, -9, 0, -9, 0,
    -6, -12, -3, -17, -17, 0, 0, -43,
    0, 0, -20, 0, -12, 0, -3, 0,
    0, -23, 0, -17, -17, -14, -26, 0,
    0, 0, 0, 0, 0, 0, 0, 0,
    0, 0, 0, 0, -6, 0, -3, 0,
    -12, 0, 0, -3, 0, 0, -13, -7,
    -12, 0, -9, -6, -9, -35, -6, -26,
    -6, 0, -26, 0, -3, -6, -12, -14,
    -6, -12, -12, -3, -9, -43, 0, 0,
    -17, 0, -9, 0, -12, 0, 0, -23,
    -9, -20, -14, 0, -32, -12, 0, 0,
    0, 0, 0, 0, 0, 0, 0, 0,
    -12, 0, 0, 0, 0, 0, 0, 0,
    -6, 0, 0, -6, -13, 0, 0, 0,
    0, 0, -9, -29, 0, -12, 0, -9,
    -20, -6, -6, 0, -12, -9, -9, -9,
    0, 0, 0, -43, 0, 0, -9, 0,
    -9, 0, 0, 0, 0, -9, 0, -14,
    -14, -9, -23, -9, 0, 0, 0, 0,
    0, 0, 0, 0, 0, 0, 0, 0,
    0, 0, 0, -9, -6, 0, -4, 0,
    0, 0, -11, 0, -9, 0, -12, 0,
    0, -32, 0, -12, -3, 0, -17, 0,
    -9, 0, -6, -6, -14, -12, -6, 0,
    0, -43, 0, 0, -6, -9, -14, 0,
    -9, 0, 0, -14, -9, -9, -12, -6,
    -20, -6, 0, 0, 0, 0, 0, 0,
    0, 0, 0, 0, 0, 0, -3, 0,
    0, 0, -9, 0, 0, -3, 0, 0,
    -9, 0, -12, 0, -3, 0, 0, -6,
    -3, -6, 0, 0, -6, 0, -12, 0,
    0, -9, -12, -17, -9, 0, 0, -43,
    0, 0, -12, 0, -9, 0, -9, 0,
    -6, -9, -12, -20, -9, -9, -29, 0,
    0, 0, 0, 0, 0, 0, 0, 0,
    0, 0, 0, 0, 0, 0, 0, 0,
    0, 0, 0, 0, 0, 0, -9, 0,
    -12, 0, -9, 0, 0, -20, 0, -14,
    0, 0, -17, 0, -12, 0, -9, -12,
    0, -9, -6, 0, 0, -43, 0, 0,
    -14, -6, -9, 0, 0, 0, 0, -9,
    -12, -9, -9, 0, -20, -9, 0, 0,
    0, 0, 0, 0, 0, 0, 0, 0,
    -23, -3, -6, 0, -9, 0, -12, -6,
    -18, -35, -9, -6, -20, -12, -9, 0,
    -14, -3, -6, -17, 0, -3, 0, -3,
    -17, 0, -23, -3, -17, -23, -17, -14,
    -30, 0, -3, -46, 0, 0, -23, -14,
    -23, -12, -23, -3, -6, -17, -17, -17,
    -20, -23, -35, -20, 0, 0, 0, 0,
    0, 0, 0, 0, 0, 0, 0, 0,
    0, 0, 0, 0, 0, 0, 0, 0,
    0, 0, 0, 0, 0, 0, -6, 0,
    0, -12, 3, -6, 0, 0, -9, -6,
    3, 0, 0, 3, 0, 0, 0, 0,
    0, -35, 0, 3, 0, 0, 0, 0,
    0, 0, 0, 0, 3, 0, 0, 0,
    -12, 0, 0, 0, 0, 0, 0, 0,
    0, 0, 0, 0, 0, 0, -6, 0,
    -3, -3, -9, 0, 0, -3, 0, 0,
    -11, 0, -6, 0, -12, -6, -9, -26,
    -9, -17, -6, 0, -23, -6, -9, 0,
    -9, 0, 0, -12, -12, 0, -3, -43,
    0, -3, 0, 0, -6, 0, -9, 0,
    0, -12, -3, -17, -12, -14, -26, -12,
    0, 0, 0, 0, 0, 0, 0, 0,
    0, 0, 0, 0, 0, 0, 0, 0,
    0, 0, 0, 0, 0, 0, 0, 0,
    0, 0, 0, 0, 0, 0, 0, 0,
    0, 0, 0, 0, 0, 0, 0, 0,
    0, 0, -9, 0, 0, -23, 0, 0,
    0, 0, -6, 0, -6, 0, 0, -3,
    0, -6, -3, 0, -20, 0, 0, 0,
    0, 0, 0, 0, 0, 0, 0, 0,
    0, 0, 0, 0, 0, 0, 0, 0,
    0, 0, 0, 3, 3, 3, 3, 3,
    3, 3, 3, 0, 3, 3, 3, 3,
    3, 3, 3, 0, 3, 3, 3, 0,
    0, 3, 3, -14, 6, 0, 3, 0,
    0, 3, 0, 0, 0, 0, 3, 0,
    0, 0, -12, 0, 0, 0, 0, 0,
    0, 0, 0, 0, 0, 0, 0, 0,
    -3, 0, 0, 0, -11, -7, -11, -3,
    0, 0, 0, 0, -9, 0, -6, 0,
    -9, -23, 0, -12, -3, -6, -20, 0,
    -14, -9, 0, -12, -14, -12, -20, 0,
    0, -43, 0, 0, -17, -9, -9, 0,
    -9, 0, -12, -23, -12, -23, -9, -12,
    -23, -9, 0, 0, 0, 0, 0, 0,
    0, 0, 0, 0, 0, 0, -6, 0,
    0, 0, -9, 0, 0, 0, 0, 0,
    0, 0, -6, 0, 0, 0, 0, -9,
    0, -3, 0, 0, -9, 0, 0, 0,
    0, -3, -6, -9, -12, 0, 0, -43,
    0, 0, 0, 0, -6, 0, -9, 0,
    0, -17, 0, -14, -12, 0, -23, 0,
    0, 0, 0, 0, 0, 0, 0, 0,
    0, 0, 0, 0, 0, 0, 0, 0,
    0, 0, -9, 0, 0, 0, -12, 0,
    -14, 0, -17, 0, -9, -35, -12, -12,
    -12, -14, -12, 0, -12, -12, 0, -12,
    -14, -23, -12, -9, 0, -43, -12, 0,
    -17, -6, -14, 0, -17, -12, -3, -20,
    -12, -26, -20, -14, -26, -17, 0, 0,
    0, 0, 0, 0, 0, 0, 0, 0,
    0, 0, 0, 0, 0, 0, 0, 0,
    0, 0, 0, 0, -5, 0, -6, 0,
    -6, 0, 0, -20, 0, -12, 0, 0,
    -17, 0, 0, 0, 0, -6, 0, -6,
    -3, 0, 0, -43, 0, 0, -9, 0,
    -6, 0, 0, 0, 0, -9, 0, -9,
    -6, -6, -9, -9, 0, 0, 0, 0,
    0, 0, 0, 0, 0, 0, -12, 0,
    0, 0, 0, 0, 0, 0, -6, -3,
    0, 0, -10, 0, 0, 0, -3, 0,
    -6, -17, 0, -9, -12, -6, -23, 0,
    0, 0, 0, -14, -9, -9, 0, 0,
    0, -43, 0, 0, -17, 0, 0, 0,
    0, 0, 0, -6, 3, -9, -6, -9,
    -20, -6, 0, 0, 0, 0, 0, 0,
    0, 0, 0, 0, -12, 0, 0, 0,
    0, 0, 0, 0, -9, -6, 0, 0,
    -6, 0, 0, 0, 0, 0, -3, -20,
    0, -9, 0, -9, -17, -9, 0, 0,
    0, 0, 0, 0, 0, 0, 0, -43,
    0, 0, 0, 0, -12, 0, -6, 0,
    0, -12, 0, -20, -12, -6, -23, -17,
    0, 0, 0, 0, 0, 0, 0, 0,
    0, 0, 0, 0, 0, 0, 0, 0,
    0, 0, 0, -6, 0, 0, 0, 0,
    0, 0, 0, 0, 0, -6, 0, -6,
    0, 0, -9, 0, 0, 0, 0, 0,
    0, 0, 0, 0, 0, -20, 3, 0,
    0, 3, 0, 0, 0, 0, 0, 0,
    0, -12, 0, 0, -12, 0, 0, 0,
    0, 0, 0, 0, 0, 0, 0, 0,
    -20, 0, -6, 0, -6, -6, -11, -8,
    -12, -29, 0, -3, -17, -6, -12, 0,
    -14, -9, -9, -23, 0, -12, -9, -9,
    -9, -17, -23, -3, -17, -26, -20, -12,
    -29, -12, -12, -52, -9, 0, -17, -12,
    -20, -12, -14, -9, -14, -17, -12, -20,
    -17, -20, -26, -17, 0, 0, 0, 0,
    0, 0, 0, 0, 0, 0, 0, 0,
    0, 0, 0, 0, 0, 0, 0, 0,
    0, 0, -10, 0, 0, 0, 0, 0,
    0, -17, 0, -9, 0, 0, -17, 0,
    0, 0, 0, 0, 0, -3, -9, 0,
    0, -43, 0, 0, -12, 0, 0, 0,
    0, 0, 0, -17, 0, -12, -9, 0,
    -20, 0, 0, 0, 0, 0, 0, 0,
    0, 0, 0, 0, 0, 0, 0, 0,
    0, 0, 0, 0, 0, 0, 0, 0,
    -10, 0, 0, 0, 0, 0, 0, -12,
    0, -6, -12, 0, -12, 0, -9, -9,
    0, -6, 0, -3, -6, 0, 0, -46,
    0, 0, 0, 0, 0, 0, 0, 0,
    3, -6, -3, -9, -12, 0, -20, -12,
    0, 0, 0, 0, 0, 0, 0, 0,
    0, 0, 0, 0, 0, 0, 0, 0,
    -3, 0, 0, 0, 0, 0, 0, 0,
    -6, 0, 0, 0, 0, -12, 0, -6,
    -6, 0, -12, 0, 0, 0, 0, -6,
    -12, -9, -6, 0, 0, -43, 0, 0,
    -9, 0, -3, 0, 0, 0, 0, -12,
    0, -9, -12, -12, -20, 0, 0, 0,
    0, 0, 0, 0, 0, 0, 0, 0,
    -32, -6, -9, -3, -9, -9, -9, -3,
    -12, -26, -3, -6, -17, -9, -12, -3,
    -12, -9, -9, -17, 0, -6, 0, -14,
    -12, -12, -17, -3, -14, -17, -17, -14,
    -17, -6, -6, -46, 0, 0, -20, -3,
    -14, -9, -14, 0, -3, -17, -14, -17,
    -14, -9, -23, -17, 0, 0, 0, 0,
    0, 0, 0, 0, 0, 0, -23, -6,
    -9, 0, -6, -6, -6, 0, -12, -23,
    0, -6, -14, -14, -12, -3, -3, -12,
    -6, -20, 0, -9, 0, -6, -12, -12,
    -14, -3, -20, -14, -12, -6, -17, -6,
    -6, -46, -3, -3, -17, -9, -17, 0,
    -9, 0, -14, -20, -3, -14, -14, -9,
    -26, -14, 0, 0, 0, 0, 0, 0,
    0, 0, 0, 0, 0, 0, -6, 0,
    -6, -9, -11, 0, 0, -12, 0, 0,
    0, 0, -3, 0, -12, 0, -6, -9,
    0, -12, 0, 0, -9, 0, -9, 0,
    -9, -17, 0, -6, -12, 0, 0, -43,
    0, 0, -14, -9, -9, 0, -12, 0,
    0, -17, -6, -17, -14, 0, -26, -9,
    0, 0, 0, 0, 0, 0, 0, 0,
    0, 0, -20, -6, -6, 0, -3, -3,
    0, 0, -6, -12, 0, -6, -12, -6,
    -6, -6, -3, -3, -3, -14, 0, -3,
    0, -3, -9, -3, -3, -3, -3, -6,
    -6, -12, -6, -3, 0, -40, 0, 0,
    0, 0, -3, 0, -6, 0, 0, -6,
    0, -12, 3, 0, -9, -6, 0, 0,
    0, 0, 0, 0, 0, 0, 0, 0,
    -3, 0, -3, 0, 0, 0, -9, -5,
    -8, -3, 0, 0, -14, -12, -14, 0,
    -14, 0, -6, -23, -6, -17, -9, 0,
    -17, 0, -14, -6, -9, -17, -6, -26,
    -6, -9, -12, -46, -6, 0, -26, -12,
    -6, 0, -20, 0, -9, -23, -12, -26,
    -20, -14, -40, -14
};


/*Collect the kern class' data in one place*/
static const lv_font_fmt_txt_kern_classes_t kern_classes =
{
    .class_pair_values   = kern_class_values,
    .left_class_mapping  = kern_left_class_mapping,
    .right_class_mapping = kern_right_class_mapping,
    .left_class_cnt      = 62,
    .right_class_cnt     = 62,
};

/*--------------------
 *  ALL CUSTOM DATA
 *--------------------*/

#if LVGL_VERSION_MAJOR == 8
/*Store all the custom data of the font*/
static  lv_font_fmt_txt_glyph_cache_t cache;
#endif

#if LVGL_VERSION_MAJOR >= 8
static const lv_font_fmt_txt_dsc_t font_dsc = {
#else
static lv_font_fmt_txt_dsc_t font_dsc = {
#endif
    .glyph_bitmap = glyph_bitmap,
    .glyph_dsc = glyph_dsc,
    .cmaps = cmaps,
    .kern_dsc = &kern_classes,
    .kern_scale = 16,
    .cmap_num = 3,
    .bpp = 4,
    .kern_classes = 1,
    .bitmap_format = 0,
#if LVGL_VERSION_MAJOR == 8
    .cache = &cache
#endif
};



/*-----------------
 *  PUBLIC FONT
 *----------------*/

/*Initialize a public general font descriptor*/
#if LVGL_VERSION_MAJOR >= 8
const lv_font_t lv_font_Lemi_Little_Milk_Foam_Font_18 = {
#else
lv_font_t lv_font_Lemi_Little_Milk_Foam_Font_18 = {
#endif
    .get_glyph_dsc = lv_font_get_glyph_dsc_fmt_txt,    /*Function pointer to get glyph's data*/
    .get_glyph_bitmap = lv_font_get_bitmap_fmt_txt,    /*Function pointer to get glyph's bitmap*/
    .line_height = 18,          /*The maximum line height required by the font*/
    .base_line = 2,             /*Baseline measured from the bottom of the line*/
#if !(LVGL_VERSION_MAJOR == 6 && LVGL_VERSION_MINOR == 0)
    .subpx = LV_FONT_SUBPX_NONE,
#endif
#if LV_VERSION_CHECK(7, 4, 0) || LVGL_VERSION_MAJOR >= 8
    .underline_position = -2,
    .underline_thickness = 1,
#endif
    .dsc = &font_dsc,          /*The custom font data. Will be accessed by `get_glyph_bitmap/dsc` */
#if LV_VERSION_CHECK(8, 2, 0) || LVGL_VERSION_MAJOR >= 9
    .fallback = NULL,
#endif
    .user_data = NULL,
};



#endif /*#if LV_FONT_LEMI_LITTLE_MILK_FOAM_FONT_18*/

