/*******************************************************************************
 * Size: 21 px
 * Bpp: 4
 * Opts: undefined
 ******************************************************************************/

#ifdef LV_LVGL_H_INCLUDE_SIMPLE
#include "lvgl.h"
#else
#include "lvgl.h"
#endif

#ifndef LV_FONT_LEMI_LITTLE_MILK_FOAM_FONT_21
#define LV_FONT_LEMI_LITTLE_MILK_FOAM_FONT_21 1
#endif

#if LV_FONT_LEMI_LITTLE_MILK_FOAM_FONT_21

/*-----------------
 *    BITMAPS
 *----------------*/

/*Store the image of the glyphs*/
static LV_ATTRIBUTE_LARGE_CONST const uint8_t glyph_bitmap[] = {
    /* U+0020 " " */

    /* U+0021 "!" */
    0x7e, 0xa, 0xf1, 0xaf, 0xa, 0xf0, 0xaf, 0xa,
    0xf0, 0x9e, 0x9, 0xe0, 0x7c, 0x0, 0x0, 0x8e,
    0x19, 0xe0,

    /* U+0022 "\"" */
    0x9a, 0x0, 0xc7, 0xdb, 0x0, 0xf9, 0xdb, 0x0,
    0xf8, 0xca, 0x0, 0xf7, 0xb8, 0x0, 0xe5, 0x21,
    0x0, 0x20,

    /* U+0023 "#" */
    0x0, 0x0, 0x1d, 0x0, 0x2, 0xc0, 0x0, 0x0,
    0x6, 0xf0, 0x0, 0x9d, 0x0, 0x0, 0x0, 0xad,
    0x0, 0xd, 0xa0, 0x0, 0x0, 0xe, 0x90, 0x1,
    0xf6, 0x0, 0x8, 0xff, 0xff, 0xff, 0xff, 0xff,
    0x90, 0x27, 0xcf, 0xc8, 0x8f, 0xf9, 0x75, 0x0,
    0x7, 0xf0, 0x0, 0xbd, 0x0, 0x0, 0x0, 0xad,
    0x0, 0xe, 0xa0, 0x0, 0x0, 0xd, 0xa0, 0x1,
    0xf7, 0x0, 0x3, 0x89, 0xff, 0x88, 0xcf, 0xd7,
    0x30, 0x7e, 0xff, 0xff, 0xff, 0xff, 0xfb, 0x0,
    0x6, 0xf1, 0x0, 0x9e, 0x0, 0x0, 0x0, 0x9e,
    0x0, 0xc, 0xb0, 0x0, 0x0, 0xc, 0xb0, 0x0,
    0xf8, 0x0, 0x0, 0x0, 0xe6, 0x0, 0x1f, 0x30,
    0x0, 0x0, 0x5, 0x0, 0x0, 0x50, 0x0, 0x0,

    /* U+0024 "$" */
    0x0, 0x0, 0xa6, 0x0, 0x0, 0x0, 0xe, 0x90,
    0x0, 0x0, 0x7e, 0xff, 0xe5, 0x0, 0x8f, 0xbf,
    0xab, 0x80, 0xe, 0xd0, 0xf6, 0x0, 0x0, 0xaf,
    0x8f, 0x60, 0x0, 0x1, 0xaf, 0xfd, 0x50, 0x0,
    0x0, 0x4f, 0xff, 0x80, 0x0, 0x2, 0xf6, 0xdf,
    0x0, 0x83, 0x4f, 0x7e, 0xe0, 0x1e, 0xff, 0xff,
    0xf4, 0x0, 0x16, 0xbf, 0xa2, 0x0, 0x0, 0x4,
    0xf2, 0x0, 0x0, 0x0, 0x8, 0x0, 0x0,

    /* U+0025 "%" */
    0x0, 0x0, 0x0, 0x1, 0xd2, 0x4, 0xee, 0x50,
    0x9, 0xf2, 0xf, 0x79, 0xd0, 0x2f, 0x90, 0x1f,
    0x29, 0xc0, 0xaf, 0x10, 0xa, 0xff, 0x43, 0xf8,
    0x0, 0x0, 0x10, 0xc, 0xe0, 0x0, 0x0, 0x0,
    0x5f, 0x60, 0x0, 0x0, 0x0, 0xed, 0x0, 0x0,
    0x0, 0x7, 0xf4, 0x0, 0x0, 0x0, 0x1f, 0xb0,
    0x26, 0x30, 0x0, 0x9f, 0x23, 0xfe, 0xf2, 0x2,
    0xf9, 0x9, 0xb0, 0xf5, 0xb, 0xe1, 0x8, 0xc4,
    0xf3, 0x4f, 0x60, 0x1, 0xcf, 0x80, 0x6c, 0x0,
    0x0, 0x0, 0x0,

    /* U+0026 "&" */
    0x0, 0x4, 0xcf, 0xe7, 0x0, 0x0, 0x0, 0x4f,
    0xa3, 0x8f, 0x40, 0x0, 0x0, 0xbe, 0x0, 0xe,
    0x90, 0x0, 0x0, 0xea, 0x0, 0x1f, 0x80, 0x0,
    0x0, 0xcc, 0x0, 0xaf, 0x20, 0x0, 0x0, 0x7f,
    0x4a, 0xf6, 0x0, 0x0, 0x0, 0x1f, 0xff, 0x50,
    0x0, 0x0, 0x0, 0x8f, 0xf9, 0x0, 0x0, 0x0,
    0x6, 0xff, 0xfe, 0x10, 0x1e, 0x30, 0x1f, 0xe2,
    0x5f, 0xc0, 0x9f, 0x10, 0x4f, 0x70, 0x7, 0xfd,
    0xf9, 0x0, 0x5f, 0x60, 0x0, 0xbf, 0xf5, 0x0,
    0x1e, 0xe4, 0x26, 0xef, 0xff, 0x40, 0x3, 0xdf,
    0xff, 0xa1, 0x4e, 0xf0, 0x0, 0x3, 0x41, 0x0,
    0x1, 0x30,

    /* U+0027 "'" */
    0x6, 0x40, 0xf9, 0x1f, 0x81, 0xf7, 0x1f, 0x50,
    0xe1,

    /* U+0028 "(" */
    0x0, 0x3d, 0x0, 0xda, 0x4, 0xf3, 0xb, 0xe0,
    0xf, 0xa0, 0x2f, 0x70, 0x3f, 0x50, 0x4f, 0x40,
    0x3f, 0x50, 0x1f, 0x70, 0xe, 0xb0, 0x9, 0xf0,
    0x3, 0xf6, 0x0, 0xcd, 0x0, 0x2a,

    /* U+0029 ")" */
    0x3c, 0x0, 0x0, 0xe8, 0x0, 0x8, 0xf0, 0x0,
    0x3f, 0x60, 0x0, 0xea, 0x0, 0xc, 0xd0, 0x0,
    0xae, 0x0, 0x9, 0xf0, 0x0, 0xae, 0x0, 0xc,
    0xc0, 0x0, 0xf9, 0x0, 0x5f, 0x50, 0xb, 0xe0,
    0x1, 0xf7, 0x0, 0x2a, 0x0, 0x0,

    /* U+002A "*" */
    0x0, 0x3, 0x0, 0x0, 0x1, 0xf0, 0x0, 0x9b,
    0x3f, 0x6c, 0x90, 0x9f, 0xff, 0x60, 0x1a, 0xff,
    0xf4, 0x6, 0xa3, 0xf8, 0xf6, 0x0, 0x1f, 0x3,
    0x30, 0x0, 0xd0, 0x0,

    /* U+002B "+" */
    0x0, 0x0, 0x4, 0x0, 0x0, 0x0, 0x0, 0x4,
    0xf0, 0x0, 0x0, 0x0, 0x0, 0x5f, 0x20, 0x0,
    0x0, 0x0, 0x6, 0xf2, 0x0, 0x0, 0x0, 0x0,
    0x9f, 0x40, 0x0, 0x6, 0xff, 0xff, 0xff, 0xff,
    0xf3, 0x29, 0x99, 0xdf, 0xc9, 0x99, 0x10, 0x0,
    0x6, 0xf3, 0x0, 0x0, 0x0, 0x0, 0x5f, 0x20,
    0x0, 0x0, 0x0, 0x5, 0xf2, 0x0, 0x0, 0x0,
    0x0, 0x2e, 0x0, 0x0, 0x0,

    /* U+002C "," */
    0x0, 0x60, 0x6, 0xf5, 0xa, 0xf2, 0xe, 0xe0,
    0x1f, 0x90, 0x1e, 0x30,

    /* U+002D "-" */
    0x9, 0xaa, 0xaa, 0xa8, 0xe, 0xff, 0xff, 0xfd,

    /* U+002E "." */
    0x5, 0x9, 0xf8, 0x7e, 0x50,

    /* U+002F "/" */
    0x0, 0x0, 0x8, 0x70, 0x0, 0x0, 0xf6, 0x0,
    0x0, 0x5f, 0x20, 0x0, 0xa, 0xd0, 0x0, 0x0,
    0xf9, 0x0, 0x0, 0x4f, 0x40, 0x0, 0x9, 0xf0,
    0x0, 0x0, 0xdb, 0x0, 0x0, 0x1f, 0x60, 0x0,
    0x6, 0xf2, 0x0, 0x0, 0xbd, 0x0, 0x0, 0xf,
    0x80, 0x0, 0x4, 0xf4, 0x0, 0x0, 0x9f, 0x0,
    0x0, 0xd, 0xb0, 0x0, 0x1, 0xf6, 0x0, 0x0,
    0x6f, 0x10, 0x0, 0x9, 0xc0, 0x0, 0x0, 0x84,
    0x0, 0x0, 0x0,

    /* U+0030 "0" */
    0x0, 0x7, 0xee, 0x60, 0x0, 0x7, 0xfd, 0xef,
    0x50, 0x1, 0xf9, 0x0, 0xed, 0x0, 0x7f, 0x10,
    0x8, 0xf1, 0xc, 0xb0, 0x0, 0x6f, 0x30, 0xf8,
    0x0, 0x6, 0xf3, 0x1f, 0x60, 0x0, 0x8f, 0x21,
    0xf6, 0x0, 0xa, 0xf0, 0x1f, 0x70, 0x0, 0xeb,
    0x0, 0xf9, 0x0, 0x5f, 0x50, 0x9, 0xf2, 0x3e,
    0xd0, 0x0, 0x2e, 0xff, 0xe2, 0x0, 0x0, 0x18,
    0x71, 0x0, 0x0,

    /* U+0031 "1" */
    0x0, 0x1, 0x20, 0x0, 0x4e, 0xb0, 0x5, 0xff,
    0xb0, 0x1f, 0x9f, 0x90, 0x3, 0xf, 0x80, 0x0,
    0x1f, 0x60, 0x0, 0x3f, 0x50, 0x0, 0x4f, 0x40,
    0x0, 0x6f, 0x30, 0x0, 0x7f, 0x20, 0x0, 0x8f,
    0x10, 0x1, 0xaf, 0x20, 0x1f, 0xff, 0xf6, 0x3,
    0x44, 0x40,

    /* U+0032 "2" */
    0x0, 0x1b, 0xff, 0xb1, 0x0, 0x0, 0xee, 0x8a,
    0xfa, 0x0, 0x0, 0x92, 0x0, 0xdf, 0x0, 0x0,
    0x0, 0x0, 0xcf, 0x0, 0x0, 0x0, 0x1, 0xfb,
    0x0, 0x0, 0x0, 0x9, 0xf4, 0x0, 0x0, 0x0,
    0x4f, 0xa0, 0x0, 0x0, 0x2, 0xee, 0x10, 0x0,
    0x0, 0x1d, 0xf3, 0x0, 0x0, 0x1, 0xdf, 0x50,
    0x0, 0x0, 0xc, 0xfe, 0x9a, 0xbb, 0x90, 0xd,
    0xff, 0xff, 0xff, 0xe2,

    /* U+0033 "3" */
    0x9, 0xef, 0xc4, 0x0, 0xa, 0x77, 0xef, 0x20,
    0x0, 0x0, 0x6f, 0x50, 0x0, 0x0, 0xaf, 0x20,
    0x0, 0x9, 0xf6, 0x0, 0x0, 0xbf, 0xd5, 0x0,
    0x0, 0x7a, 0xdf, 0xb0, 0x0, 0x0, 0x8, 0xf5,
    0x0, 0x0, 0x7, 0xf6, 0x0, 0x0, 0x3f, 0xf1,
    0x0, 0x4a, 0xff, 0x50, 0xe, 0xff, 0xb2, 0x0,
    0x2, 0x52, 0x0, 0x0,

    /* U+0034 "4" */
    0x0, 0x2, 0xd0, 0x0, 0x0, 0x0, 0x0, 0xae,
    0x0, 0x0, 0x0, 0x0, 0x2f, 0x90, 0x7c, 0x0,
    0x0, 0x9, 0xf2, 0xa, 0xd0, 0x0, 0x1, 0xfb,
    0x0, 0xcc, 0x0, 0x0, 0x7f, 0x40, 0xe, 0xb0,
    0x0, 0xd, 0xe2, 0x24, 0xfe, 0xaa, 0x10, 0xef,
    0xff, 0xff, 0xff, 0xc1, 0x1, 0x45, 0x56, 0xf8,
    0x0, 0x0, 0x0, 0x0, 0x2f, 0x60, 0x0, 0x0,
    0x0, 0x3, 0xf6, 0x0, 0x0, 0x0, 0x0, 0x3f,
    0x50, 0x0, 0x0, 0x0, 0x0, 0xb1, 0x0, 0x0,

    /* U+0035 "5" */
    0x4, 0xd0, 0x0, 0x0, 0x7, 0xff, 0xff, 0xe1,
    0xa, 0xf8, 0x75, 0x20, 0xc, 0xb0, 0x0, 0x0,
    0xe, 0xa0, 0x0, 0x0, 0xf, 0xff, 0xfb, 0x10,
    0x8, 0x95, 0x6f, 0xb0, 0x0, 0x0, 0xb, 0xf0,
    0x0, 0x0, 0xc, 0xe0, 0x0, 0x0, 0x3f, 0xa0,
    0x9, 0x32, 0xdf, 0x20, 0xd, 0xff, 0xf4, 0x0,
    0x0, 0x57, 0x20, 0x0,

    /* U+0036 "6" */
    0x0, 0x1, 0xd3, 0x0, 0x0, 0xc, 0xa0, 0x0,
    0x0, 0x7f, 0x10, 0x0, 0x0, 0xf8, 0x0, 0x0,
    0x6, 0xf1, 0x0, 0x0, 0xb, 0xdb, 0xfe, 0x60,
    0xf, 0xf9, 0x4b, 0xf3, 0x1f, 0xa0, 0x1, 0xf8,
    0x1f, 0x90, 0x0, 0xf8, 0xf, 0xd0, 0x5, 0xf5,
    0x9, 0xf6, 0x4e, 0xd0, 0x1, 0xcf, 0xfd, 0x20,
    0x0, 0x3, 0x40, 0x0,

    /* U+0037 "7" */
    0xe, 0xff, 0xff, 0xff, 0x40, 0x26, 0x66, 0x6d,
    0xf1, 0x0, 0x0, 0x0, 0xeb, 0x0, 0x0, 0x0,
    0x5f, 0x40, 0x0, 0x0, 0xa, 0xe0, 0x0, 0x0,
    0x0, 0xf9, 0x0, 0x0, 0x0, 0x4f, 0x40, 0x0,
    0x0, 0x8, 0xf0, 0x0, 0x0, 0x0, 0xdb, 0x0,
    0x0, 0x0, 0x1f, 0x60, 0x0, 0x0, 0x6, 0xf1,
    0x0, 0x0, 0x0, 0x9d, 0x0, 0x0, 0x0, 0x2,
    0x30, 0x0, 0x0,

    /* U+0038 "8" */
    0x0, 0x7d, 0xfb, 0x20, 0x6, 0xf7, 0x4b, 0xe0,
    0xb, 0xc0, 0x2, 0xf4, 0xa, 0xd0, 0x7, 0xf2,
    0x3, 0xf8, 0x3f, 0x80, 0x0, 0x6f, 0xf9, 0x0,
    0x0, 0x5f, 0xfd, 0x10, 0x4, 0xf8, 0x2d, 0xd0,
    0xd, 0xb0, 0x3, 0xf5, 0x1f, 0x50, 0x0, 0xf7,
    0xe, 0xc2, 0x2a, 0xf3, 0x4, 0xef, 0xfe, 0x60,
    0x0, 0x3, 0x30, 0x0,

    /* U+0039 "9" */
    0x0, 0x4c, 0xfc, 0x30, 0x5, 0xf8, 0x3a, 0xf1,
    0xe, 0x90, 0x0, 0xf6, 0x1f, 0x60, 0x3, 0xf6,
    0xe, 0xc2, 0x5e, 0xf5, 0x4, 0xef, 0xfd, 0xf3,
    0x0, 0x3, 0x17, 0xf0, 0x0, 0x0, 0xa, 0xc0,
    0x0, 0x0, 0xe, 0x90, 0x0, 0x0, 0x1f, 0x60,
    0x0, 0x0, 0x4f, 0x30, 0x0, 0x0, 0x7f, 0x0,
    0x0, 0x0, 0x46, 0x0,

    /* U+003A ":" */
    0x9d, 0x1d, 0xf2, 0x12, 0x0, 0x0, 0x0, 0x0,
    0x0, 0x0, 0x9, 0xd1, 0xef, 0x21, 0x20,

    /* U+003B ";" */
    0x0, 0x2, 0xf8, 0x1d, 0x80, 0x0, 0x0, 0x0,
    0x0, 0xa, 0x80, 0xf9, 0x3f, 0x56, 0xf1, 0x6a,
    0x0, 0x0,

    /* U+003C "<" */
    0x0, 0x0, 0x0, 0x29, 0x50, 0x0, 0x1, 0x9f,
    0xf6, 0x0, 0x18, 0xff, 0xc3, 0x0, 0x6e, 0xfd,
    0x40, 0x0, 0x7f, 0xf5, 0x0, 0x0, 0x4, 0xef,
    0xb2, 0x0, 0x0, 0x1, 0xaf, 0xf8, 0x0, 0x0,
    0x0, 0x5e, 0xfd, 0x30, 0x0, 0x0, 0x9, 0xff,
    0x60, 0x0, 0x0, 0x4, 0xd9,

    /* U+003D "=" */
    0x6f, 0xff, 0xff, 0xff, 0xfb, 0x2, 0x88, 0x88,
    0x88, 0x88, 0x50, 0x0, 0x0, 0x0, 0x0, 0x0,
    0x0, 0x0, 0x0, 0x0, 0x0, 0x0, 0x17, 0x88,
    0x88, 0x88, 0x84, 0x6, 0xff, 0xff, 0xff, 0xff,
    0xb0,

    /* U+003E ">" */
    0x3a, 0x30, 0x0, 0x0, 0x4, 0xff, 0xa2, 0x0,
    0x0, 0x2, 0xbf, 0xf9, 0x10, 0x0, 0x0, 0x3b,
    0xff, 0x80, 0x0, 0x0, 0x4, 0xff, 0xa0, 0x0,
    0x1, 0xaf, 0xf6, 0x0, 0x6, 0xff, 0xc2, 0x0,
    0x2c, 0xff, 0x60, 0x0, 0x4f, 0xfb, 0x10, 0x0,
    0x7, 0xe5, 0x0, 0x0, 0x0,

    /* U+003F "?" */
    0x3, 0xbf, 0xe9, 0x4, 0xfb, 0x68, 0xf9, 0xbb,
    0x0, 0xb, 0xd4, 0x0, 0x0, 0xda, 0x0, 0x1,
    0xce, 0x10, 0x1, 0xed, 0x10, 0x0, 0x5f, 0x10,
    0x0, 0x6, 0xe0, 0x0, 0x0, 0x15, 0x0, 0x0,
    0x0, 0x0, 0x0, 0x0, 0x6c, 0x0, 0x0, 0x5,
    0xc0, 0x0,

    /* U+0040 "@" */
    0x0, 0x0, 0x28, 0xdf, 0xec, 0x70, 0x0, 0x0,
    0x8, 0xff, 0xb8, 0x8d, 0xfc, 0x0, 0x0, 0xaf,
    0x90, 0x0, 0x0, 0x6f, 0x80, 0x7, 0xf7, 0x0,
    0x0, 0x0, 0xb, 0xf0, 0x1f, 0xc0, 0x8, 0xed,
    0xc7, 0x7, 0xf2, 0x6f, 0x30, 0x7f, 0xc9, 0xf8,
    0x5, 0xf3, 0xaf, 0x0, 0xfe, 0x13, 0xf5, 0x7,
    0xf2, 0xcc, 0x3, 0xf9, 0x8, 0xf3, 0xb, 0xe0,
    0xcd, 0x4, 0xfc, 0x7f, 0xf7, 0x6f, 0x80, 0xbf,
    0x0, 0xef, 0xf7, 0xef, 0xfb, 0x0, 0x6f, 0x70,
    0x15, 0x20, 0x16, 0x30, 0x0, 0xe, 0xf5, 0x0,
    0x0, 0x0, 0x0, 0x0, 0x3, 0xef, 0xd9, 0x9c,
    0xf9, 0x0, 0x0, 0x0, 0x18, 0xcf, 0xfd, 0x81,
    0x0, 0x0,

    /* U+0041 "A" */
    0x0, 0x2, 0xe5, 0x0, 0x0, 0x0, 0x8f, 0xd0,
    0x0, 0x0, 0xe, 0xaf, 0x30, 0x0, 0x4, 0xf1,
    0xc8, 0x0, 0x0, 0xac, 0x7, 0xd0, 0x0, 0xf,
    0x71, 0x5f, 0x20, 0x5, 0xff, 0xff, 0xf6, 0x0,
    0xad, 0x43, 0x3d, 0xb0, 0xf, 0x70, 0x0, 0x8f,
    0x4, 0xf2, 0x0, 0x4, 0xf3, 0x5b, 0x0, 0x0,
    0xd, 0x20,

    /* U+0042 "B" */
    0x4d, 0xfe, 0x91, 0x0, 0x5f, 0x56, 0xde, 0x0,
    0x3f, 0x10, 0x3f, 0x30, 0x4f, 0x11, 0xbf, 0x10,
    0x5f, 0x8e, 0xf4, 0x0, 0x6f, 0xff, 0xf8, 0x0,
    0x6f, 0x22, 0x7f, 0xb0, 0x7f, 0x0, 0x7, 0xf0,
    0x7e, 0x0, 0x2d, 0xd0, 0x8e, 0x7b, 0xfe, 0x30,
    0x4e, 0xfb, 0x60, 0x0,

    /* U+0043 "C" */
    0x0, 0x8, 0xee, 0x70, 0x0, 0xbf, 0xaa, 0xf0,
    0x6, 0xf6, 0x0, 0x10, 0xe, 0xc0, 0x0, 0x0,
    0x3f, 0x50, 0x0, 0x0, 0x6f, 0x10, 0x0, 0x0,
    0x7f, 0x0, 0x0, 0x0, 0x6f, 0x30, 0x0, 0x0,
    0x2f, 0xa0, 0x0, 0x88, 0x9, 0xfd, 0xae, 0xf7,
    0x0, 0x7d, 0xfd, 0x50,

    /* U+0044 "D" */
    0x6f, 0xff, 0xc6, 0x0, 0x5, 0xf6, 0x7c, 0xfb,
    0x0, 0x4f, 0x0, 0x5, 0xf9, 0x5, 0xf0, 0x0,
    0x9, 0xf0, 0x6f, 0x0, 0x0, 0x6f, 0x26, 0xf0,
    0x0, 0x8, 0xf0, 0x7f, 0x0, 0x1, 0xeb, 0x7,
    0xf0, 0x1, 0xcf, 0x30, 0x7e, 0x6, 0xef, 0x50,
    0x7, 0xfe, 0xfc, 0x30, 0x0, 0x5f, 0xa4, 0x0,
    0x0, 0x0,

    /* U+0045 "E" */
    0xc, 0xff, 0xff, 0xc0, 0xe, 0xc7, 0x66, 0x20,
    0xf, 0x70, 0x0, 0x0, 0x2f, 0x50, 0x0, 0x0,
    0x4f, 0x52, 0x46, 0x20, 0x6f, 0xff, 0xff, 0x80,
    0x7f, 0xa7, 0x53, 0x0, 0x8f, 0x10, 0x0, 0x0,
    0x8f, 0x20, 0x0, 0x0, 0x4f, 0xed, 0xcd, 0xd3,
    0x8, 0xef, 0xfd, 0xa1,

    /* U+0046 "F" */
    0x2d, 0xff, 0xff, 0x96, 0xfc, 0x87, 0x62, 0xf,
    0x50, 0x0, 0x0, 0xf5, 0x0, 0x0, 0x1f, 0x96,
    0x88, 0x6, 0xff, 0xfe, 0xa0, 0x3f, 0x70, 0x0,
    0x2, 0xf4, 0x0, 0x0, 0x3f, 0x40, 0x0, 0x3,
    0xf3, 0x0, 0x0, 0x1e, 0x10, 0x0, 0x0,

    /* U+0047 "G" */
    0x0, 0x4, 0xcf, 0xb1, 0x0, 0x6, 0xfc, 0x69,
    0x20, 0x3, 0xf9, 0x0, 0x0, 0x0, 0xbe, 0x0,
    0x0, 0x0, 0x1f, 0x70, 0x0, 0x0, 0x5, 0xf3,
    0x3, 0x79, 0x94, 0x6f, 0x10, 0x7d, 0xff, 0x74,
    0xf4, 0x0, 0xa, 0xe0, 0xd, 0xd4, 0x27, 0xfd,
    0x0, 0x2d, 0xff, 0xff, 0xd0, 0x0, 0x3, 0x41,
    0x7b, 0x0,

    /* U+0048 "H" */
    0x4, 0x0, 0x0, 0x2d, 0x3, 0xf0, 0x0, 0x5,
    0xf1, 0x4f, 0x10, 0x0, 0x6f, 0x5, 0xf1, 0x0,
    0x8, 0xf0, 0x6f, 0x21, 0x36, 0xcf, 0x6, 0xff,
    0xff, 0xff, 0xf0, 0x7f, 0xb8, 0x63, 0xbf, 0x7,
    0xf1, 0x0, 0xa, 0xe0, 0x7f, 0x0, 0x0, 0xae,
    0x7, 0xf0, 0x0, 0xa, 0xd0, 0x3e, 0x0, 0x0,
    0x7b, 0x0,

    /* U+0049 "I" */
    0x0, 0x0, 0x2e, 0xf9, 0xa, 0xf3, 0x8, 0xe0,
    0xa, 0xd0, 0xb, 0xd0, 0xc, 0xc0, 0xd, 0xc0,
    0xe, 0xb0, 0xe, 0xb0, 0x5f, 0xf6, 0xcf, 0xd6,

    /* U+004A "J" */
    0x0, 0x8, 0xdf, 0x30, 0x0, 0xaf, 0xc0, 0x0,
    0x0, 0xba, 0x0, 0x0, 0xa, 0xb0, 0x0, 0x0,
    0xac, 0x0, 0x0, 0xa, 0xc0, 0x0, 0x0, 0xac,
    0x1, 0x10, 0xc, 0xb0, 0x9d, 0x0, 0xf8, 0x3,
    0xfd, 0xcf, 0x30, 0x3, 0xdf, 0x70, 0x0,

    /* U+004B "K" */
    0xe, 0x10, 0x0, 0x0, 0x3f, 0x20, 0xa, 0xe0,
    0x5f, 0x10, 0xbf, 0x70, 0x6f, 0x1a, 0xf7, 0x0,
    0x7f, 0xbf, 0x60, 0x0, 0x8f, 0xf6, 0x0, 0x0,
    0x8f, 0xfb, 0x10, 0x0, 0x8f, 0x4f, 0xd2, 0x0,
    0x8f, 0x3, 0xfe, 0x40, 0x7f, 0x0, 0x3e, 0xf3,
    0x3d, 0x0, 0x2, 0xd5,

    /* U+004C "L" */
    0xb, 0x50, 0x0, 0x0, 0xf, 0x70, 0x0, 0x0,
    0x1f, 0x60, 0x0, 0x0, 0x2f, 0x60, 0x0, 0x0,
    0x3f, 0x50, 0x0, 0x0, 0x5f, 0x40, 0x0, 0x0,
    0x6f, 0x30, 0x0, 0x0, 0x7f, 0x20, 0x0, 0x0,
    0x8f, 0x10, 0x1, 0x0, 0x8f, 0xce, 0xff, 0xf1,
    0x3e, 0xfe, 0xca, 0x70, 0x0, 0x0, 0x0, 0x0,

    /* U+004D "M" */
    0x0, 0x0, 0x0, 0x0, 0x1, 0x40, 0x0, 0x0,
    0xab, 0x0, 0x0, 0xbf, 0x10, 0x0, 0x2f, 0xf3,
    0x0, 0x5f, 0xf4, 0x0, 0x7, 0xff, 0xa0, 0xd,
    0xcf, 0x60, 0x0, 0xcc, 0x9f, 0x5, 0xf1, 0xe7,
    0x0, 0x1f, 0x63, 0xf5, 0xd9, 0xd, 0x90, 0x6,
    0xf2, 0xd, 0xff, 0x20, 0xba, 0x0, 0xae, 0x0,
    0x7f, 0xc0, 0xa, 0xc0, 0xd, 0xa0, 0x1, 0xd4,
    0x0, 0x8e, 0x0, 0xf7, 0x0, 0x0, 0x0, 0x6,
    0xf0, 0xe, 0x40, 0x0, 0x0, 0x0, 0x2e, 0x10,

    /* U+004E "N" */
    0x0, 0x0, 0x0, 0x0, 0x8a, 0x3, 0xa0, 0x0,
    0x0, 0xda, 0x8, 0xf9, 0x0, 0x0, 0xf7, 0xb,
    0xff, 0x30, 0x2, 0xf5, 0xc, 0xfe, 0xc0, 0x5,
    0xf3, 0xe, 0xa5, 0xf6, 0x7, 0xf1, 0xf, 0x80,
    0xbe, 0x19, 0xf0, 0x1f, 0x70, 0x2f, 0xac, 0xd0,
    0x3f, 0x50, 0x8, 0xff, 0xc0, 0x4f, 0x30, 0x0,
    0xdf, 0xa0, 0x2e, 0x0, 0x0, 0x2e, 0x50,

    /* U+004F "O" */
    0x0, 0x2, 0xae, 0xfb, 0x30, 0x0, 0x3, 0xff,
    0x9a, 0xff, 0x40, 0x0, 0xee, 0x20, 0x2, 0xee,
    0x0, 0x8f, 0x40, 0x0, 0x7, 0xf4, 0xd, 0xc0,
    0x0, 0x0, 0x4f, 0x51, 0xf7, 0x0, 0x0, 0x6,
    0xf4, 0x3f, 0x50, 0x0, 0x0, 0xce, 0x2, 0xf8,
    0x0, 0x0, 0x5f, 0x80, 0xd, 0xe2, 0x0, 0x4f,
    0xe1, 0x0, 0x3f, 0xfa, 0xbf, 0xe2, 0x0, 0x0,
    0x3b, 0xfe, 0xa1, 0x0, 0x0,

    /* U+0050 "P" */
    0x8, 0xdf, 0xe9, 0x10, 0x6f, 0xa3, 0x6e, 0xe1,
    0xd, 0x60, 0x2, 0xf6, 0xe, 0x50, 0x3, 0xf5,
    0xf, 0x40, 0x4e, 0xc0, 0x1f, 0xbd, 0xf9, 0x0,
    0x1f, 0xd7, 0x20, 0x0, 0x2f, 0x20, 0x0, 0x0,
    0x3f, 0x10, 0x0, 0x0, 0x4f, 0x0, 0x0, 0x0,
    0x3d, 0x0, 0x0, 0x0,

    /* U+0051 "Q" */
    0x0, 0x2, 0x9e, 0xea, 0x20, 0x0, 0x3, 0xfd,
    0x77, 0xde, 0x10, 0x0, 0xdd, 0x0, 0x1, 0xf9,
    0x0, 0x7f, 0x30, 0x0, 0x9, 0xe0, 0xd, 0xb0,
    0x0, 0x0, 0x7f, 0x1, 0xf6, 0x0, 0x0, 0x9,
    0xf0, 0x2f, 0x30, 0x0, 0x0, 0xdb, 0x2, 0xf5,
    0x0, 0x1d, 0xaf, 0x50, 0xd, 0xd0, 0x0, 0xbf,
    0xf0, 0x0, 0x4f, 0xd8, 0x9f, 0xff, 0x40, 0x0,
    0x3b, 0xfe, 0x81, 0xaf, 0x40, 0x0, 0x0, 0x0,
    0x0, 0xa9,

    /* U+0052 "R" */
    0x8, 0xdf, 0xea, 0x10, 0x3, 0xee, 0x46, 0xde,
    0x0, 0x8, 0xb0, 0x2, 0xf5, 0x0, 0xa9, 0x0,
    0x4f, 0x40, 0xc, 0x80, 0x5e, 0xc0, 0x0, 0xee,
    0xef, 0x90, 0x0, 0xf, 0xff, 0x70, 0x0, 0x1,
    0xf6, 0xaf, 0x60, 0x0, 0x2f, 0x20, 0x8f, 0x90,
    0x3, 0xf1, 0x0, 0x5f, 0xb0, 0x2e, 0x0, 0x0,
    0x4e, 0x40,

    /* U+0053 "S" */
    0x0, 0x6d, 0xf9, 0x0, 0xaf, 0xa6, 0x20, 0x3f,
    0x60, 0x0, 0x6, 0xf4, 0x0, 0x0, 0x1e, 0xf7,
    0x10, 0x0, 0x19, 0xff, 0x60, 0x0, 0x1, 0xaf,
    0x60, 0x0, 0x0, 0xdb, 0x0, 0x0, 0xe, 0xa8,
    0xe9, 0x8e, 0xf3, 0x1a, 0xef, 0xb3, 0x0,

    /* U+0054 "T" */
    0x2f, 0xff, 0xff, 0xff, 0xff, 0x50, 0x9c, 0xce,
    0xfe, 0xcc, 0xa1, 0x0, 0x0, 0x4f, 0x50, 0x0,
    0x0, 0x0, 0x3, 0xf6, 0x0, 0x0, 0x0, 0x0,
    0x3f, 0x60, 0x0, 0x0, 0x0, 0x3, 0xf6, 0x0,
    0x0, 0x0, 0x0, 0x3f, 0x60, 0x0, 0x0, 0x0,
    0x3, 0xf6, 0x0, 0x0, 0x0, 0x0, 0x4f, 0x60,
    0x0, 0x0, 0x0, 0x4, 0xf5, 0x0, 0x0, 0x0,
    0x0, 0x1e, 0x30, 0x0, 0x0,

    /* U+0055 "U" */
    0xb, 0x60, 0x0, 0x7, 0xb0, 0xf7, 0x0, 0x0,
    0xbe, 0x3f, 0x50, 0x0, 0xb, 0xe5, 0xf3, 0x0,
    0x0, 0xdd, 0x6f, 0x30, 0x0, 0xe, 0xc5, 0xf3,
    0x0, 0x1, 0xf9, 0x4f, 0x50, 0x0, 0x5f, 0x62,
    0xf9, 0x0, 0xb, 0xf2, 0xd, 0xf2, 0x4, 0xfb,
    0x0, 0x4f, 0xfd, 0xff, 0x20, 0x0, 0x4c, 0xfb,
    0x30, 0x0,

    /* U+0056 "V" */
    0x3d, 0x0, 0x0, 0x6, 0xf2, 0x3f, 0x60, 0x0,
    0xd, 0xf1, 0xe, 0xc0, 0x0, 0x3f, 0xb0, 0x9,
    0xf1, 0x0, 0x9f, 0x50, 0x5, 0xf6, 0x0, 0xfd,
    0x0, 0x0, 0xfb, 0x6, 0xf7, 0x0, 0x0, 0xbf,
    0xd, 0xf1, 0x0, 0x0, 0x6f, 0xdf, 0x90, 0x0,
    0x0, 0x1f, 0xff, 0x20, 0x0, 0x0, 0xc, 0xfb,
    0x0, 0x0, 0x0, 0x4, 0xe3, 0x0, 0x0,

    /* U+0057 "W" */
    0x40, 0x0, 0x0, 0x0, 0x0, 0xa7, 0xf5, 0x0,
    0x0, 0x0, 0x0, 0xf8, 0xf7, 0x0, 0x0, 0x0,
    0x3, 0xf6, 0xf9, 0x0, 0x0, 0x0, 0x7, 0xf3,
    0xea, 0x0, 0x8e, 0x40, 0xb, 0xf0, 0xcb, 0x4,
    0xff, 0xd0, 0xe, 0xc0, 0xad, 0xd, 0xe8, 0xf2,
    0x2f, 0x70, 0x8f, 0x6f, 0x40, 0xf8, 0x7f, 0x30,
    0x5f, 0xfc, 0x0, 0xaf, 0xee, 0x0, 0x2f, 0xf4,
    0x0, 0x3f, 0xf9, 0x0, 0xc, 0xa0, 0x0, 0x8,
    0xe2, 0x0,

    /* U+0058 "X" */
    0x3, 0x0, 0x0, 0x1, 0xc3, 0xe, 0xa0, 0x0,
    0xb, 0xf1, 0x6, 0xf8, 0x0, 0x8f, 0x60, 0x0,
    0xaf, 0x55, 0xfa, 0x0, 0x0, 0xd, 0xff, 0xe0,
    0x0, 0x0, 0x5, 0xff, 0x50, 0x0, 0x0, 0xa,
    0xff, 0xb0, 0x0, 0x0, 0x7f, 0x76, 0xf9, 0x0,
    0x3, 0xfb, 0x0, 0xaf, 0x60, 0x1e, 0xd1, 0x0,
    0xd, 0xf3, 0x3e, 0x20, 0x0, 0x2, 0xd4,

    /* U+0059 "Y" */
    0x15, 0x0, 0x0, 0xb, 0x64, 0xf4, 0x0, 0x8,
    0xf4, 0xa, 0xe2, 0x3, 0xf9, 0x0, 0x1e, 0xd1,
    0xdd, 0x0, 0x0, 0x3f, 0xff, 0x30, 0x0, 0x0,
    0x6f, 0x70, 0x0, 0x0, 0x4, 0xf3, 0x0, 0x0,
    0x0, 0x5f, 0x20, 0x0, 0x0, 0x6, 0xf0, 0x0,
    0x0, 0x0, 0x8f, 0x0, 0x0, 0x0, 0x8, 0xd0,
    0x0, 0x0, 0x0, 0x1, 0x0, 0x0,

    /* U+005A "Z" */
    0x2f, 0xff, 0xff, 0xf8, 0x1, 0x89, 0x99, 0xaf,
    0x90, 0x0, 0x0, 0xb, 0xd0, 0x0, 0x0, 0x6,
    0xf3, 0x0, 0x0, 0x1, 0xf7, 0x0, 0x0, 0x0,
    0xbc, 0x0, 0x0, 0x0, 0x6f, 0x20, 0x0, 0x0,
    0x1e, 0x80, 0x0, 0x0, 0xa, 0xd0, 0x1, 0x35,
    0x4, 0xfc, 0xbe, 0xff, 0xf3, 0x4f, 0xeb, 0x96,
    0x53, 0x0,

    /* U+005B "[" */
    0x0, 0x0, 0x1, 0xff, 0xfb, 0x2f, 0x73, 0x12,
    0xf3, 0x0, 0x2f, 0x30, 0x2, 0xf3, 0x0, 0x2f,
    0x30, 0x2, 0xf3, 0x0, 0x2f, 0x30, 0x2, 0xf3,
    0x0, 0x2f, 0x30, 0x3, 0xf3, 0x0, 0x3f, 0x30,
    0x3, 0xf3, 0x0, 0x3f, 0x50, 0x2, 0xff, 0xfb,
    0x3, 0x44, 0x20,

    /* U+005C "\\" */
    0x95, 0x0, 0x0, 0x9, 0xc0, 0x0, 0x0, 0x5f,
    0x20, 0x0, 0x0, 0xf7, 0x0, 0x0, 0xb, 0xc0,
    0x0, 0x0, 0x7f, 0x10, 0x0, 0x2, 0xf5, 0x0,
    0x0, 0xe, 0xa0, 0x0, 0x0, 0x9e, 0x0, 0x0,
    0x4, 0xf3, 0x0, 0x0, 0xf, 0x80, 0x0, 0x0,
    0xbc, 0x0, 0x0, 0x7, 0xf1, 0x0, 0x0, 0x2f,
    0x50, 0x0, 0x0, 0xda, 0x0, 0x0, 0x9, 0xe0,
    0x0, 0x0, 0x4f, 0x30, 0x0, 0x0, 0xe7, 0x0,
    0x0, 0x6, 0x60,

    /* U+005D "]" */
    0x0, 0x0, 0x1, 0xff, 0xfb, 0x3, 0x4b, 0xd0,
    0x0, 0x8d, 0x0, 0x8, 0xd0, 0x0, 0x8d, 0x0,
    0x8, 0xd0, 0x0, 0x8d, 0x0, 0x8, 0xd0, 0x0,
    0x8d, 0x0, 0x8, 0xd0, 0x0, 0x8d, 0x0, 0x8,
    0xd0, 0x0, 0x8d, 0x0, 0x1a, 0xe1, 0xff, 0xfd,
    0x3, 0x44, 0x10,

    /* U+005E "^" */
    0x0, 0x5e, 0x50, 0x0, 0x0, 0xef, 0xf2, 0x0,
    0x8, 0xf7, 0xfa, 0x0, 0x1f, 0xa0, 0x8f, 0x30,
    0x7f, 0x20, 0xe, 0xc0, 0x69, 0x0, 0x4, 0xd0,

    /* U+005F "_" */
    0x0, 0x0, 0x0, 0x0, 0x0, 0xcf, 0xff, 0xff,
    0xff, 0xfc, 0x13, 0x33, 0x33, 0x33, 0x31,

    /* U+0061 "a" */
    0x0, 0x8, 0xef, 0x80, 0x0, 0xc, 0xf8, 0x9f,
    0x80, 0x8, 0xf3, 0x0, 0xe7, 0x1, 0xf8, 0x0,
    0xf, 0x50, 0x4f, 0x20, 0x7, 0xf5, 0x6, 0xf3,
    0x5, 0xff, 0x70, 0x2f, 0xdc, 0xfb, 0xde, 0x40,
    0x7e, 0xe7, 0x2, 0xdb,

    /* U+0062 "b" */
    0x1, 0x20, 0x0, 0x0, 0xb, 0xb0, 0x0, 0x0,
    0xd, 0x90, 0x0, 0x0, 0xe, 0x80, 0x0, 0x0,
    0xf, 0x70, 0x0, 0x0, 0xf, 0xc8, 0xbb, 0x40,
    0x2f, 0xff, 0xff, 0xf3, 0x3f, 0xe4, 0x7, 0xf9,
    0x4f, 0x30, 0x0, 0xf9, 0x5f, 0x10, 0x5, 0xf6,
    0x6f, 0x10, 0x6f, 0xc0, 0x7f, 0x9d, 0xfa, 0x0,
    0x5f, 0xeb, 0x40, 0x0,

    /* U+0063 "c" */
    0x0, 0x4c, 0xfb, 0x10, 0x4, 0xfc, 0x8d, 0x50,
    0xd, 0xd0, 0x0, 0x0, 0x3f, 0x60, 0x0, 0x0,
    0x7f, 0x20, 0x0, 0x0, 0x8f, 0x0, 0x0, 0x0,
    0x5f, 0x30, 0x0, 0x51, 0x1e, 0xd7, 0x9e, 0xf3,
    0x3, 0xcf, 0xea, 0x30,

    /* U+0064 "d" */
    0x0, 0x0, 0x0, 0xc, 0x60, 0x0, 0x0, 0x1,
    0xf6, 0x0, 0x0, 0x0, 0x3f, 0x30, 0x0, 0x0,
    0x6, 0xf1, 0x0, 0x0, 0x0, 0x9f, 0x0, 0x3,
    0xcf, 0xef, 0xd0, 0x4, 0xfc, 0x5a, 0xfc, 0x0,
    0xec, 0x0, 0xf, 0xb0, 0x4f, 0x50, 0x0, 0xfa,
    0x6, 0xf3, 0x0, 0x3f, 0xa0, 0x2f, 0xc5, 0xaf,
    0xee, 0x30, 0x6d, 0xfa, 0x23, 0xe9,

    /* U+0065 "e" */
    0x0, 0x5d, 0xe8, 0x0, 0x6, 0xf7, 0x8f, 0x40,
    0xe, 0x70, 0x2f, 0x70, 0x5f, 0x9b, 0xfd, 0x10,
    0x7f, 0xfb, 0x60, 0x0, 0x8e, 0x0, 0x0, 0x0,
    0x5f, 0x30, 0x0, 0x10, 0xd, 0xe8, 0x8d, 0xf0,
    0x1, 0x9e, 0xfb, 0x30,

    /* U+0066 "f" */
    0x0, 0x3, 0xcf, 0xa0, 0x0, 0xe, 0xd6, 0xb1,
    0x0, 0x5f, 0x40, 0x0, 0x0, 0x7f, 0x10, 0x0,
    0x4, 0xcf, 0xaa, 0x60, 0x7f, 0xff, 0xc9, 0x40,
    0x0, 0xaf, 0x0, 0x0, 0x0, 0x9f, 0x0, 0x0,
    0x0, 0x9f, 0x0, 0x0, 0x0, 0x9f, 0x0, 0x0,
    0x0, 0x9f, 0x0, 0x0, 0x0, 0x7c, 0x0, 0x0,

    /* U+0067 "g" */
    0x0, 0x3c, 0xfc, 0x40, 0x4, 0xf7, 0x16, 0xf7,
    0xe, 0x70, 0x0, 0xf7, 0x4f, 0x10, 0x3, 0xf6,
    0x5f, 0x40, 0xb, 0xf6, 0x1e, 0xe9, 0xdf, 0xf5,
    0x3, 0xce, 0x84, 0xf4, 0x0, 0x0, 0x2, 0xf3,
    0x0, 0x0, 0x6, 0xf1, 0x0, 0x0, 0xb, 0xc0,
    0x0, 0x0, 0x4f, 0x50, 0x5d, 0x8a, 0xfa, 0x0,
    0x2a, 0xee, 0x70, 0x0,

    /* U+0068 "h" */
    0xa, 0x40, 0x0, 0x0, 0xe, 0x50, 0x0, 0x0,
    0xf, 0x40, 0x0, 0x0, 0xf, 0x20, 0x0, 0x0,
    0x1f, 0x20, 0x54, 0x0, 0x2f, 0x4d, 0xff, 0x70,
    0x3f, 0xfa, 0x4c, 0xd0, 0x5f, 0xa0, 0x6, 0xe0,
    0x6f, 0x10, 0x5, 0xe0, 0x7e, 0x0, 0x5, 0xf0,
    0x7c, 0x0, 0x5, 0xf6, 0x69, 0x0, 0x1, 0xea,

    /* U+0069 "i" */
    0x8, 0xc0, 0x3, 0x80, 0x0, 0x0, 0x0, 0x0,
    0x8, 0x90, 0xb, 0xa0, 0xd, 0xa0, 0xe, 0xa0,
    0xf, 0x90, 0xf, 0x80, 0x1f, 0x80, 0xf, 0x90,
    0x7, 0x30,

    /* U+006A "j" */
    0x0, 0x6, 0x10, 0x0, 0xd8, 0x0, 0x0, 0x0,
    0x0, 0xc6, 0x0, 0xe, 0x90, 0x0, 0xda, 0x0,
    0xd, 0xa0, 0x0, 0xdb, 0x0, 0xd, 0xb0, 0x0,
    0xeb, 0x0, 0xe, 0xb0, 0x0, 0xeb, 0x0, 0xf,
    0xa0, 0x1, 0xf8, 0x0, 0x7f, 0x5b, 0xdf, 0xe0,
    0x6f, 0xc2, 0x0,

    /* U+006B "k" */
    0x3b, 0x0, 0x0, 0x7, 0xe0, 0x0, 0x0, 0x7e,
    0x0, 0x0, 0x8, 0xe0, 0x0, 0x0, 0x8d, 0x0,
    0x15, 0x9, 0xc0, 0x6f, 0xc0, 0xae, 0xbf, 0xa0,
    0xa, 0xff, 0x60, 0x0, 0xaf, 0xfb, 0x20, 0xa,
    0xe5, 0xef, 0x70, 0xad, 0x1, 0xbf, 0x77, 0xa0,
    0x0, 0x52,

    /* U+006C "l" */
    0x7, 0xa0, 0xb, 0xc0, 0xc, 0xb0, 0xd, 0xa0,
    0xe, 0x90, 0xf, 0x80, 0xf, 0x80, 0xf, 0x70,
    0xf, 0x70, 0xf, 0x80, 0xe, 0xe9, 0x5, 0xf9,

    /* U+006D "m" */
    0x12, 0x0, 0x0, 0x0, 0x0, 0x0, 0xab, 0x6,
    0xee, 0x30, 0x5e, 0xc1, 0xbc, 0x6f, 0xbf, 0x84,
    0xe7, 0xf7, 0xbf, 0xf7, 0xd, 0xde, 0x40, 0xca,
    0xcf, 0xd0, 0xc, 0xfb, 0x0, 0xbb, 0xdf, 0x60,
    0xd, 0xf4, 0x0, 0xbb, 0xef, 0x10, 0xe, 0xe0,
    0x0, 0xbc, 0xfe, 0x0, 0xb, 0x80, 0x0, 0xae,
    0xba, 0x0, 0x0, 0x0, 0x0, 0x13,

    /* U+006E "n" */
    0x3c, 0x8, 0xee, 0x50, 0x6f, 0xaf, 0x8d, 0xf0,
    0x5f, 0xf4, 0x3, 0xf4, 0x5f, 0xb0, 0x1, 0xf5,
    0x6f, 0x60, 0x2, 0xf5, 0x6f, 0x30, 0x2, 0xf5,
    0x7f, 0x10, 0x2, 0xf6, 0x5c, 0x0, 0x0, 0xea,
    0x0, 0x0, 0x0, 0x21,

    /* U+006F "o" */
    0x0, 0x3c, 0xfb, 0x30, 0x5, 0xfc, 0x7d, 0xf2,
    0xe, 0xc0, 0x1, 0xe8, 0x4f, 0x40, 0x0, 0xbc,
    0x7f, 0x10, 0x0, 0xbd, 0x6f, 0x10, 0x0, 0xf9,
    0x3f, 0x70, 0x8, 0xf4, 0xb, 0xfb, 0xbf, 0x90,
    0x0, 0x9e, 0xe7, 0x0,

    /* U+0070 "p" */
    0x2, 0x0, 0x0, 0x0, 0x7e, 0xdf, 0xfa, 0x10,
    0x8f, 0x44, 0x8f, 0xc0, 0x8f, 0x0, 0x7, 0xf1,
    0x8e, 0x0, 0x8, 0xf0, 0x8e, 0x0, 0x3e, 0xc0,
    0x8f, 0x9b, 0xfe, 0x20, 0x9f, 0xfd, 0x80, 0x0,
    0x9f, 0x0, 0x0, 0x0, 0x9f, 0x0, 0x0, 0x0,
    0x9f, 0x0, 0x0, 0x0, 0x9f, 0x0, 0x0, 0x0,
    0x9f, 0x0, 0x0, 0x0, 0x5c, 0x0, 0x0, 0x0,

    /* U+0071 "q" */
    0x0, 0x0, 0x0, 0x0, 0x0, 0x6f, 0xf8, 0x81,
    0x7, 0xf8, 0x5c, 0xf3, 0x2f, 0x70, 0x4, 0xf2,
    0x7f, 0x0, 0x5, 0xf1, 0x8f, 0x10, 0x9, 0xf0,
    0x2f, 0xd7, 0xbf, 0xf0, 0x4, 0xcf, 0xba, 0xf1,
    0x0, 0x0, 0x5, 0xf1, 0x0, 0x0, 0x5, 0xf1,
    0x0, 0x0, 0x5, 0xf2, 0x0, 0x0, 0x6, 0xf2,
    0x0, 0x0, 0x5, 0xf3, 0x0, 0x0, 0x1, 0xe2,

    /* U+0072 "r" */
    0x6c, 0x0, 0x8d, 0xd3, 0x8f, 0x1d, 0xfb, 0xa2,
    0x6f, 0xff, 0x30, 0x0, 0x5f, 0xf5, 0x0, 0x0,
    0x5f, 0xd0, 0x0, 0x0, 0x5f, 0x80, 0x0, 0x0,
    0x5f, 0x70, 0x0, 0x0, 0x5f, 0x60, 0x0, 0x0,
    0x2e, 0x30, 0x0, 0x0,

    /* U+0073 "s" */
    0x4, 0xcf, 0xc0, 0x4f, 0xc7, 0x60, 0x9f, 0x10,
    0x0, 0x6f, 0xb2, 0x0, 0x9, 0xff, 0xa0, 0x0,
    0x2a, 0xfa, 0x0, 0x0, 0xce, 0x8d, 0x8b, 0xf8,
    0x4d, 0xfd, 0x70,

    /* U+0074 "t" */
    0x0, 0x9, 0x20, 0x0, 0x0, 0x2f, 0x50, 0x0,
    0x0, 0x3f, 0x50, 0x0, 0x3e, 0xff, 0xff, 0xd0,
    0x4b, 0xcf, 0xb9, 0x60, 0x0, 0x4f, 0x30, 0x0,
    0x0, 0x5f, 0x30, 0x0, 0x0, 0x4f, 0x53, 0x0,
    0x0, 0x1f, 0xff, 0x50, 0x0, 0x7, 0xfb, 0x0,

    /* U+0075 "u" */
    0x2e, 0x0, 0x2, 0xe2, 0x6f, 0x0, 0x5, 0xf3,
    0x7f, 0x0, 0x7, 0xf2, 0x7f, 0x0, 0x9, 0xf1,
    0x8f, 0x0, 0xc, 0xf1, 0x7f, 0x0, 0x1f, 0xf1,
    0x5f, 0x40, 0x9f, 0xf2, 0xf, 0xeb, 0xf8, 0xf8,
    0x3, 0xdf, 0x60, 0x88,

    /* U+0076 "v" */
    0xe, 0x20, 0x0, 0x8, 0xa1, 0xf9, 0x0, 0x1,
    0xf6, 0xb, 0xe0, 0x0, 0x8f, 0x10, 0x6f, 0x30,
    0xf, 0x90, 0x0, 0xf9, 0x6, 0xf2, 0x0, 0x9,
    0xe0, 0xdb, 0x0, 0x0, 0x3f, 0xcf, 0x40, 0x0,
    0x0, 0xcf, 0xd0, 0x0, 0x0, 0x3, 0xe4, 0x0,
    0x0,

    /* U+0077 "w" */
    0x0, 0x0, 0x0, 0x0, 0x0, 0xd, 0x10, 0xf3,
    0x0, 0x2, 0x0, 0x5, 0xf1, 0xf, 0x70, 0x5,
    0xf2, 0x0, 0x9e, 0x0, 0xca, 0x0, 0xbf, 0x80,
    0xe, 0x90, 0x8, 0xd0, 0x2f, 0xfe, 0x3, 0xf4,
    0x0, 0x5f, 0x18, 0xf6, 0xf5, 0x9f, 0x0, 0x1,
    0xf7, 0xf9, 0xc, 0xef, 0xb0, 0x0, 0xb, 0xff,
    0x10, 0x4f, 0xf6, 0x0, 0x0, 0x3f, 0x60, 0x0,
    0x8d, 0x0, 0x0,

    /* U+0078 "x" */
    0x2e, 0x30, 0x0, 0x5f, 0x10, 0xed, 0x0, 0x3f,
    0xb0, 0x5, 0xfa, 0x1e, 0xe1, 0x0, 0xa, 0xff,
    0xf4, 0x0, 0x0, 0x1f, 0xf9, 0x0, 0x0, 0x8,
    0xff, 0xd1, 0x0, 0x4, 0xfb, 0x2e, 0xd1, 0x2,
    0xed, 0x10, 0x2e, 0xd1, 0x4e, 0x20, 0x0, 0x2d,
    0x50, 0x0, 0x0, 0x0, 0x0,

    /* U+0079 "y" */
    0x8, 0x90, 0x0, 0x5, 0xc0, 0x8f, 0x40, 0x0,
    0x9e, 0x2, 0xfc, 0x0, 0xc, 0xb0, 0x8, 0xf5,
    0x0, 0xf8, 0x0, 0xe, 0xe0, 0x2f, 0x50, 0x0,
    0x4f, 0x96, 0xf2, 0x0, 0x0, 0x9f, 0xee, 0x0,
    0x0, 0x0, 0xef, 0x90, 0x0, 0x0, 0x8, 0xf4,
    0x0, 0x0, 0x0, 0xee, 0x0, 0x0, 0x0, 0x7f,
    0x80, 0x0, 0x0, 0x5f, 0xd0, 0x0, 0x5, 0xaf,
    0xe2, 0x0, 0x4, 0xfe, 0x91, 0x0, 0x0,

    /* U+007A "z" */
    0xc, 0xff, 0xff, 0xa0, 0x0, 0x36, 0x67, 0xfe,
    0x0, 0x0, 0x0, 0x6f, 0x60, 0x0, 0x0, 0x2f,
    0xb0, 0x0, 0x0, 0xd, 0xe1, 0x0, 0x0, 0x9,
    0xf3, 0x0, 0x0, 0x7, 0xf6, 0x0, 0x0, 0x4,
    0xff, 0xbb, 0xbb, 0xb4, 0x3f, 0xff, 0xfe, 0xdc,
    0x30,

    /* U+007B "{" */
    0x0, 0x1, 0x67, 0x0, 0x1, 0xef, 0x91, 0x0,
    0x7f, 0x20, 0x0, 0x8, 0xd0, 0x0, 0x0, 0x8d,
    0x0, 0x0, 0x7, 0xe0, 0x0, 0x0, 0x6e, 0x0,
    0x0, 0xa, 0xd0, 0x0, 0xa, 0xf5, 0x0, 0x0,
    0xcf, 0x40, 0x0, 0x0, 0x8e, 0x0, 0x0, 0x3,
    0xf1, 0x0, 0x0, 0x3f, 0x10, 0x0, 0x4, 0xf1,
    0x0, 0x0, 0x4f, 0x10, 0x0, 0x1, 0xf9, 0x30,
    0x0, 0x4, 0xdf, 0x20,

    /* U+007D "}" */
    0x7, 0x61, 0x0, 0x0, 0x9e, 0xf2, 0x0, 0x0,
    0x1f, 0x80, 0x0, 0x0, 0xc9, 0x0, 0x0, 0xc,
    0x90, 0x0, 0x0, 0xd8, 0x0, 0x0, 0xe, 0x70,
    0x0, 0x0, 0xcb, 0x0, 0x0, 0x5, 0xfb, 0x0,
    0x0, 0x3f, 0xd1, 0x0, 0xe, 0x90, 0x0, 0x0,
    0xf4, 0x0, 0x0, 0xf, 0x40, 0x0, 0x0, 0xf5,
    0x0, 0x0, 0xf, 0x50, 0x0, 0x39, 0xf2, 0x0,
    0x1f, 0xd5, 0x0, 0x0,

    /* U+007E "~" */
    0x0, 0x48, 0x50, 0x0, 0x0, 0x1, 0xcf, 0xff,
    0xe7, 0x37, 0x90, 0x7e, 0x50, 0x2b, 0xff, 0xfb,
    0x0, 0x0, 0x0, 0x2, 0x42, 0x0,

    /* U+4F4D "位" */
    0x0, 0x0, 0x0, 0x0, 0x31, 0x0, 0x0, 0x0,
    0x0, 0x3, 0x10, 0xd, 0xe1, 0x0, 0x0, 0x0,
    0x5, 0xf5, 0x0, 0x3f, 0x60, 0x0, 0x0, 0x6,
    0xfa, 0x0, 0x13, 0x76, 0x65, 0x0, 0x7, 0xfe,
    0x0, 0xdf, 0xff, 0xff, 0xe2, 0x6, 0xff, 0xd0,
    0x2, 0x44, 0x32, 0x20, 0x0, 0x37, 0x5f, 0x0,
    0x5, 0x0, 0x1f, 0x50, 0x0, 0x4, 0xf2, 0x1,
    0xf3, 0x6, 0xf3, 0x0, 0x0, 0x4f, 0x30, 0xe,
    0x80, 0xcd, 0x0, 0x0, 0x4, 0xf4, 0x0, 0x9a,
    0x2f, 0x70, 0x0, 0x0, 0x3f, 0x40, 0x14, 0x6b,
    0xf9, 0x88, 0x20, 0x3, 0xf3, 0x9f, 0xff, 0xff,
    0xff, 0xf7, 0x0, 0x4, 0x1, 0x44, 0x32, 0x21,
    0x0, 0x0,

    /* U+5165 "入" */
    0x0, 0x6, 0x20, 0x0, 0x0, 0x0, 0x0, 0x1,
    0xef, 0x40, 0x0, 0x0, 0x0, 0x0, 0x2, 0xef,
    0x30, 0x0, 0x0, 0x0, 0x0, 0x5, 0xfd, 0x0,
    0x0, 0x0, 0x0, 0x0, 0xaf, 0xf9, 0x0, 0x0,
    0x0, 0x0, 0x4f, 0xbb, 0xf5, 0x0, 0x0, 0x0,
    0x1e, 0xf1, 0x1e, 0xf3, 0x0, 0x0, 0xb, 0xf7,
    0x0, 0x4f, 0xe2, 0x0, 0x8, 0xfb, 0x0, 0x0,
    0x7f, 0xe2, 0x0, 0xfd, 0x10, 0x0, 0x0, 0x7f,
    0xd0, 0x2, 0x0, 0x0, 0x0, 0x0, 0x46, 0x0,

    /* U+53F7 "号" */
    0x0, 0x0, 0x0, 0x0, 0x0, 0x0, 0x7, 0xce,
    0xff, 0xd3, 0x0, 0x2, 0xfa, 0x77, 0x8f, 0x80,
    0x0, 0x3f, 0x40, 0x2, 0xf7, 0x0, 0x3, 0xfa,
    0x8a, 0xcf, 0x40, 0x0, 0x7, 0xaa, 0x98, 0x50,
    0x0, 0x2, 0x45, 0x67, 0x89, 0xab, 0x5c, 0xff,
    0xff, 0xff, 0xec, 0xb4, 0x3, 0x2d, 0xc0, 0x0,
    0x0, 0x0, 0x2, 0xfd, 0x77, 0x61, 0x0, 0x0,
    0x2e, 0xff, 0xff, 0xc0, 0x0, 0x0, 0x0, 0x0,
    0xfc, 0x0, 0x0, 0x0, 0x0, 0x4f, 0x80, 0x0,
    0x0, 0x26, 0x3c, 0xf1, 0x0, 0x0, 0x5, 0xff,
    0xf8, 0x0, 0x0, 0x0, 0x2, 0x75, 0x0, 0x0,

    /* U+624B "手" */
    0x0, 0x0, 0x0, 0x1, 0x65, 0x0, 0x0, 0x0,
    0x2, 0x7c, 0xff, 0x80, 0x0, 0x0, 0x3c, 0xff,
    0xf7, 0x10, 0x0, 0x0, 0x2, 0x64, 0x2f, 0x10,
    0x0, 0x0, 0x0, 0x0, 0x14, 0xf9, 0x64, 0x0,
    0x0, 0x2, 0xef, 0xff, 0xff, 0xa0, 0x0, 0x0,
    0x4, 0x43, 0xea, 0x0, 0x0, 0x0, 0x0, 0x0,
    0x1d, 0xc6, 0x78, 0x81, 0x2a, 0xce, 0xff, 0xff,
    0xfe, 0xdb, 0x21, 0x88, 0x65, 0x3d, 0xc0, 0x0,
    0x0, 0x0, 0x0, 0x0, 0xdb, 0x0, 0x0, 0x0,
    0x0, 0x0, 0xe, 0xa0, 0x0, 0x0, 0x0, 0x5,
    0xeb, 0xf8, 0x0, 0x0, 0x0, 0x0, 0x5, 0xdd,
    0x20, 0x0, 0x0,

    /* U+673A "机" */
    0x0, 0x4, 0xb0, 0x0, 0x0, 0x0, 0x0, 0x0,
    0x0, 0x0, 0x6f, 0x0, 0x0, 0x1, 0x10, 0x0,
    0x0, 0x0, 0x8, 0xf5, 0x20, 0x7d, 0xff, 0xd1,
    0x0, 0x0, 0x8f, 0xff, 0xfa, 0x1f, 0x85, 0xbf,
    0x30, 0x0, 0x2, 0x5b, 0xf3, 0x3, 0xf2, 0x6,
    0xf2, 0x0, 0x0, 0x0, 0xdf, 0x30, 0x5f, 0x20,
    0x8f, 0x0, 0x0, 0x0, 0xbf, 0xff, 0x77, 0xf1,
    0x9, 0xf0, 0x0, 0x0, 0x8f, 0xdf, 0x89, 0xaf,
    0x0, 0xae, 0x0, 0x0, 0xf, 0x88, 0xf0, 0xc,
    0xe0, 0xa, 0xe0, 0x27, 0x0, 0x10, 0x8f, 0x0,
    0xec, 0x0, 0x9f, 0x7b, 0xf0, 0x0, 0x8, 0xf0,
    0xc, 0x80, 0x3, 0xff, 0xfc, 0x0, 0x0, 0x26,
    0x0, 0x0, 0x0, 0x1, 0x54, 0x0,

    /* U+8BF7 "请" */
    0x0, 0x0, 0x0, 0x0, 0x0, 0x0, 0x0, 0x0,
    0x0, 0x0, 0x0, 0xf, 0x20, 0x0, 0x0, 0x0,
    0x0, 0x39, 0xcf, 0xff, 0x10, 0x0, 0x51, 0x0,
    0x25, 0x8f, 0x62, 0x0, 0x0, 0xee, 0x10, 0x7,
    0xcf, 0xc5, 0x0, 0x0, 0x2a, 0x30, 0x7, 0xbf,
    0x82, 0x0, 0x0, 0x0, 0x0, 0x46, 0xbf, 0xdd,
    0xe9, 0x3c, 0xec, 0x1, 0xbb, 0xa9, 0x87, 0x62,
    0x17, 0xaf, 0x10, 0x4, 0xae, 0xfb, 0x10, 0x0,
    0x7f, 0x0, 0xf, 0x64, 0x5f, 0x80, 0x0, 0x8f,
    0x0, 0x1f, 0x99, 0x9f, 0xa0, 0x0, 0x9e, 0x74,
    0x2f, 0x97, 0x5d, 0xb0, 0x0, 0x9f, 0xf3, 0x3f,
    0xcc, 0xdf, 0xc0, 0x0, 0x3b, 0x40, 0x4f, 0x64,
    0x3c, 0xc0, 0x0, 0x0, 0x0, 0x2e, 0x0, 0x2e,
    0xa0, 0x0, 0x0, 0x0, 0x0, 0x0, 0x6f, 0x60,
    0x0, 0x0, 0x0, 0x0, 0x0, 0x1, 0x0,

    /* U+8F93 "输" */
    0x0, 0x1, 0x0, 0x0, 0x2d, 0x30, 0x0, 0x0,
    0xa, 0x70, 0x0, 0x2e, 0xbb, 0x30, 0x0, 0x38,
    0xfe, 0xe4, 0x1e, 0x90, 0x4e, 0xa2, 0x4, 0xdf,
    0x95, 0x1d, 0xb5, 0x67, 0x39, 0xf6, 0xc, 0x95,
    0x11, 0x71, 0x89, 0x72, 0x2, 0x20, 0xf5, 0xc4,
    0x0, 0x0, 0x0, 0x2, 0xa0, 0x3f, 0x8e, 0xe4,
    0x4d, 0xfb, 0x0, 0x4d, 0x1, 0xff, 0xfc, 0x2c,
    0x74, 0xf3, 0xb3, 0xf0, 0x0, 0xc, 0x81, 0xde,
    0xef, 0x5f, 0x2f, 0x10, 0x38, 0xff, 0x8e, 0x64,
    0xf5, 0xf2, 0xf2, 0xaf, 0xef, 0x90, 0xff, 0xff,
    0x3c, 0x2f, 0x21, 0x10, 0xd6, 0xf, 0x52, 0xf1,
    0x3, 0xf0, 0x0, 0xb, 0x40, 0xe2, 0x9d, 0x3,
    0xe9, 0x0, 0x0, 0x0, 0x0, 0x0, 0x0, 0x0,
    0x0,

    /* U+F001 "" */
    0x0, 0x0, 0x0, 0x0, 0x0, 0x0, 0x0, 0x0,
    0x0, 0x1, 0x0, 0x0, 0x0, 0x0, 0x0, 0x0,
    0x0, 0x0, 0x0, 0x38, 0xdf, 0xc0, 0x0, 0x0,
    0x0, 0x0, 0x0, 0x0, 0x15, 0xae, 0xff, 0xff,
    0xf0, 0x0, 0x0, 0x0, 0x0, 0x2, 0x7c, 0xff,
    0xff, 0xff, 0xff, 0xf0, 0x0, 0x0, 0x0, 0x49,
    0xef, 0xff, 0xff, 0xff, 0xff, 0xff, 0xf0, 0x0,
    0x0, 0x8, 0xff, 0xff, 0xff, 0xff, 0xff, 0xff,
    0xff, 0xf0, 0x0, 0x0, 0xb, 0xff, 0xff, 0xff,
    0xff, 0xff, 0xfd, 0xdf, 0xf0, 0x0, 0x0, 0xb,
    0xff, 0xff, 0xff, 0xff, 0xb6, 0x10, 0x9f, 0xf0,
    0x0, 0x0, 0xb, 0xff, 0xff, 0xd9, 0x40, 0x0,
    0x0, 0x9f, 0xf0, 0x0, 0x0, 0xb, 0xff, 0x72,
    0x0, 0x0, 0x0, 0x0, 0x9f, 0xf0, 0x0, 0x0,
    0xb, 0xfe, 0x0, 0x0, 0x0, 0x0, 0x0, 0x9f,
    0xf0, 0x0, 0x0, 0xb, 0xfe, 0x0, 0x0, 0x0,
    0x0, 0x0, 0x9f, 0xf0, 0x0, 0x0, 0xb, 0xfe,
    0x0, 0x0, 0x0, 0x0, 0x0, 0x9f, 0xf0, 0x0,
    0x0, 0xb, 0xfe, 0x0, 0x0, 0x0, 0x0, 0x0,
    0x9f, 0xf0, 0x0, 0x0, 0xb, 0xfe, 0x0, 0x0,
    0x0, 0x5c, 0xff, 0xff, 0xf0, 0x0, 0x0, 0xb,
    0xfe, 0x0, 0x0, 0x7, 0xff, 0xff, 0xff, 0xf0,
    0x0, 0x25, 0x5c, 0xfe, 0x0, 0x0, 0xc, 0xff,
    0xff, 0xff, 0xf0, 0x2c, 0xff, 0xff, 0xfe, 0x0,
    0x0, 0x9, 0xff, 0xff, 0xff, 0xc0, 0xcf, 0xff,
    0xff, 0xfe, 0x0, 0x0, 0x0, 0x8f, 0xff, 0xfa,
    0x10, 0xef, 0xff, 0xff, 0xfd, 0x0, 0x0, 0x0,
    0x0, 0x22, 0x0, 0x0, 0x6f, 0xff, 0xff, 0xf6,
    0x0, 0x0, 0x0, 0x0, 0x0, 0x0, 0x0, 0x3,
    0xac, 0xc9, 0x30, 0x0, 0x0, 0x0, 0x0, 0x0,
    0x0, 0x0,

    /* U+F008 "" */
    0x83, 0x0, 0xcc, 0xcc, 0xcc, 0xcc, 0xcc, 0xcc,
    0xc0, 0x3, 0x8f, 0xa7, 0x8f, 0xff, 0xff, 0xff,
    0xff, 0xff, 0xff, 0x87, 0xaf, 0xff, 0xee, 0xff,
    0x33, 0x33, 0x33, 0x33, 0x3f, 0xfe, 0xef, 0xff,
    0x50, 0x1f, 0xe0, 0x0, 0x0, 0x0, 0x0, 0xef,
    0x10, 0x5f, 0xf5, 0x1, 0xfe, 0x0, 0x0, 0x0,
    0x0, 0xe, 0xf1, 0x5, 0xff, 0xb8, 0x9f, 0xe0,
    0x0, 0x0, 0x0, 0x0, 0xef, 0x98, 0xbf, 0xfe,
    0xdd, 0xfe, 0x0, 0x0, 0x0, 0x0, 0xe, 0xfd,
    0xde, 0xff, 0x50, 0x1f, 0xfe, 0xdd, 0xdd, 0xdd,
    0xde, 0xff, 0x10, 0x5f, 0xf5, 0x1, 0xff, 0xff,
    0xff, 0xff, 0xff, 0xff, 0xf1, 0x5, 0xff, 0xc9,
    0xaf, 0xf2, 0x11, 0x11, 0x11, 0x12, 0xff, 0xa9,
    0xcf, 0xfe, 0xcd, 0xfe, 0x0, 0x0, 0x0, 0x0,
    0xe, 0xfd, 0xce, 0xff, 0x50, 0x1f, 0xe0, 0x0,
    0x0, 0x0, 0x0, 0xef, 0x10, 0x5f, 0xf5, 0x1,
    0xfe, 0x0, 0x0, 0x0, 0x0, 0xe, 0xf1, 0x5,
    0xff, 0xca, 0xbf, 0xe0, 0x0, 0x0, 0x0, 0x0,
    0xef, 0xba, 0xcf, 0xfd, 0xbc, 0xff, 0xff, 0xff,
    0xff, 0xff, 0xff, 0xfc, 0xbd, 0xfc, 0x50, 0x1f,
    0xff, 0xff, 0xff, 0xff, 0xff, 0xff, 0x10, 0x5c,

    /* U+F00B "" */
    0x1, 0x11, 0x10, 0x0, 0x1, 0x11, 0x11, 0x11,
    0x11, 0x11, 0xd, 0xff, 0xff, 0xe0, 0x6f, 0xff,
    0xff, 0xff, 0xff, 0xff, 0xfd, 0xff, 0xff, 0xff,
    0x19, 0xff, 0xff, 0xff, 0xff, 0xff, 0xff, 0xff,
    0xff, 0xff, 0xf1, 0x9f, 0xff, 0xff, 0xff, 0xff,
    0xff, 0xff, 0xff, 0xff, 0xff, 0x19, 0xff, 0xff,
    0xff, 0xff, 0xff, 0xff, 0xfe, 0xff, 0xff, 0xf0,
    0x7f, 0xff, 0xff, 0xff, 0xff, 0xff, 0xfe, 0x13,
    0x33, 0x31, 0x0, 0x23, 0x33, 0x33, 0x33, 0x33,
    0x33, 0x12, 0x44, 0x44, 0x20, 0x4, 0x44, 0x44,
    0x44, 0x44, 0x44, 0x42, 0xef, 0xff, 0xff, 0x8,
    0xff, 0xff, 0xff, 0xff, 0xff, 0xff, 0xef, 0xff,
    0xff, 0xf1, 0x9f, 0xff, 0xff, 0xff, 0xff, 0xff,
    0xff, 0xff, 0xff, 0xff, 0x19, 0xff, 0xff, 0xff,
    0xff, 0xff, 0xff, 0xff, 0xff, 0xff, 0xf1, 0x9f,
    0xff, 0xff, 0xff, 0xff, 0xff, 0xff, 0xbf, 0xff,
    0xfc, 0x5, 0xff, 0xff, 0xff, 0xff, 0xff, 0xff,
    0xb0, 0x0, 0x0, 0x0, 0x0, 0x0, 0x0, 0x0,
    0x0, 0x0, 0x0, 0xbf, 0xff, 0xfc, 0x5, 0xef,
    0xff, 0xff, 0xff, 0xff, 0xff, 0xbf, 0xff, 0xff,
    0xf1, 0x9f, 0xff, 0xff, 0xff, 0xff, 0xff, 0xff,
    0xff, 0xff, 0xff, 0x19, 0xff, 0xff, 0xff, 0xff,
    0xff, 0xff, 0xff, 0xff, 0xff, 0xf1, 0x9f, 0xff,
    0xff, 0xff, 0xff, 0xff, 0xff, 0xef, 0xff, 0xff,
    0x18, 0xff, 0xff, 0xff, 0xff, 0xff, 0xff, 0xe2,
    0x44, 0x44, 0x20, 0x4, 0x44, 0x44, 0x44, 0x44,
    0x44, 0x42,

    /* U+F00C "" */
    0x0, 0x0, 0x0, 0x0, 0x0, 0x0, 0x0, 0x0,
    0x3, 0xa2, 0x0, 0x0, 0x0, 0x0, 0x0, 0x0,
    0x0, 0x0, 0x3, 0xff, 0xe2, 0x0, 0x0, 0x0,
    0x0, 0x0, 0x0, 0x0, 0x3, 0xff, 0xff, 0xe0,
    0x0, 0x0, 0x0, 0x0, 0x0, 0x0, 0x3, 0xff,
    0xff, 0xfb, 0x0, 0x0, 0x0, 0x0, 0x0, 0x0,
    0x3, 0xff, 0xff, 0xfc, 0x0, 0x6, 0x10, 0x0,
    0x0, 0x0, 0x3, 0xff, 0xff, 0xfb, 0x0, 0xc,
    0xfd, 0x10, 0x0, 0x0, 0x3, 0xff, 0xff, 0xfb,
    0x0, 0xc, 0xff, 0xfd, 0x10, 0x0, 0x3, 0xff,
    0xff, 0xfb, 0x0, 0x0, 0xdf, 0xff, 0xfd, 0x10,
    0x3, 0xff, 0xff, 0xfb, 0x0, 0x0, 0x2, 0xef,
    0xff, 0xfd, 0x13, 0xff, 0xff, 0xfb, 0x0, 0x0,
    0x0, 0x2, 0xef, 0xff, 0xfd, 0xff, 0xff, 0xfb,
    0x0, 0x0, 0x0, 0x0, 0x2, 0xef, 0xff, 0xff,
    0xff, 0xfb, 0x0, 0x0, 0x0, 0x0, 0x0, 0x2,
    0xef, 0xff, 0xff, 0xfb, 0x0, 0x0, 0x0, 0x0,
    0x0, 0x0, 0x2, 0xef, 0xff, 0xfb, 0x0, 0x0,
    0x0, 0x0, 0x0, 0x0, 0x0, 0x1, 0xdf, 0xfb,
    0x0, 0x0, 0x0, 0x0, 0x0, 0x0, 0x0, 0x0,
    0x1, 0xda, 0x0, 0x0, 0x0, 0x0, 0x0, 0x0,

    /* U+F00D "" */
    0x0, 0x0, 0x0, 0x0, 0x0, 0x0, 0x0, 0x1,
    0xdf, 0x50, 0x0, 0x0, 0x1, 0xcf, 0x60, 0xcf,
    0xff, 0x50, 0x0, 0x1, 0xdf, 0xff, 0x3e, 0xff,
    0xff, 0x50, 0x1, 0xdf, 0xff, 0xf5, 0x3e, 0xff,
    0xff, 0x51, 0xdf, 0xff, 0xf9, 0x0, 0x3f, 0xff,
    0xff, 0xdf, 0xff, 0xf9, 0x0, 0x0, 0x3f, 0xff,
    0xff, 0xff, 0xf9, 0x0, 0x0, 0x0, 0x3f, 0xff,
    0xff, 0xf9, 0x0, 0x0, 0x0, 0x1, 0xdf, 0xff,
    0xff, 0x50, 0x0, 0x0, 0x1, 0xdf, 0xff, 0xff,
    0xff, 0x50, 0x0, 0x1, 0xdf, 0xff, 0xff, 0xff,
    0xff, 0x50, 0x1, 0xdf, 0xff, 0xf9, 0x3f, 0xff,
    0xff, 0x50, 0xcf, 0xff, 0xf9, 0x0, 0x3f, 0xff,
    0xff, 0x3e, 0xff, 0xf9, 0x0, 0x0, 0x3f, 0xff,
    0xf5, 0x3f, 0xf9, 0x0, 0x0, 0x0, 0x3e, 0xfa,
    0x0, 0x24, 0x0, 0x0, 0x0, 0x0, 0x14, 0x0,

    /* U+F011 "" */
    0x0, 0x0, 0x0, 0x0, 0x1, 0x20, 0x0, 0x0,
    0x0, 0x0, 0x0, 0x0, 0x0, 0x0, 0x2, 0xff,
    0xe0, 0x0, 0x0, 0x0, 0x0, 0x0, 0x0, 0x22,
    0x0, 0x3f, 0xff, 0x0, 0x3, 0x10, 0x0, 0x0,
    0x0, 0x5f, 0xf2, 0x3, 0xff, 0xf0, 0x4, 0xfe,
    0x20, 0x0, 0x0, 0x4f, 0xff, 0x90, 0x3f, 0xff,
    0x0, 0xcf, 0xfe, 0x20, 0x0, 0x1f, 0xff, 0xf5,
    0x3, 0xff, 0xf0, 0x8, 0xff, 0xfc, 0x0, 0xa,
    0xff, 0xf5, 0x0, 0x3f, 0xff, 0x0, 0x8, 0xff,
    0xf6, 0x1, 0xff, 0xf9, 0x0, 0x3, 0xff, 0xf0,
    0x0, 0xc, 0xff, 0xe0, 0x6f, 0xff, 0x10, 0x0,
    0x3f, 0xff, 0x0, 0x0, 0x4f, 0xff, 0x39, 0xff,
    0xb0, 0x0, 0x3, 0xff, 0xf0, 0x0, 0x0, 0xef,
    0xf6, 0xbf, 0xf9, 0x0, 0x0, 0x3f, 0xff, 0x0,
    0x0, 0xc, 0xff, 0x8b, 0xff, 0x80, 0x0, 0x3,
    0xff, 0xf0, 0x0, 0x0, 0xbf, 0xf8, 0xaf, 0xfa,
    0x0, 0x0, 0x9, 0xa7, 0x0, 0x0, 0xd, 0xff,
    0x77, 0xff, 0xe0, 0x0, 0x0, 0x0, 0x0, 0x0,
    0x2, 0xff, 0xf4, 0x2f, 0xff, 0x60, 0x0, 0x0,
    0x0, 0x0, 0x0, 0x9f, 0xff, 0x0, 0xcf, 0xff,
    0x20, 0x0, 0x0, 0x0, 0x0, 0x4f, 0xff, 0x90,
    0x3, 0xff, 0xfe, 0x30, 0x0, 0x0, 0x0, 0x5f,
    0xff, 0xf1, 0x0, 0x6, 0xff, 0xff, 0xa4, 0x10,
    0x15, 0xbf, 0xff, 0xf4, 0x0, 0x0, 0x8, 0xff,
    0xff, 0xff, 0xff, 0xff, 0xff, 0xf6, 0x0, 0x0,
    0x0, 0x5, 0xff, 0xff, 0xff, 0xff, 0xff, 0xe4,
    0x0, 0x0, 0x0, 0x0, 0x1, 0x8d, 0xff, 0xff,
    0xfc, 0x70, 0x0, 0x0, 0x0, 0x0, 0x0, 0x0,
    0x1, 0x34, 0x31, 0x0, 0x0, 0x0, 0x0,

    /* U+F013 "" */
    0x0, 0x0, 0x0, 0x0, 0x0, 0x0, 0x0, 0x0,
    0x0, 0x0, 0x0, 0x0, 0x0, 0x0, 0x1c, 0xef,
    0xec, 0x10, 0x0, 0x0, 0x0, 0x0, 0x0, 0x0,
    0x2, 0xff, 0xff, 0xf2, 0x0, 0x0, 0x0, 0x0,
    0x0, 0x0, 0x0, 0x3f, 0xff, 0xff, 0x30, 0x0,
    0x0, 0x0, 0x0, 0x3d, 0x51, 0xaf, 0xff, 0xff,
    0xff, 0xa1, 0x6d, 0x30, 0x0, 0xd, 0xff, 0xff,
    0xff, 0xff, 0xff, 0xff, 0xff, 0xfd, 0x0, 0x8,
    0xff, 0xff, 0xff, 0xff, 0xff, 0xff, 0xff, 0xff,
    0xf8, 0x0, 0xef, 0xff, 0xff, 0xff, 0xfe, 0xff,
    0xff, 0xff, 0xff, 0xe0, 0x1e, 0xff, 0xff, 0xff,
    0x90, 0x0, 0x9f, 0xff, 0xff, 0xfe, 0x10, 0x9,
    0xff, 0xff, 0xb0, 0x0, 0x0, 0xbf, 0xff, 0xf9,
    0x0, 0x0, 0x5f, 0xff, 0xf5, 0x0, 0x0, 0x5,
    0xff, 0xff, 0x50, 0x0, 0x5, 0xff, 0xff, 0x40,
    0x0, 0x0, 0x4f, 0xff, 0xf5, 0x0, 0x0, 0x6f,
    0xff, 0xf9, 0x0, 0x0, 0x9, 0xff, 0xff, 0x60,
    0x0, 0xbf, 0xff, 0xff, 0xf5, 0x0, 0x5, 0xff,
    0xff, 0xff, 0xb1, 0x1f, 0xff, 0xff, 0xff, 0xfc,
    0xac, 0xff, 0xff, 0xff, 0xff, 0x10, 0x9f, 0xff,
    0xff, 0xff, 0xff, 0xff, 0xff, 0xff, 0xff, 0x90,
    0x2, 0xff, 0xff, 0xff, 0xff, 0xff, 0xff, 0xff,
    0xff, 0xf2, 0x0, 0x5, 0xfa, 0x4d, 0xff, 0xff,
    0xff, 0xfd, 0x49, 0xf5, 0x0, 0x0, 0x1, 0x0,
    0x6, 0xff, 0xff, 0xf6, 0x0, 0x1, 0x0, 0x0,
    0x0, 0x0, 0x0, 0x2f, 0xff, 0xff, 0x20, 0x0,
    0x0, 0x0, 0x0, 0x0, 0x0, 0x1, 0xff, 0xff,
    0xf1, 0x0, 0x0, 0x0, 0x0, 0x0, 0x0, 0x0,
    0x1, 0x24, 0x31, 0x0, 0x0, 0x0, 0x0,

    /* U+F015 "" */
    0x0, 0x0, 0x0, 0x0, 0x0, 0x0, 0x0, 0x0,
    0x0, 0x10, 0x0, 0x0, 0x0, 0x0, 0x0, 0x0,
    0x0, 0x8f, 0xe4, 0x0, 0x3f, 0xff, 0x0, 0x0,
    0x0, 0x0, 0x0, 0x0, 0x1b, 0xff, 0xff, 0x60,
    0x4f, 0xff, 0x0, 0x0, 0x0, 0x0, 0x0, 0x2,
    0xdf, 0xff, 0xff, 0xf9, 0x4f, 0xff, 0x0, 0x0,
    0x0, 0x0, 0x0, 0x4f, 0xff, 0xc1, 0x5f, 0xff,
    0xef, 0xff, 0x0, 0x0, 0x0, 0x0, 0x7, 0xff,
    0xfa, 0x3, 0x12, 0xef, 0xff, 0xff, 0x0, 0x0,
    0x0, 0x0, 0xaf, 0xff, 0x70, 0x7f, 0xe3, 0x1c,
    0xff, 0xff, 0x0, 0x0, 0x0, 0x1c, 0xff, 0xf4,
    0xa, 0xff, 0xff, 0x50, 0x9f, 0xff, 0x70, 0x0,
    0x3, 0xef, 0xfd, 0x21, 0xcf, 0xff, 0xff, 0xf8,
    0x7, 0xff, 0xfa, 0x0, 0x5f, 0xff, 0xc1, 0x3e,
    0xff, 0xff, 0xff, 0xff, 0xb0, 0x4e, 0xff, 0xd2,
    0xdf, 0xf9, 0x5, 0xff, 0xff, 0xff, 0xff, 0xff,
    0xfd, 0x22, 0xdf, 0xf7, 0x3f, 0x60, 0x8f, 0xff,
    0xff, 0xff, 0xff, 0xff, 0xff, 0xe3, 0x1b, 0xc0,
    0x0, 0x1, 0xff, 0xff, 0xff, 0xff, 0xff, 0xff,
    0xff, 0xfb, 0x0, 0x0, 0x0, 0x1, 0xff, 0xff,
    0xff, 0xff, 0xff, 0xff, 0xff, 0xfb, 0x0, 0x0,
    0x0, 0x1, 0xff, 0xff, 0xfe, 0x11, 0x15, 0xff,
    0xff, 0xfb, 0x0, 0x0, 0x0, 0x1, 0xff, 0xff,
    0xfd, 0x0, 0x3, 0xff, 0xff, 0xfb, 0x0, 0x0,
    0x0, 0x1, 0xff, 0xff, 0xfd, 0x0, 0x3, 0xff,
    0xff, 0xfb, 0x0, 0x0, 0x0, 0x1, 0xff, 0xff,
    0xfd, 0x0, 0x3, 0xff, 0xff, 0xfb, 0x0, 0x0,
    0x0, 0x0, 0xff, 0xff, 0xfd, 0x0, 0x3, 0xff,
    0xff, 0xfa, 0x0, 0x0, 0x0, 0x0, 0x35, 0x55,
    0x52, 0x0, 0x0, 0x45, 0x55, 0x51, 0x0, 0x0,

    /* U+F019 "" */
    0x0, 0x0, 0x0, 0x0, 0x46, 0x66, 0x40, 0x0,
    0x0, 0x0, 0x0, 0x0, 0x0, 0x0, 0x1f, 0xff,
    0xff, 0x10, 0x0, 0x0, 0x0, 0x0, 0x0, 0x0,
    0x2, 0xff, 0xff, 0xf2, 0x0, 0x0, 0x0, 0x0,
    0x0, 0x0, 0x0, 0x2f, 0xff, 0xff, 0x20, 0x0,
    0x0, 0x0, 0x0, 0x0, 0x0, 0x2, 0xff, 0xff,
    0xf2, 0x0, 0x0, 0x0, 0x0, 0x0, 0x0, 0x0,
    0x2f, 0xff, 0xff, 0x20, 0x0, 0x0, 0x0, 0x0,
    0x0, 0x0, 0x2, 0xff, 0xff, 0xf2, 0x0, 0x0,
    0x0, 0x0, 0x0, 0x0, 0x0, 0x2f, 0xff, 0xff,
    0x20, 0x0, 0x0, 0x0, 0x0, 0x2, 0x88, 0x89,
    0xff, 0xff, 0xf9, 0x88, 0x82, 0x0, 0x0, 0x0,
    0x7f, 0xff, 0xff, 0xff, 0xff, 0xff, 0xff, 0x70,
    0x0, 0x0, 0x0, 0xbf, 0xff, 0xff, 0xff, 0xff,
    0xff, 0xb0, 0x0, 0x0, 0x0, 0x0, 0xbf, 0xff,
    0xff, 0xff, 0xff, 0xb0, 0x0, 0x0, 0x0, 0x0,
    0x0, 0xbf, 0xff, 0xff, 0xff, 0xb0, 0x0, 0x0,
    0x0, 0x0, 0x0, 0x0, 0xbf, 0xff, 0xff, 0xb0,
    0x0, 0x0, 0x0, 0x0, 0x0, 0x0, 0x0, 0xbf,
    0xff, 0xb0, 0x0, 0x0, 0x0, 0xb, 0xff, 0xff,
    0xff, 0x60, 0xbf, 0xb0, 0x6f, 0xff, 0xff, 0xfb,
    0xff, 0xff, 0xff, 0xff, 0x50, 0x50, 0x5f, 0xff,
    0xff, 0xff, 0xff, 0xff, 0xff, 0xff, 0xff, 0x72,
    0x7f, 0xff, 0xff, 0xff, 0xff, 0xff, 0xff, 0xff,
    0xff, 0xff, 0xff, 0xff, 0xfe, 0xfe, 0xff, 0xff,
    0xff, 0xff, 0xff, 0xff, 0xff, 0xff, 0xf6, 0x3f,
    0x9, 0xff, 0xff, 0xff, 0xff, 0xff, 0xff, 0xff,
    0xff, 0xb9, 0xf7, 0xdf, 0xf9, 0xdd, 0xdd, 0xdd,
    0xdd, 0xdd, 0xdd, 0xdd, 0xdd, 0xdd, 0xd9,

    /* U+F01C "" */
    0x0, 0x0, 0x6, 0xaa, 0xaa, 0xaa, 0xaa, 0xaa,
    0xaa, 0x30, 0x0, 0x0, 0x0, 0x0, 0x8f, 0xff,
    0xff, 0xff, 0xff, 0xff, 0xff, 0xf2, 0x0, 0x0,
    0x0, 0x3, 0xff, 0xff, 0xff, 0xff, 0xff, 0xff,
    0xff, 0xfc, 0x0, 0x0, 0x0, 0xd, 0xff, 0x40,
    0x0, 0x0, 0x0, 0x0, 0xa, 0xff, 0x80, 0x0,
    0x0, 0x8f, 0xf9, 0x0, 0x0, 0x0, 0x0, 0x0,
    0x1, 0xef, 0xf3, 0x0, 0x3, 0xff, 0xd0, 0x0,
    0x0, 0x0, 0x0, 0x0, 0x0, 0x4f, 0xfd, 0x0,
    0xd, 0xff, 0x40, 0x0, 0x0, 0x0, 0x0, 0x0,
    0x0, 0xa, 0xff, 0x80, 0x8f, 0xf9, 0x0, 0x0,
    0x0, 0x0, 0x0, 0x0, 0x0, 0x1, 0xef, 0xf3,
    0xff, 0xfe, 0xee, 0xee, 0x50, 0x0, 0x0, 0xb,
    0xee, 0xee, 0xff, 0xf9, 0xff, 0xff, 0xff, 0xff,
    0xd0, 0x0, 0x0, 0x4f, 0xff, 0xff, 0xff, 0xfa,
    0xff, 0xff, 0xff, 0xff, 0xf7, 0x44, 0x44, 0xcf,
    0xff, 0xff, 0xff, 0xfa, 0xff, 0xff, 0xff, 0xff,
    0xff, 0xff, 0xff, 0xff, 0xff, 0xff, 0xff, 0xfa,
    0xff, 0xff, 0xff, 0xff, 0xff, 0xff, 0xff, 0xff,
    0xff, 0xff, 0xff, 0xfa, 0xff, 0xff, 0xff, 0xff,
    0xff, 0xff, 0xff, 0xff, 0xff, 0xff, 0xff, 0xfa,
    0xef, 0xff, 0xff, 0xff, 0xff, 0xff, 0xff, 0xff,
    0xff, 0xff, 0xff, 0xf8, 0x4e, 0xff, 0xff, 0xff,
    0xff, 0xff, 0xff, 0xff, 0xff, 0xff, 0xff, 0xc1,

    /* U+F021 "" */
    0x0, 0x0, 0x0, 0x0, 0x0, 0x0, 0x0, 0x0,
    0x0, 0x46, 0x50, 0x0, 0x0, 0x3, 0x9d, 0xff,
    0xfc, 0x71, 0x0, 0xe, 0xff, 0x0, 0x0, 0x1b,
    0xff, 0xff, 0xff, 0xff, 0xf9, 0x10, 0xdf, 0xf0,
    0x0, 0x3e, 0xff, 0xff, 0xfe, 0xff, 0xff, 0xfe,
    0x3c, 0xff, 0x0, 0x3f, 0xff, 0xfa, 0x30, 0x0,
    0x4b, 0xff, 0xff, 0xef, 0xf0, 0x1e, 0xff, 0xe3,
    0x0, 0x0, 0x0, 0x4, 0xef, 0xff, 0xff, 0x8,
    0xff, 0xe2, 0x0, 0x0, 0x0, 0x10, 0x2, 0xef,
    0xff, 0xf0, 0xff, 0xf4, 0x0, 0x0, 0x0, 0x2f,
    0xff, 0xff, 0xff, 0xff, 0x4f, 0xfc, 0x0, 0x0,
    0x0, 0x3, 0xff, 0xff, 0xff, 0xff, 0xf5, 0xdd,
    0x50, 0x0, 0x0, 0x0, 0x1c, 0xdd, 0xdd, 0xdd,
    0xdb, 0x0, 0x0, 0x0, 0x0, 0x0, 0x0, 0x0,
    0x0, 0x0, 0x0, 0x0, 0x0, 0x0, 0x0, 0x0,
    0x0, 0x0, 0x0, 0x0, 0x0, 0x0, 0xbc, 0xcc,
    0xcc, 0xcc, 0xc1, 0x0, 0x0, 0x0, 0x5, 0xcc,
    0x4f, 0xff, 0xff, 0xff, 0xff, 0x30, 0x0, 0x0,
    0x0, 0xcf, 0xf4, 0xff, 0xff, 0xff, 0xff, 0xf2,
    0x0, 0x0, 0x0, 0x4f, 0xff, 0xf, 0xff, 0xfe,
    0x10, 0x11, 0x0, 0x0, 0x0, 0x1e, 0xff, 0x80,
    0xff, 0xff, 0xfd, 0x30, 0x0, 0x0, 0x0, 0x3e,
    0xff, 0xe1, 0xf, 0xfe, 0xff, 0xff, 0x93, 0x0,
    0x2, 0x9f, 0xff, 0xf4, 0x0, 0xff, 0xc4, 0xff,
    0xff, 0xff, 0xde, 0xff, 0xff, 0xf4, 0x0, 0xf,
    0xfd, 0x1, 0xaf, 0xff, 0xff, 0xff, 0xff, 0xc2,
    0x0, 0x0, 0xff, 0xe0, 0x0, 0x39, 0xef, 0xff,
    0xea, 0x40, 0x0, 0x0, 0x5, 0x64, 0x0, 0x0,
    0x0, 0x11, 0x0, 0x0, 0x0, 0x0, 0x0,

    /* U+F026 "" */
    0x0, 0x0, 0x0, 0x0, 0x3b, 0x20, 0x0, 0x0,
    0x0, 0x3f, 0xf7, 0x0, 0x0, 0x0, 0x3f, 0xff,
    0x80, 0x0, 0x0, 0x3f, 0xff, 0xf8, 0x9d, 0xdd,
    0xdf, 0xff, 0xff, 0x8f, 0xff, 0xff, 0xff, 0xff,
    0xf8, 0xff, 0xff, 0xff, 0xff, 0xff, 0x8f, 0xff,
    0xff, 0xff, 0xff, 0xf8, 0xff, 0xff, 0xff, 0xff,
    0xff, 0x8f, 0xff, 0xff, 0xff, 0xff, 0xf8, 0xff,
    0xff, 0xff, 0xff, 0xff, 0x8d, 0xff, 0xff, 0xff,
    0xff, 0xf8, 0x0, 0x0, 0x6, 0xff, 0xff, 0x80,
    0x0, 0x0, 0x6, 0xff, 0xf8, 0x0, 0x0, 0x0,
    0x6, 0xff, 0x80, 0x0, 0x0, 0x0, 0x6, 0xe4,
    0x0, 0x0, 0x0, 0x0, 0x0, 0x0,

    /* U+F027 "" */
    0x0, 0x0, 0x0, 0x0, 0x3b, 0x20, 0x0, 0x0,
    0x0, 0x0, 0x0, 0x3, 0xff, 0x70, 0x0, 0x0,
    0x0, 0x0, 0x0, 0x3f, 0xff, 0x80, 0x0, 0x0,
    0x0, 0x0, 0x3, 0xff, 0xff, 0x80, 0x0, 0x0,
    0x9d, 0xdd, 0xdf, 0xff, 0xff, 0x80, 0x1, 0x0,
    0xff, 0xff, 0xff, 0xff, 0xff, 0x80, 0x6f, 0x70,
    0xff, 0xff, 0xff, 0xff, 0xff, 0x80, 0x4f, 0xf4,
    0xff, 0xff, 0xff, 0xff, 0xff, 0x80, 0x7, 0xfa,
    0xff, 0xff, 0xff, 0xff, 0xff, 0x80, 0x4, 0xfb,
    0xff, 0xff, 0xff, 0xff, 0xff, 0x80, 0x1d, 0xf7,
    0xff, 0xff, 0xff, 0xff, 0xff, 0x80, 0x8f, 0xc0,
    0xdf, 0xff, 0xff, 0xff, 0xff, 0x80, 0x6, 0x0,
    0x0, 0x0, 0x6, 0xff, 0xff, 0x80, 0x0, 0x0,
    0x0, 0x0, 0x0, 0x6f, 0xff, 0x80, 0x0, 0x0,
    0x0, 0x0, 0x0, 0x6, 0xff, 0x80, 0x0, 0x0,
    0x0, 0x0, 0x0, 0x0, 0x6e, 0x40, 0x0, 0x0,
    0x0, 0x0, 0x0, 0x0, 0x0, 0x0, 0x0, 0x0,

    /* U+F028 "" */
    0x0, 0x0, 0x0, 0x0, 0x0, 0x0, 0x0, 0x0,
    0x7, 0x80, 0x0, 0x0, 0x0, 0x0, 0x0, 0x0,
    0x0, 0x0, 0x0, 0x0, 0xf, 0xfc, 0x10, 0x0,
    0x0, 0x0, 0x0, 0x0, 0x3b, 0x20, 0x0, 0x0,
    0x3, 0xef, 0xc0, 0x0, 0x0, 0x0, 0x0, 0x3,
    0xff, 0x70, 0x0, 0x5, 0x10, 0x1d, 0xf9, 0x0,
    0x0, 0x0, 0x0, 0x3f, 0xff, 0x80, 0x0, 0x3f,
    0xe4, 0x3, 0xff, 0x30, 0x0, 0x0, 0x3, 0xff,
    0xff, 0x80, 0x0, 0xa, 0xff, 0x20, 0x7f, 0xb0,
    0x9d, 0xdd, 0xdf, 0xff, 0xff, 0x80, 0x1, 0x0,
    0x9f, 0xc0, 0xe, 0xf2, 0xff, 0xff, 0xff, 0xff,
    0xff, 0x80, 0x7f, 0x80, 0xd, 0xf3, 0x9, 0xf6,
    0xff, 0xff, 0xff, 0xff, 0xff, 0x80, 0x4f, 0xf4,
    0x7, 0xf8, 0x6, 0xf9, 0xff, 0xff, 0xff, 0xff,
    0xff, 0x80, 0x6, 0xfa, 0x4, 0xfa, 0x4, 0xfb,
    0xff, 0xff, 0xff, 0xff, 0xff, 0x80, 0x5, 0xfb,
    0x4, 0xfa, 0x4, 0xfb, 0xff, 0xff, 0xff, 0xff,
    0xff, 0x80, 0x2d, 0xf6, 0x6, 0xf9, 0x5, 0xfa,
    0xff, 0xff, 0xff, 0xff, 0xff, 0x80, 0x8f, 0xc0,
    0xc, 0xf5, 0x9, 0xf7, 0xdf, 0xff, 0xff, 0xff,
    0xff, 0x80, 0x5, 0x0, 0x6f, 0xe0, 0xd, 0xf3,
    0x0, 0x0, 0x6, 0xff, 0xff, 0x80, 0x0, 0x6,
    0xff, 0x40, 0x5f, 0xd0, 0x0, 0x0, 0x0, 0x6f,
    0xff, 0x80, 0x0, 0x3f, 0xf7, 0x0, 0xef, 0x60,
    0x0, 0x0, 0x0, 0x6, 0xff, 0x80, 0x0, 0x9,
    0x40, 0xb, 0xfc, 0x0, 0x0, 0x0, 0x0, 0x0,
    0x6e, 0x40, 0x0, 0x0, 0x0, 0xaf, 0xe2, 0x0,
    0x0, 0x0, 0x0, 0x0, 0x0, 0x0, 0x0, 0x0,
    0xd, 0xfe, 0x30, 0x0, 0x0, 0x0, 0x0, 0x0,
    0x0, 0x0, 0x0, 0x0, 0xc, 0xc2, 0x0, 0x0,
    0x0, 0x0, 0x0, 0x0, 0x0, 0x0, 0x0, 0x0,
    0x0, 0x0, 0x0, 0x0,

    /* U+F03E "" */
    0x4d, 0xff, 0xff, 0xff, 0xff, 0xff, 0xff, 0xff,
    0xff, 0xfd, 0x4e, 0xff, 0xff, 0xff, 0xff, 0xff,
    0xff, 0xff, 0xff, 0xff, 0xfe, 0xff, 0xfb, 0x69,
    0xff, 0xff, 0xff, 0xff, 0xff, 0xff, 0xff, 0xff,
    0xfb, 0x0, 0x8, 0xff, 0xff, 0xff, 0xff, 0xff,
    0xff, 0xff, 0xff, 0x50, 0x0, 0x2f, 0xff, 0xff,
    0xff, 0xff, 0xff, 0xff, 0xff, 0xf7, 0x0, 0x4,
    0xff, 0xff, 0xff, 0xb2, 0xdf, 0xff, 0xff, 0xff,
    0xe3, 0x1, 0xdf, 0xff, 0xff, 0xb0, 0x1, 0xdf,
    0xff, 0xff, 0xff, 0xfe, 0xff, 0xff, 0xff, 0xb0,
    0x0, 0x1, 0xdf, 0xff, 0xff, 0xff, 0xf9, 0xbf,
    0xff, 0xb0, 0x0, 0x0, 0x1, 0xdf, 0xff, 0xff,
    0xf8, 0x0, 0xbf, 0xb0, 0x0, 0x0, 0x0, 0xa,
    0xff, 0xff, 0xf8, 0x0, 0x0, 0x80, 0x0, 0x0,
    0x0, 0x0, 0xaf, 0xff, 0xfb, 0x0, 0x0, 0x0,
    0x0, 0x0, 0x0, 0x0, 0xa, 0xff, 0xff, 0xa0,
    0x0, 0x0, 0x0, 0x0, 0x0, 0x0, 0x0, 0xaf,
    0xff, 0xfd, 0xaa, 0xaa, 0xaa, 0xaa, 0xaa, 0xaa,
    0xaa, 0xad, 0xff, 0xef, 0xff, 0xff, 0xff, 0xff,
    0xff, 0xff, 0xff, 0xff, 0xff, 0xe4, 0xef, 0xff,
    0xff, 0xff, 0xff, 0xff, 0xff, 0xff, 0xff, 0xe4,

    /* U+F043 "" */
    0x0, 0x0, 0x0, 0x1, 0x0, 0x0, 0x0, 0x0,
    0x0, 0x0, 0xd, 0xf4, 0x0, 0x0, 0x0, 0x0,
    0x0, 0x4, 0xff, 0xb0, 0x0, 0x0, 0x0, 0x0,
    0x0, 0xaf, 0xff, 0x10, 0x0, 0x0, 0x0, 0x0,
    0x2f, 0xff, 0xf8, 0x0, 0x0, 0x0, 0x0, 0x9,
    0xff, 0xff, 0xf1, 0x0, 0x0, 0x0, 0x3, 0xff,
    0xff, 0xff, 0xa0, 0x0, 0x0, 0x0, 0xcf, 0xff,
    0xff, 0xff, 0x40, 0x0, 0x0, 0x8f, 0xff, 0xff,
    0xff, 0xfe, 0x10, 0x0, 0x3f, 0xff, 0xff, 0xff,
    0xff, 0xfb, 0x0, 0xd, 0xff, 0xff, 0xff, 0xff,
    0xff, 0xf4, 0x5, 0xff, 0xff, 0xff, 0xff, 0xff,
    0xff, 0xc0, 0xbf, 0xff, 0xff, 0xff, 0xff, 0xff,
    0xff, 0x2e, 0xff, 0xff, 0xff, 0xff, 0xff, 0xff,
    0xf5, 0xff, 0xb2, 0xff, 0xff, 0xff, 0xff, 0xff,
    0x6e, 0xfb, 0xe, 0xff, 0xff, 0xff, 0xff, 0xf5,
    0xaf, 0xf1, 0x6f, 0xff, 0xff, 0xff, 0xff, 0x14,
    0xff, 0xc0, 0x5b, 0xff, 0xff, 0xff, 0xb0, 0xb,
    0xff, 0xd5, 0x14, 0xff, 0xff, 0xf2, 0x0, 0xc,
    0xff, 0xff, 0xff, 0xff, 0xf5, 0x0, 0x0, 0x9,
    0xff, 0xff, 0xff, 0xd3, 0x0, 0x0, 0x0, 0x1,
    0x69, 0x98, 0x30, 0x0, 0x0,

    /* U+F048 "" */
    0x0, 0x10, 0x0, 0x0, 0x0, 0x0, 0x0, 0x1f,
    0xfc, 0x0, 0x0, 0x0, 0x7, 0xf9, 0x2f, 0xfc,
    0x0, 0x0, 0x0, 0x8f, 0xff, 0x2f, 0xfc, 0x0,
    0x0, 0x9, 0xff, 0xff, 0x2f, 0xfc, 0x0, 0x0,
    0xaf, 0xff, 0xff, 0x2f, 0xfc, 0x0, 0xb, 0xff,
    0xff, 0xff, 0x2f, 0xfc, 0x1, 0xcf, 0xff, 0xff,
    0xff, 0x2f, 0xfc, 0x1d, 0xff, 0xff, 0xff, 0xff,
    0x2f, 0xfe, 0xef, 0xff, 0xff, 0xff, 0xff, 0x2f,
    0xff, 0xff, 0xff, 0xff, 0xff, 0xff, 0x2f, 0xff,
    0xff, 0xff, 0xff, 0xff, 0xff, 0x2f, 0xff, 0xff,
    0xff, 0xff, 0xff, 0xff, 0x2f, 0xfc, 0x4f, 0xff,
    0xff, 0xff, 0xff, 0x2f, 0xfc, 0x3, 0xff, 0xff,
    0xff, 0xff, 0x2f, 0xfc, 0x0, 0x2e, 0xff, 0xff,
    0xff, 0x2f, 0xfc, 0x0, 0x2, 0xdf, 0xff, 0xff,
    0x2f, 0xfc, 0x0, 0x0, 0x1d, 0xff, 0xff, 0x2f,
    0xfc, 0x0, 0x0, 0x1, 0xcf, 0xff, 0x2f, 0xfc,
    0x0, 0x0, 0x0, 0xb, 0xfc, 0x4, 0x53, 0x0,
    0x0, 0x0, 0x0, 0x41,

    /* U+F04B "" */
    0x4, 0x40, 0x0, 0x0, 0x0, 0x0, 0x0, 0x0,
    0x0, 0xa, 0xff, 0xc3, 0x0, 0x0, 0x0, 0x0,
    0x0, 0x0, 0x0, 0xff, 0xff, 0xf9, 0x10, 0x0,
    0x0, 0x0, 0x0, 0x0, 0xf, 0xff, 0xff, 0xfe,
    0x60, 0x0, 0x0, 0x0, 0x0, 0x0, 0xff, 0xff,
    0xff, 0xff, 0xc3, 0x0, 0x0, 0x0, 0x0, 0xf,
    0xff, 0xff, 0xff, 0xff, 0xfa, 0x10, 0x0, 0x0,
    0x0, 0xff, 0xff, 0xff, 0xff, 0xff, 0xff, 0x70,
    0x0, 0x0, 0xf, 0xff, 0xff, 0xff, 0xff, 0xff,
    0xff, 0xd4, 0x0, 0x0, 0xff, 0xff, 0xff, 0xff,
    0xff, 0xff, 0xff, 0xfa, 0x10, 0xf, 0xff, 0xff,
    0xff, 0xff, 0xff, 0xff, 0xff, 0xff, 0x60, 0xff,
    0xff, 0xff, 0xff, 0xff, 0xff, 0xff, 0xff, 0xff,
    0x3f, 0xff, 0xff, 0xff, 0xff, 0xff, 0xff, 0xff,
    0xff, 0xf4, 0xff, 0xff, 0xff, 0xff, 0xff, 0xff,
    0xff, 0xff, 0xfa, 0xf, 0xff, 0xff, 0xff, 0xff,
    0xff, 0xff, 0xff, 0xe5, 0x0, 0xff, 0xff, 0xff,
    0xff, 0xff, 0xff, 0xff, 0x80, 0x0, 0xf, 0xff,
    0xff, 0xff, 0xff, 0xff, 0xfb, 0x20, 0x0, 0x0,
    0xff, 0xff, 0xff, 0xff, 0xff, 0xd4, 0x0, 0x0,
    0x0, 0xf, 0xff, 0xff, 0xff, 0xff, 0x70, 0x0,
    0x0, 0x0, 0x0, 0xff, 0xff, 0xff, 0xfa, 0x10,
    0x0, 0x0, 0x0, 0x0, 0xf, 0xff, 0xff, 0xd4,
    0x0, 0x0, 0x0, 0x0, 0x0, 0x0, 0xbf, 0xfe,
    0x60, 0x0, 0x0, 0x0, 0x0, 0x0, 0x0, 0x1,
    0x88, 0x10, 0x0, 0x0, 0x0, 0x0, 0x0, 0x0,
    0x0,

    /* U+F04C "" */
    0x0, 0x11, 0x11, 0x0, 0x0, 0x0, 0x11, 0x11,
    0x0, 0x6, 0xff, 0xff, 0xff, 0x40, 0x2, 0xef,
    0xff, 0xff, 0x80, 0xef, 0xff, 0xff, 0xfc, 0x0,
    0xaf, 0xff, 0xff, 0xff, 0x1f, 0xff, 0xff, 0xff,
    0xe0, 0xb, 0xff, 0xff, 0xff, 0xf2, 0xff, 0xff,
    0xff, 0xfe, 0x0, 0xbf, 0xff, 0xff, 0xff, 0x2f,
    0xff, 0xff, 0xff, 0xe0, 0xb, 0xff, 0xff, 0xff,
    0xf2, 0xff, 0xff, 0xff, 0xfe, 0x0, 0xbf, 0xff,
    0xff, 0xff, 0x2f, 0xff, 0xff, 0xff, 0xe0, 0xb,
    0xff, 0xff, 0xff, 0xf2, 0xff, 0xff, 0xff, 0xfe,
    0x0, 0xbf, 0xff, 0xff, 0xff, 0x2f, 0xff, 0xff,
    0xff, 0xe0, 0xb, 0xff, 0xff, 0xff, 0xf2, 0xff,
    0xff, 0xff, 0xfe, 0x0, 0xbf, 0xff, 0xff, 0xff,
    0x2f, 0xff, 0xff, 0xff, 0xe0, 0xb, 0xff, 0xff,
    0xff, 0xf2, 0xff, 0xff, 0xff, 0xfe, 0x0, 0xbf,
    0xff, 0xff, 0xff, 0x2f, 0xff, 0xff, 0xff, 0xe0,
    0xb, 0xff, 0xff, 0xff, 0xf2, 0xff, 0xff, 0xff,
    0xfe, 0x0, 0xbf, 0xff, 0xff, 0xff, 0x2f, 0xff,
    0xff, 0xff, 0xe0, 0xb, 0xff, 0xff, 0xff, 0xf2,
    0xff, 0xff, 0xff, 0xfe, 0x0, 0xbf, 0xff, 0xff,
    0xff, 0x2f, 0xff, 0xff, 0xff, 0xd0, 0xa, 0xff,
    0xff, 0xff, 0xf1, 0x8f, 0xff, 0xff, 0xf6, 0x0,
    0x4f, 0xff, 0xff, 0xfa, 0x0, 0x24, 0x44, 0x42,
    0x0, 0x0, 0x14, 0x44, 0x43, 0x0,

    /* U+F04D "" */
    0x0, 0x11, 0x11, 0x11, 0x11, 0x11, 0x11, 0x11,
    0x0, 0x5, 0xff, 0xff, 0xff, 0xff, 0xff, 0xff,
    0xff, 0xff, 0xa0, 0xef, 0xff, 0xff, 0xff, 0xff,
    0xff, 0xff, 0xff, 0xff, 0x4f, 0xff, 0xff, 0xff,
    0xff, 0xff, 0xff, 0xff, 0xff, 0xf6, 0xff, 0xff,
    0xff, 0xff, 0xff, 0xff, 0xff, 0xff, 0xff, 0x6f,
    0xff, 0xff, 0xff, 0xff, 0xff, 0xff, 0xff, 0xff,
    0xf6, 0xff, 0xff, 0xff, 0xff, 0xff, 0xff, 0xff,
    0xff, 0xff, 0x6f, 0xff, 0xff, 0xff, 0xff, 0xff,
    0xff, 0xff, 0xff, 0xf6, 0xff, 0xff, 0xff, 0xff,
    0xff, 0xff, 0xff, 0xff, 0xff, 0x6f, 0xff, 0xff,
    0xff, 0xff, 0xff, 0xff, 0xff, 0xff, 0xf6, 0xff,
    0xff, 0xff, 0xff, 0xff, 0xff, 0xff, 0xff, 0xff,
    0x6f, 0xff, 0xff, 0xff, 0xff, 0xff, 0xff, 0xff,
    0xff, 0xf6, 0xff, 0xff, 0xff, 0xff, 0xff, 0xff,
    0xff, 0xff, 0xff, 0x6f, 0xff, 0xff, 0xff, 0xff,
    0xff, 0xff, 0xff, 0xff, 0xf6, 0xff, 0xff, 0xff,
    0xff, 0xff, 0xff, 0xff, 0xff, 0xff, 0x6f, 0xff,
    0xff, 0xff, 0xff, 0xff, 0xff, 0xff, 0xff, 0xf6,
    0xff, 0xff, 0xff, 0xff, 0xff, 0xff, 0xff, 0xff,
    0xff, 0x6f, 0xff, 0xff, 0xff, 0xff, 0xff, 0xff,
    0xff, 0xff, 0xf5, 0x9f, 0xff, 0xff, 0xff, 0xff,
    0xff, 0xff, 0xff, 0xfd, 0x10, 0x35, 0x55, 0x55,
    0x55, 0x55, 0x55, 0x55, 0x54, 0x0,

    /* U+F051 "" */
    0x0, 0x0, 0x0, 0x0, 0x0, 0x0, 0x10, 0xd,
    0xe4, 0x0, 0x0, 0x0, 0xf, 0xfd, 0x3f, 0xff,
    0x40, 0x0, 0x0, 0x1f, 0xfe, 0x4f, 0xff, 0xf6,
    0x0, 0x0, 0x1f, 0xfe, 0x4f, 0xff, 0xff, 0x70,
    0x0, 0x1f, 0xfe, 0x4f, 0xff, 0xff, 0xf8, 0x0,
    0x1f, 0xfe, 0x4f, 0xff, 0xff, 0xff, 0x90, 0x1f,
    0xfe, 0x4f, 0xff, 0xff, 0xff, 0xfa, 0x1f, 0xfe,
    0x4f, 0xff, 0xff, 0xff, 0xff, 0xcf, 0xfe, 0x4f,
    0xff, 0xff, 0xff, 0xff, 0xff, 0xfe, 0x4f, 0xff,
    0xff, 0xff, 0xff, 0xff, 0xfe, 0x4f, 0xff, 0xff,
    0xff, 0xff, 0xef, 0xfe, 0x4f, 0xff, 0xff, 0xff,
    0xfd, 0x2f, 0xfe, 0x4f, 0xff, 0xff, 0xff, 0xc1,
    0x1f, 0xfe, 0x4f, 0xff, 0xff, 0xfb, 0x0, 0x1f,
    0xfe, 0x4f, 0xff, 0xff, 0xa0, 0x0, 0x1f, 0xfe,
    0x4f, 0xff, 0xf9, 0x0, 0x0, 0x1f, 0xfe, 0x4f,
    0xff, 0x80, 0x0, 0x0, 0x1f, 0xfe, 0x1f, 0xf7,
    0x0, 0x0, 0x0, 0x1f, 0xfd, 0x2, 0x30, 0x0,
    0x0, 0x0, 0x4, 0x53,

    /* U+F052 "" */
    0x0, 0x0, 0x0, 0x0, 0x0, 0x0, 0x0, 0x0,
    0x0, 0x0, 0x0, 0x0, 0x0, 0x0, 0x3d, 0xf7,
    0x0, 0x0, 0x0, 0x0, 0x0, 0x0, 0x0, 0x2,
    0xef, 0xff, 0x70, 0x0, 0x0, 0x0, 0x0, 0x0,
    0x0, 0x1e, 0xff, 0xff, 0xf5, 0x0, 0x0, 0x0,
    0x0, 0x0, 0x1, 0xdf, 0xff, 0xff, 0xff, 0x40,
    0x0, 0x0, 0x0, 0x0, 0xc, 0xff, 0xff, 0xff,
    0xff, 0xf3, 0x0, 0x0, 0x0, 0x0, 0xbf, 0xff,
    0xff, 0xff, 0xff, 0xfe, 0x20, 0x0, 0x0, 0xa,
    0xff, 0xff, 0xff, 0xff, 0xff, 0xff, 0xe2, 0x0,
    0x0, 0x9f, 0xff, 0xff, 0xff, 0xff, 0xff, 0xff,
    0xfd, 0x10, 0x7, 0xff, 0xff, 0xff, 0xff, 0xff,
    0xff, 0xff, 0xff, 0xc0, 0xf, 0xff, 0xff, 0xff,
    0xff, 0xff, 0xff, 0xff, 0xff, 0xf5, 0xd, 0xff,
    0xff, 0xff, 0xff, 0xff, 0xff, 0xff, 0xff, 0xf3,
    0x2, 0xac, 0xcc, 0xcc, 0xcc, 0xcc, 0xcc, 0xcc,
    0xcb, 0x60, 0x0, 0x0, 0x0, 0x0, 0x0, 0x0,
    0x0, 0x0, 0x0, 0x0, 0x9, 0xff, 0xff, 0xff,
    0xff, 0xff, 0xff, 0xff, 0xff, 0xd1, 0xf, 0xff,
    0xff, 0xff, 0xff, 0xff, 0xff, 0xff, 0xff, 0xf5,
    0xf, 0xff, 0xff, 0xff, 0xff, 0xff, 0xff, 0xff,
    0xff, 0xf6, 0xf, 0xff, 0xff, 0xff, 0xff, 0xff,
    0xff, 0xff, 0xff, 0xf5, 0xd, 0xff, 0xff, 0xff,
    0xff, 0xff, 0xff, 0xff, 0xff, 0xf3, 0x1, 0x44,
    0x44, 0x44, 0x44, 0x44, 0x44, 0x44, 0x44, 0x20,

    /* U+F053 "" */
    0x0, 0x0, 0x0, 0x0, 0x8a, 0x0, 0x0, 0x0,
    0x0, 0xa, 0xff, 0xb0, 0x0, 0x0, 0x0, 0xaf,
    0xff, 0xd0, 0x0, 0x0, 0xa, 0xff, 0xfe, 0x10,
    0x0, 0x0, 0xaf, 0xff, 0xe1, 0x0, 0x0, 0xa,
    0xff, 0xfe, 0x10, 0x0, 0x0, 0xaf, 0xff, 0xe1,
    0x0, 0x0, 0xa, 0xff, 0xfe, 0x10, 0x0, 0x0,
    0x9f, 0xff, 0xe1, 0x0, 0x0, 0x0, 0xbf, 0xff,
    0xb0, 0x0, 0x0, 0x0, 0x1d, 0xff, 0xfb, 0x0,
    0x0, 0x0, 0x1, 0xdf, 0xff, 0xb0, 0x0, 0x0,
    0x0, 0x1d, 0xff, 0xfb, 0x0, 0x0, 0x0, 0x1,
    0xdf, 0xff, 0xb0, 0x0, 0x0, 0x0, 0x1d, 0xff,
    0xfb, 0x0, 0x0, 0x0, 0x1, 0xdf, 0xff, 0xb0,
    0x0, 0x0, 0x0, 0x1d, 0xff, 0xd0, 0x0, 0x0,
    0x0, 0x1, 0xce, 0x20, 0x0, 0x0, 0x0, 0x0,
    0x0, 0x0,

    /* U+F054 "" */
    0x9, 0xa0, 0x0, 0x0, 0x0, 0x0, 0x9f, 0xfb,
    0x0, 0x0, 0x0, 0x0, 0xbf, 0xff, 0xb0, 0x0,
    0x0, 0x0, 0x1c, 0xff, 0xfb, 0x0, 0x0, 0x0,
    0x1, 0xcf, 0xff, 0xb0, 0x0, 0x0, 0x0, 0x1c,
    0xff, 0xfb, 0x0, 0x0, 0x0, 0x1, 0xcf, 0xff,
    0xb0, 0x0, 0x0, 0x0, 0x1c, 0xff, 0xfb, 0x0,
    0x0, 0x0, 0x1, 0xcf, 0xff, 0xb0, 0x0, 0x0,
    0x0, 0xaf, 0xff, 0xd0, 0x0, 0x0, 0x9, 0xff,
    0xfe, 0x20, 0x0, 0x0, 0x9f, 0xff, 0xe2, 0x0,
    0x0, 0x9, 0xff, 0xfe, 0x20, 0x0, 0x0, 0x9f,
    0xff, 0xe2, 0x0, 0x0, 0x9, 0xff, 0xfe, 0x20,
    0x0, 0x0, 0x9f, 0xff, 0xe2, 0x0, 0x0, 0x0,
    0xbf, 0xfe, 0x20, 0x0, 0x0, 0x0, 0x1d, 0xd2,
    0x0, 0x0, 0x0, 0x0, 0x0, 0x0, 0x0, 0x0,
    0x0, 0x0,

    /* U+F067 "" */
    0x0, 0x0, 0x0, 0x0, 0x0, 0x0, 0x0, 0x0,
    0x0, 0x0, 0x0, 0x0, 0x0, 0x7f, 0xfc, 0x0,
    0x0, 0x0, 0x0, 0x0, 0x0, 0x0, 0xc, 0xff,
    0xf2, 0x0, 0x0, 0x0, 0x0, 0x0, 0x0, 0x0,
    0xcf, 0xff, 0x20, 0x0, 0x0, 0x0, 0x0, 0x0,
    0x0, 0xc, 0xff, 0xf2, 0x0, 0x0, 0x0, 0x0,
    0x0, 0x0, 0x0, 0xcf, 0xff, 0x20, 0x0, 0x0,
    0x0, 0x0, 0x0, 0x0, 0xc, 0xff, 0xf2, 0x0,
    0x0, 0x0, 0x0, 0x0, 0x0, 0x0, 0xcf, 0xff,
    0x20, 0x0, 0x0, 0x0, 0x7d, 0xdd, 0xdd, 0xdf,
    0xff, 0xfd, 0xdd, 0xdd, 0xdb, 0x1f, 0xff, 0xff,
    0xff, 0xff, 0xff, 0xff, 0xff, 0xff, 0xf5, 0xff,
    0xff, 0xff, 0xff, 0xff, 0xff, 0xff, 0xff, 0xff,
    0x5b, 0xff, 0xff, 0xff, 0xff, 0xff, 0xff, 0xff,
    0xff, 0xe2, 0x1, 0x11, 0x11, 0x1c, 0xff, 0xf3,
    0x11, 0x11, 0x10, 0x0, 0x0, 0x0, 0x0, 0xcf,
    0xff, 0x20, 0x0, 0x0, 0x0, 0x0, 0x0, 0x0,
    0xc, 0xff, 0xf2, 0x0, 0x0, 0x0, 0x0, 0x0,
    0x0, 0x0, 0xcf, 0xff, 0x20, 0x0, 0x0, 0x0,
    0x0, 0x0, 0x0, 0xc, 0xff, 0xf2, 0x0, 0x0,
    0x0, 0x0, 0x0, 0x0, 0x0, 0xcf, 0xff, 0x20,
    0x0, 0x0, 0x0, 0x0, 0x0, 0x0, 0x9, 0xff,
    0xe0, 0x0, 0x0, 0x0, 0x0, 0x0, 0x0, 0x0,
    0x4, 0x41, 0x0, 0x0, 0x0, 0x0,

    /* U+F068 "" */
    0x8e, 0xee, 0xee, 0xee, 0xee, 0xee, 0xee, 0xee,
    0xec, 0x1f, 0xff, 0xff, 0xff, 0xff, 0xff, 0xff,
    0xff, 0xff, 0xf5, 0xff, 0xff, 0xff, 0xff, 0xff,
    0xff, 0xff, 0xff, 0xff, 0x5a, 0xff, 0xff, 0xff,
    0xff, 0xff, 0xff, 0xff, 0xff, 0xe2, 0x0, 0x0,
    0x0, 0x0, 0x0, 0x0, 0x0, 0x0, 0x0, 0x0,

    /* U+F06E "" */
    0x0, 0x0, 0x0, 0x1, 0x69, 0xbc, 0xcb, 0x84,
    0x0, 0x0, 0x0, 0x0, 0x0, 0x0, 0x2, 0xaf,
    0xff, 0xff, 0xff, 0xff, 0xe7, 0x0, 0x0, 0x0,
    0x0, 0x0, 0x7f, 0xff, 0xfa, 0x42, 0x36, 0xcf,
    0xff, 0xe4, 0x0, 0x0, 0x0, 0xb, 0xff, 0xfe,
    0x30, 0x0, 0x0, 0x6, 0xff, 0xff, 0x60, 0x0,
    0x0, 0xcf, 0xff, 0xf2, 0x0, 0xb, 0xb6, 0x0,
    0x7f, 0xff, 0xf7, 0x0, 0x9, 0xff, 0xff, 0x70,
    0x0, 0xe, 0xff, 0xb0, 0xd, 0xff, 0xff, 0x40,
    0x4f, 0xff, 0xff, 0x20, 0x0, 0x2f, 0xff, 0xf6,
    0x7, 0xff, 0xff, 0xe0, 0xdf, 0xff, 0xff, 0x0,
    0xb9, 0xff, 0xff, 0xfa, 0x4, 0xff, 0xff, 0xf8,
    0xef, 0xff, 0xff, 0x1, 0xff, 0xff, 0xff, 0xfb,
    0x4, 0xff, 0xff, 0xf9, 0x5f, 0xff, 0xff, 0x10,
    0xdf, 0xff, 0xff, 0xf7, 0x6, 0xff, 0xff, 0xf1,
    0xb, 0xff, 0xff, 0x60, 0x4f, 0xff, 0xff, 0xd0,
    0xc, 0xff, 0xff, 0x60, 0x1, 0xdf, 0xff, 0xe1,
    0x4, 0xcf, 0xfa, 0x10, 0x5f, 0xff, 0xf9, 0x0,
    0x0, 0x1d, 0xff, 0xfc, 0x10, 0x0, 0x0, 0x4,
    0xff, 0xff, 0x90, 0x0, 0x0, 0x0, 0xaf, 0xff,
    0xe7, 0x20, 0x3, 0x9f, 0xff, 0xf6, 0x0, 0x0,
    0x0, 0x0, 0x4, 0xcf, 0xff, 0xff, 0xff, 0xff,
    0xfa, 0x20, 0x0, 0x0, 0x0, 0x0, 0x0, 0x3,
    0x8c, 0xef, 0xfe, 0xb7, 0x10, 0x0, 0x0, 0x0,

    /* U+F070 "" */
    0x5, 0x0, 0x0, 0x0, 0x0, 0x0, 0x0, 0x0,
    0x0, 0x0, 0x0, 0x0, 0x0, 0x9, 0xfc, 0x10,
    0x0, 0x0, 0x0, 0x0, 0x0, 0x0, 0x0, 0x0,
    0x0, 0x0, 0x0, 0xdf, 0xfe, 0x40, 0x0, 0x0,
    0x0, 0x0, 0x0, 0x0, 0x0, 0x0, 0x0, 0x0,
    0x1, 0xbf, 0xff, 0x70, 0x0, 0x37, 0xac, 0xcb,
    0x95, 0x0, 0x0, 0x0, 0x0, 0x0, 0x0, 0x8f,
    0xff, 0xb7, 0xef, 0xff, 0xff, 0xff, 0xff, 0x91,
    0x0, 0x0, 0x0, 0x0, 0x0, 0x4e, 0xff, 0xff,
    0xfd, 0x73, 0x25, 0xaf, 0xff, 0xf6, 0x0, 0x0,
    0x0, 0x0, 0x0, 0x2d, 0xff, 0xfb, 0x0, 0x0,
    0x0, 0x3e, 0xff, 0xfa, 0x0, 0x0, 0x0, 0x0,
    0x0, 0xa, 0xff, 0xf9, 0x8, 0xc8, 0x10, 0x3f,
    0xff, 0xfb, 0x0, 0x0, 0x0, 0x35, 0x0, 0x6,
    0xff, 0xfc, 0xaf, 0xfe, 0x10, 0x9f, 0xff, 0xf8,
    0x0, 0x0, 0xe, 0xf8, 0x0, 0x3, 0xef, 0xff,
    0xff, 0xfb, 0x3, 0xff, 0xff, 0xf3, 0x0, 0x8,
    0xff, 0xfc, 0x10, 0x1, 0xbf, 0xff, 0xff, 0xf0,
    0xf, 0xff, 0xff, 0xc0, 0x0, 0x9f, 0xff, 0xfe,
    0x20, 0x0, 0x8f, 0xff, 0xff, 0x0, 0xff, 0xff,
    0xfd, 0x0, 0x2, 0xff, 0xff, 0xf7, 0x0, 0x0,
    0x4e, 0xff, 0xf2, 0x2f, 0xff, 0xff, 0x50, 0x0,
    0x7, 0xff, 0xff, 0xc0, 0x0, 0x0, 0x1c, 0xff,
    0xfc, 0xff, 0xff, 0xa0, 0x0, 0x0, 0xa, 0xff,
    0xff, 0x50, 0x0, 0x0, 0x9, 0xff, 0xff, 0xff,
    0xc0, 0x0, 0x0, 0x0, 0xa, 0xff, 0xff, 0x40,
    0x0, 0x0, 0x5, 0xff, 0xff, 0xd1, 0x0, 0x0,
    0x0, 0x0, 0x7, 0xff, 0xff, 0x93, 0x0, 0x0,
    0x2, 0xdf, 0xfe, 0x40, 0x0, 0x0, 0x0, 0x0,
    0x2, 0xbf, 0xff, 0xff, 0xfc, 0x20, 0x1, 0xbf,
    0xff, 0x80, 0x0, 0x0, 0x0, 0x0, 0x0, 0x27,
    0xbe, 0xff, 0xea, 0x0, 0x0, 0x7f, 0xff, 0xb1,
    0x0, 0x0, 0x0, 0x0, 0x0, 0x0, 0x0, 0x0,
    0x0, 0x0, 0x0, 0x4e, 0xff, 0xe1, 0x0, 0x0,
    0x0, 0x0, 0x0, 0x0, 0x0, 0x0, 0x0, 0x0,
    0x0, 0x1c, 0xfe, 0x10, 0x0, 0x0, 0x0, 0x0,
    0x0, 0x0, 0x0, 0x0, 0x0, 0x0, 0x0, 0x7,
    0x30,

    /* U+F071 "" */
    0x0, 0x0, 0x0, 0x0, 0x0, 0x0, 0x21, 0x0,
    0x0, 0x0, 0x0, 0x0, 0x0, 0x0, 0x0, 0x0,
    0x0, 0x0, 0xaf, 0xf5, 0x0, 0x0, 0x0, 0x0,
    0x0, 0x0, 0x0, 0x0, 0x0, 0x0, 0x5f, 0xff,
    0xe1, 0x0, 0x0, 0x0, 0x0, 0x0, 0x0, 0x0,
    0x0, 0x0, 0xe, 0xff, 0xff, 0x80, 0x0, 0x0,
    0x0, 0x0, 0x0, 0x0, 0x0, 0x0, 0x8, 0xff,
    0xff, 0xff, 0x20, 0x0, 0x0, 0x0, 0x0, 0x0,
    0x0, 0x0, 0x2, 0xff, 0xff, 0xff, 0xfb, 0x0,
    0x0, 0x0, 0x0, 0x0, 0x0, 0x0, 0x0, 0xaf,
    0xff, 0xff, 0xff, 0xf4, 0x0, 0x0, 0x0, 0x0,
    0x0, 0x0, 0x0, 0x4f, 0xff, 0xff, 0xff, 0xff,
    0xd0, 0x0, 0x0, 0x0, 0x0, 0x0, 0x0, 0xd,
    0xff, 0xf1, 0x0, 0x7f, 0xff, 0x70, 0x0, 0x0,
    0x0, 0x0, 0x0, 0x6, 0xff, 0xff, 0x10, 0x7,
    0xff, 0xff, 0x10, 0x0, 0x0, 0x0, 0x0, 0x1,
    0xef, 0xff, 0xf2, 0x0, 0x8f, 0xff, 0xf9, 0x0,
    0x0, 0x0, 0x0, 0x0, 0x9f, 0xff, 0xff, 0x30,
    0x9, 0xff, 0xff, 0xf3, 0x0, 0x0, 0x0, 0x0,
    0x2f, 0xff, 0xff, 0xf4, 0x0, 0xaf, 0xff, 0xff,
    0xc0, 0x0, 0x0, 0x0, 0xb, 0xff, 0xff, 0xff,
    0x50, 0xb, 0xff, 0xff, 0xff, 0x50, 0x0, 0x0,
    0x4, 0xff, 0xff, 0xff, 0xfd, 0xbb, 0xff, 0xff,
    0xff, 0xfe, 0x0, 0x0, 0x0, 0xdf, 0xff, 0xff,
    0xff, 0x91, 0x3e, 0xff, 0xff, 0xff, 0xf8, 0x0,
    0x0, 0x7f, 0xff, 0xff, 0xff, 0xf0, 0x0, 0x6f,
    0xff, 0xff, 0xff, 0xf1, 0x0, 0x1f, 0xff, 0xff,
    0xff, 0xff, 0x0, 0x6, 0xff, 0xff, 0xff, 0xff,
    0xa0, 0x9, 0xff, 0xff, 0xff, 0xff, 0xfa, 0x13,
    0xef, 0xff, 0xff, 0xff, 0xff, 0x30, 0xff, 0xff,
    0xff, 0xff, 0xff, 0xff, 0xff, 0xff, 0xff, 0xff,
    0xff, 0xf9, 0xc, 0xff, 0xff, 0xff, 0xff, 0xff,
    0xff, 0xff, 0xff, 0xff, 0xff, 0xff, 0x60, 0x18,
    0xaa, 0xaa, 0xaa, 0xaa, 0xaa, 0xaa, 0xaa, 0xaa,
    0xaa, 0xaa, 0x60,

    /* U+F074 "" */
    0x0, 0x0, 0x0, 0x0, 0x0, 0x0, 0x0, 0x0,
    0x0, 0x0, 0x0, 0x0, 0x0, 0x0, 0x0, 0x0,
    0x0, 0x0, 0x1d, 0x90, 0x0, 0x0, 0x0, 0x0,
    0x0, 0x0, 0x0, 0x0, 0x3, 0xff, 0x90, 0x4,
    0x55, 0x55, 0x10, 0x0, 0x0, 0x0, 0x45, 0x7f,
    0xff, 0x90, 0xff, 0xff, 0xfe, 0x20, 0x0, 0x0,
    0xaf, 0xff, 0xff, 0xff, 0x9f, 0xff, 0xff, 0xfd,
    0x10, 0x0, 0x9f, 0xff, 0xff, 0xff, 0xfe, 0xef,
    0xff, 0xff, 0xfd, 0x10, 0x7f, 0xff, 0xff, 0xff,
    0xff, 0x40, 0x0, 0x9, 0xff, 0xb0, 0x6f, 0xff,
    0xd1, 0x4f, 0xff, 0x40, 0x0, 0x0, 0xa, 0xc0,
    0x5f, 0xff, 0xe1, 0x3, 0xff, 0x40, 0x0, 0x0,
    0x0, 0x1, 0x4f, 0xff, 0xe2, 0x0, 0x7, 0x30,
    0x0, 0x0, 0x0, 0x0, 0x3f, 0xff, 0xf3, 0x0,
    0x0, 0x0, 0x0, 0x0, 0x0, 0x0, 0x2e, 0xff,
    0xf4, 0x16, 0x0, 0x1e, 0x90, 0x0, 0x0, 0x0,
    0x2e, 0xff, 0xf5, 0xc, 0xf6, 0x4, 0xff, 0xa0,
    0x5, 0x66, 0x6d, 0xff, 0xf6, 0xa, 0xff, 0xf7,
    0x8f, 0xff, 0xa0, 0xff, 0xff, 0xff, 0xf7, 0x0,
    0x3f, 0xff, 0xff, 0xff, 0xff, 0x9f, 0xff, 0xff,
    0xf8, 0x0, 0x0, 0x3f, 0xff, 0xff, 0xff, 0xfe,
    0xde, 0xee, 0xe9, 0x0, 0x0, 0x0, 0x4e, 0xee,
    0xff, 0xff, 0x30, 0x0, 0x0, 0x0, 0x0, 0x0,
    0x0, 0x0, 0x4f, 0xff, 0x30, 0x0, 0x0, 0x0,
    0x0, 0x0, 0x0, 0x0, 0x3, 0xff, 0x30, 0x0,
    0x0, 0x0, 0x0, 0x0, 0x0, 0x0, 0x0, 0x6,
    0x30, 0x0,

    /* U+F077 "" */
    0x0, 0x0, 0x0, 0x0, 0x13, 0x0, 0x0, 0x0,
    0x0, 0x0, 0x0, 0x0, 0x0, 0x2e, 0xf6, 0x0,
    0x0, 0x0, 0x0, 0x0, 0x0, 0x0, 0x2e, 0xff,
    0xf6, 0x0, 0x0, 0x0, 0x0, 0x0, 0x0, 0x2e,
    0xff, 0xff, 0xf6, 0x0, 0x0, 0x0, 0x0, 0x0,
    0x2e, 0xff, 0xff, 0xff, 0xf6, 0x0, 0x0, 0x0,
    0x0, 0x2e, 0xff, 0xf9, 0x4f, 0xff, 0xf6, 0x0,
    0x0, 0x0, 0x2e, 0xff, 0xf9, 0x0, 0x4f, 0xff,
    0xf6, 0x0, 0x0, 0x2e, 0xff, 0xf9, 0x0, 0x0,
    0x4f, 0xff, 0xf6, 0x0, 0x2e, 0xff, 0xf9, 0x0,
    0x0, 0x0, 0x4f, 0xff, 0xf6, 0xa, 0xff, 0xf9,
    0x0, 0x0, 0x0, 0x0, 0x4f, 0xff, 0xf1, 0x4f,
    0xf9, 0x0, 0x0, 0x0, 0x0, 0x0, 0x4f, 0xfa,
    0x0, 0x36, 0x0, 0x0, 0x0, 0x0, 0x0, 0x0,
    0x36, 0x0,

    /* U+F078 "" */
    0x1, 0x30, 0x0, 0x0, 0x0, 0x0, 0x0, 0x1,
    0x30, 0x2, 0xef, 0x60, 0x0, 0x0, 0x0, 0x0,
    0x1, 0xef, 0x60, 0xbf, 0xff, 0x60, 0x0, 0x0,
    0x0, 0x1, 0xef, 0xff, 0x14, 0xff, 0xff, 0x60,
    0x0, 0x0, 0x1, 0xef, 0xff, 0x90, 0x4, 0xff,
    0xff, 0x60, 0x0, 0x1, 0xef, 0xff, 0xa0, 0x0,
    0x4, 0xff, 0xff, 0x60, 0x1, 0xef, 0xff, 0xa0,
    0x0, 0x0, 0x4, 0xff, 0xff, 0x61, 0xef, 0xff,
    0xa0, 0x0, 0x0, 0x0, 0x4, 0xff, 0xff, 0xef,
    0xff, 0xa0, 0x0, 0x0, 0x0, 0x0, 0x4, 0xff,
    0xff, 0xff, 0xa0, 0x0, 0x0, 0x0, 0x0, 0x0,
    0x4, 0xff, 0xff, 0xa0, 0x0, 0x0, 0x0, 0x0,
    0x0, 0x0, 0x4, 0xff, 0xa0, 0x0, 0x0, 0x0,
    0x0, 0x0, 0x0, 0x0, 0x4, 0x70, 0x0, 0x0,
    0x0, 0x0,

    /* U+F079 "" */
    0x0, 0x0, 0x8c, 0x20, 0x0, 0x0, 0x0, 0x0,
    0x0, 0x0, 0x0, 0x0, 0x0, 0x0, 0x0, 0x9f,
    0xfe, 0x20, 0x1, 0x89, 0x99, 0x99, 0x99, 0x99,
    0x81, 0x0, 0x0, 0x0, 0x9f, 0xff, 0xfe, 0x20,
    0x5f, 0xff, 0xff, 0xff, 0xff, 0xff, 0x80, 0x0,
    0x0, 0x9f, 0xff, 0xff, 0xfe, 0x30, 0xbf, 0xff,
    0xff, 0xff, 0xff, 0xf8, 0x0, 0x0, 0x9f, 0xfd,
    0xff, 0xdf, 0xfe, 0x20, 0x0, 0x0, 0x0, 0x2,
    0xff, 0x80, 0x0, 0xb, 0xfe, 0x2f, 0xf9, 0x7f,
    0xf3, 0x0, 0x0, 0x0, 0x0, 0x1f, 0xf8, 0x0,
    0x0, 0x17, 0x21, 0xff, 0x90, 0x65, 0x0, 0x0,
    0x0, 0x0, 0x1, 0xff, 0x80, 0x0, 0x0, 0x0,
    0x1f, 0xf9, 0x0, 0x0, 0x0, 0x0, 0x0, 0x0,
    0x1f, 0xf8, 0x0, 0x0, 0x0, 0x1, 0xff, 0x90,
    0x0, 0x0, 0x0, 0x0, 0x0, 0x1, 0xff, 0x80,
    0x0, 0x0, 0x0, 0x1f, 0xf9, 0x0, 0x0, 0x0,
    0x0, 0x0, 0x61, 0x1f, 0xf8, 0x4, 0x30, 0x0,
    0x1, 0xff, 0x90, 0x0, 0x0, 0x0, 0x0, 0xbf,
    0xc2, 0xff, 0x86, 0xff, 0x20, 0x0, 0x1f, 0xf9,
    0x0, 0x0, 0x0, 0x0, 0xa, 0xff, 0xdf, 0xfd,
    0xff, 0xf2, 0x0, 0x1, 0xff, 0xff, 0xff, 0xff,
    0xff, 0xd3, 0xb, 0xff, 0xff, 0xff, 0xf3, 0x0,
    0x0, 0xf, 0xff, 0xff, 0xff, 0xff, 0xff, 0xd0,
    0xb, 0xff, 0xff, 0xf3, 0x0, 0x0, 0x0, 0x8a,
    0xaa, 0xaa, 0xaa, 0xaa, 0xa6, 0x0, 0xa, 0xff,
    0xe3, 0x0, 0x0, 0x0, 0x0, 0x0, 0x0, 0x0,
    0x0, 0x0, 0x0, 0x0, 0xa, 0xe3, 0x0, 0x0,

    /* U+F07B "" */
    0x2a, 0xcc, 0xcc, 0xcc, 0xa0, 0x0, 0x0, 0x0,
    0x0, 0x0, 0xd, 0xff, 0xff, 0xff, 0xff, 0xb0,
    0x0, 0x0, 0x0, 0x0, 0x0, 0xff, 0xff, 0xff,
    0xff, 0xff, 0xb2, 0x22, 0x22, 0x22, 0x20, 0xf,
    0xff, 0xff, 0xff, 0xff, 0xff, 0xff, 0xff, 0xff,
    0xff, 0xf6, 0xff, 0xff, 0xff, 0xff, 0xff, 0xff,
    0xff, 0xff, 0xff, 0xff, 0xef, 0xff, 0xff, 0xff,
    0xff, 0xff, 0xff, 0xff, 0xff, 0xff, 0xff, 0xff,
    0xff, 0xff, 0xff, 0xff, 0xff, 0xff, 0xff, 0xff,
    0xff, 0xff, 0xff, 0xff, 0xff, 0xff, 0xff, 0xff,
    0xff, 0xff, 0xff, 0xff, 0xff, 0xff, 0xff, 0xff,
    0xff, 0xff, 0xff, 0xff, 0xff, 0xff, 0xff, 0xff,
    0xff, 0xff, 0xff, 0xff, 0xff, 0xff, 0xff, 0xff,
    0xff, 0xff, 0xff, 0xff, 0xff, 0xff, 0xff, 0xff,
    0xff, 0xff, 0xff, 0xff, 0xff, 0xff, 0xff, 0xff,
    0xff, 0xff, 0xff, 0xff, 0xff, 0xff, 0xff, 0xff,
    0xff, 0xff, 0xff, 0xff, 0xff, 0xff, 0xff, 0xff,
    0xff, 0xff, 0xff, 0xff, 0xff, 0xff, 0xff, 0xff,
    0xff, 0xff, 0xff, 0xef, 0xff, 0xff, 0xff, 0xff,
    0xff, 0xff, 0xff, 0xff, 0xff, 0xe4, 0xef, 0xff,
    0xff, 0xff, 0xff, 0xff, 0xff, 0xff, 0xff, 0xe4,

    /* U+F093 "" */
    0x0, 0x0, 0x0, 0x0, 0x0, 0x40, 0x0, 0x0,
    0x0, 0x0, 0x0, 0x0, 0x0, 0x0, 0x0, 0xbf,
    0xb0, 0x0, 0x0, 0x0, 0x0, 0x0, 0x0, 0x0,
    0x0, 0xbf, 0xff, 0xb0, 0x0, 0x0, 0x0, 0x0,
    0x0, 0x0, 0x0, 0xbf, 0xff, 0xff, 0xb0, 0x0,
    0x0, 0x0, 0x0, 0x0, 0x0, 0xbf, 0xff, 0xff,
    0xff, 0xb0, 0x0, 0x0, 0x0, 0x0, 0x0, 0xbf,
    0xff, 0xff, 0xff, 0xff, 0xb0, 0x0, 0x0, 0x0,
    0x0, 0xbf, 0xff, 0xff, 0xff, 0xff, 0xff, 0xb0,
    0x0, 0x0, 0x0, 0x7f, 0xff, 0xff, 0xff, 0xff,
    0xff, 0xff, 0x70, 0x0, 0x0, 0x1, 0x77, 0x78,
    0xff, 0xff, 0xf8, 0x77, 0x71, 0x0, 0x0, 0x0,
    0x0, 0x0, 0x2f, 0xff, 0xff, 0x20, 0x0, 0x0,
    0x0, 0x0, 0x0, 0x0, 0x2, 0xff, 0xff, 0xf2,
    0x0, 0x0, 0x0, 0x0, 0x0, 0x0, 0x0, 0x2f,
    0xff, 0xff, 0x20, 0x0, 0x0, 0x0, 0x0, 0x0,
    0x0, 0x2, 0xff, 0xff, 0xf2, 0x0, 0x0, 0x0,
    0x0, 0x0, 0x0, 0x0, 0x2f, 0xff, 0xff, 0x20,
    0x0, 0x0, 0x0, 0x0, 0x0, 0x0, 0x2, 0xff,
    0xff, 0xf2, 0x0, 0x0, 0x0, 0xb, 0xff, 0xff,
    0xf9, 0x1f, 0xff, 0xff, 0x19, 0xff, 0xff, 0xfb,
    0xff, 0xff, 0xff, 0xd0, 0x57, 0x77, 0x50, 0xdf,
    0xff, 0xff, 0xff, 0xff, 0xff, 0xff, 0xa2, 0x11,
    0x12, 0xaf, 0xff, 0xff, 0xff, 0xff, 0xff, 0xff,
    0xff, 0xff, 0xff, 0xff, 0xfe, 0xfe, 0xff, 0xff,
    0xff, 0xff, 0xff, 0xff, 0xff, 0xff, 0xf6, 0x3f,
    0x9, 0xff, 0xff, 0xff, 0xff, 0xff, 0xff, 0xff,
    0xff, 0xb9, 0xf7, 0xdf, 0xf9, 0xdd, 0xdd, 0xdd,
    0xdd, 0xdd, 0xdd, 0xdd, 0xdd, 0xdd, 0xd9,

    /* U+F095 "" */
    0x0, 0x0, 0x0, 0x0, 0x0, 0x0, 0x0, 0x0,
    0x43, 0x0, 0x0, 0x0, 0x0, 0x0, 0x0, 0x0,
    0x0, 0x0, 0x4, 0xff, 0xfb, 0x83, 0x0, 0x0,
    0x0, 0x0, 0x0, 0x0, 0x0, 0xb, 0xff, 0xff,
    0xff, 0x0, 0x0, 0x0, 0x0, 0x0, 0x0, 0x0,
    0x2f, 0xff, 0xff, 0xff, 0x0, 0x0, 0x0, 0x0,
    0x0, 0x0, 0x0, 0x9f, 0xff, 0xff, 0xfe, 0x0,
    0x0, 0x0, 0x0, 0x0, 0x0, 0x0, 0xff, 0xff,
    0xff, 0xfc, 0x0, 0x0, 0x0, 0x0, 0x0, 0x0,
    0x1, 0xff, 0xff, 0xff, 0xf9, 0x0, 0x0, 0x0,
    0x0, 0x0, 0x0, 0x0, 0x3e, 0xff, 0xff, 0xf6,
    0x0, 0x0, 0x0, 0x0, 0x0, 0x0, 0x0, 0x2,
    0xdf, 0xff, 0xf1, 0x0, 0x0, 0x0, 0x0, 0x0,
    0x0, 0x0, 0x0, 0xaf, 0xff, 0xb0, 0x0, 0x0,
    0x0, 0x0, 0x0, 0x0, 0x0, 0x3, 0xff, 0xff,
    0x50, 0x0, 0x0, 0x0, 0x0, 0x0, 0x0, 0x0,
    0xd, 0xff, 0xfd, 0x0, 0x0, 0x0, 0x0, 0x0,
    0x0, 0x0, 0x0, 0xbf, 0xff, 0xf3, 0x0, 0x0,
    0x0, 0x3, 0x82, 0x0, 0x0, 0xa, 0xff, 0xff,
    0x90, 0x0, 0x0, 0x5, 0xcf, 0xfd, 0x10, 0x1,
    0xbf, 0xff, 0xfc, 0x0, 0x0, 0x6, 0xef, 0xff,
    0xff, 0xb0, 0x6e, 0xff, 0xff, 0xd1, 0x0, 0x0,
    0xe, 0xff, 0xff, 0xff, 0xfe, 0xff, 0xff, 0xfd,
    0x10, 0x0, 0x0, 0xb, 0xff, 0xff, 0xff, 0xff,
    0xff, 0xff, 0xb1, 0x0, 0x0, 0x0, 0x8, 0xff,
    0xff, 0xff, 0xff, 0xff, 0xf7, 0x0, 0x0, 0x0,
    0x0, 0x4, 0xff, 0xff, 0xff, 0xff, 0xfa, 0x20,
    0x0, 0x0, 0x0, 0x0, 0x0, 0xff, 0xff, 0xff,
    0xd8, 0x20, 0x0, 0x0, 0x0, 0x0, 0x0, 0x0,
    0x69, 0x87, 0x41, 0x0, 0x0, 0x0, 0x0, 0x0,
    0x0, 0x0,

    /* U+F0C4 "" */
    0x0, 0x0, 0x0, 0x0, 0x0, 0x0, 0x0, 0x0,
    0x0, 0x0, 0x3c, 0xff, 0xb2, 0x0, 0x0, 0x0,
    0x2, 0x54, 0x0, 0x3f, 0xff, 0xff, 0xe1, 0x0,
    0x0, 0x7, 0xff, 0xfe, 0x2b, 0xff, 0xbc, 0xff,
    0x90, 0x0, 0x7, 0xff, 0xff, 0xe1, 0xff, 0xb0,
    0xd, 0xfd, 0x0, 0x7, 0xff, 0xff, 0xd2, 0xf,
    0xfd, 0x0, 0xef, 0xc0, 0x8, 0xff, 0xff, 0xd1,
    0x0, 0xaf, 0xfe, 0xef, 0xfc, 0x8, 0xff, 0xff,
    0xd1, 0x0, 0x1, 0xef, 0xff, 0xff, 0xfd, 0xff,
    0xff, 0xd1, 0x0, 0x0, 0x1, 0x9d, 0xef, 0xff,
    0xff, 0xff, 0xd1, 0x0, 0x0, 0x0, 0x0, 0x0,
    0xcf, 0xff, 0xff, 0xd1, 0x0, 0x0, 0x0, 0x0,
    0x0, 0x8, 0xff, 0xff, 0xfc, 0x10, 0x0, 0x0,
    0x0, 0x4, 0x8a, 0xff, 0xff, 0xff, 0xfc, 0x10,
    0x0, 0x0, 0xb, 0xff, 0xff, 0xff, 0xff, 0xff,
    0xfd, 0x10, 0x0, 0x8, 0xff, 0xff, 0xff, 0xe2,
    0xbf, 0xff, 0xfd, 0x10, 0x0, 0xef, 0xe3, 0x4f,
    0xfb, 0x0, 0xbf, 0xff, 0xfd, 0x10, 0xf, 0xfb,
    0x0, 0xdf, 0xd0, 0x0, 0xaf, 0xff, 0xfd, 0x10,
    0xcf, 0xf9, 0xaf, 0xfa, 0x0, 0x0, 0xaf, 0xff,
    0xfd, 0x14, 0xff, 0xff, 0xff, 0x20, 0x0, 0x0,
    0x8f, 0xff, 0xe2, 0x4, 0xdf, 0xfd, 0x30, 0x0,
    0x0, 0x0, 0x36, 0x61, 0x0, 0x0, 0x11, 0x0,
    0x0, 0x0, 0x0, 0x0, 0x0, 0x0,

    /* U+F0C5 "" */
    0x0, 0x0, 0x0, 0x22, 0x22, 0x22, 0x20, 0x10,
    0x0, 0x0, 0x0, 0x0, 0xaf, 0xff, 0xff, 0xff,
    0x1c, 0x80, 0x0, 0x0, 0x0, 0xc, 0xff, 0xff,
    0xff, 0xf1, 0xcf, 0x80, 0x0, 0x0, 0x0, 0xcf,
    0xff, 0xff, 0xff, 0x1c, 0xff, 0x80, 0x37, 0x76,
    0xc, 0xff, 0xff, 0xff, 0xf1, 0x9c, 0xcc, 0x1f,
    0xff, 0xf0, 0xcf, 0xff, 0xff, 0xff, 0x50, 0x0,
    0x0, 0xff, 0xff, 0xc, 0xff, 0xff, 0xff, 0xff,
    0xff, 0xff, 0x2f, 0xff, 0xf0, 0xcf, 0xff, 0xff,
    0xff, 0xff, 0xff, 0xf2, 0xff, 0xff, 0xc, 0xff,
    0xff, 0xff, 0xff, 0xff, 0xff, 0x2f, 0xff, 0xf0,
    0xcf, 0xff, 0xff, 0xff, 0xff, 0xff, 0xf2, 0xff,
    0xff, 0xc, 0xff, 0xff, 0xff, 0xff, 0xff, 0xff,
    0x2f, 0xff, 0xf0, 0xcf, 0xff, 0xff, 0xff, 0xff,
    0xff, 0xf2, 0xff, 0xff, 0xc, 0xff, 0xff, 0xff,
    0xff, 0xff, 0xff, 0x2f, 0xff, 0xf0, 0xcf, 0xff,
    0xff, 0xff, 0xff, 0xff, 0xf2, 0xff, 0xff, 0xc,
    0xff, 0xff, 0xff, 0xff, 0xff, 0xff, 0x2f, 0xff,
    0xf0, 0xcf, 0xff, 0xff, 0xff, 0xff, 0xff, 0xf2,
    0xff, 0xff, 0xc, 0xff, 0xff, 0xff, 0xff, 0xff,
    0xff, 0x2f, 0xff, 0xf2, 0x6c, 0xcc, 0xcc, 0xcc,
    0xcc, 0xcc, 0xa0, 0xff, 0xff, 0xc2, 0x0, 0x0,
    0x0, 0x0, 0x0, 0x0, 0xf, 0xff, 0xff, 0xff,
    0xff, 0xff, 0xff, 0x10, 0x0, 0x0, 0xff, 0xff,
    0xff, 0xff, 0xff, 0xff, 0xf1, 0x0, 0x0, 0x6,
    0xaa, 0xaa, 0xaa, 0xaa, 0xaa, 0xa7, 0x0, 0x0,
    0x0,

    /* U+F0C7 "" */
    0x0, 0x0, 0x0, 0x0, 0x0, 0x0, 0x0, 0x0,
    0x0, 0x5, 0xff, 0xff, 0xff, 0xff, 0xff, 0xff,
    0xe4, 0x0, 0x0, 0xef, 0xff, 0xff, 0xff, 0xff,
    0xff, 0xff, 0xf5, 0x0, 0xf, 0xfe, 0x99, 0x99,
    0x99, 0x99, 0x9a, 0xff, 0xf5, 0x0, 0xff, 0xa0,
    0x0, 0x0, 0x0, 0x0, 0xe, 0xff, 0xf5, 0xf,
    0xfa, 0x0, 0x0, 0x0, 0x0, 0x0, 0xef, 0xff,
    0xf2, 0xff, 0xa0, 0x0, 0x0, 0x0, 0x0, 0xe,
    0xff, 0xff, 0x5f, 0xfa, 0x0, 0x0, 0x0, 0x0,
    0x0, 0xef, 0xff, 0xf5, 0xff, 0xb0, 0x0, 0x0,
    0x0, 0x0, 0x1f, 0xff, 0xff, 0x5f, 0xff, 0xff,
    0xff, 0xff, 0xff, 0xff, 0xff, 0xff, 0xf5, 0xff,
    0xff, 0xff, 0xff, 0xff, 0xff, 0xff, 0xff, 0xff,
    0x5f, 0xff, 0xff, 0xff, 0xfb, 0xae, 0xff, 0xff,
    0xff, 0xf5, 0xff, 0xff, 0xff, 0xf3, 0x0, 0xc,
    0xff, 0xff, 0xff, 0x5f, 0xff, 0xff, 0xfa, 0x0,
    0x0, 0x5f, 0xff, 0xff, 0xf5, 0xff, 0xff, 0xff,
    0xa0, 0x0, 0x5, 0xff, 0xff, 0xff, 0x5f, 0xff,
    0xff, 0xff, 0x20, 0x0, 0xcf, 0xff, 0xff, 0xf5,
    0xff, 0xff, 0xff, 0xff, 0xa9, 0xef, 0xff, 0xff,
    0xff, 0x5e, 0xff, 0xff, 0xff, 0xff, 0xff, 0xff,
    0xff, 0xff, 0xf4, 0x6f, 0xff, 0xff, 0xff, 0xff,
    0xff, 0xff, 0xff, 0xfa, 0x0, 0x1, 0x11, 0x11,
    0x11, 0x11, 0x11, 0x11, 0x10, 0x0,

    /* U+F0C9 "" */
    0xce, 0xee, 0xee, 0xee, 0xee, 0xee, 0xee, 0xee,
    0xee, 0x3f, 0xff, 0xff, 0xff, 0xff, 0xff, 0xff,
    0xff, 0xff, 0xf6, 0xef, 0xff, 0xff, 0xff, 0xff,
    0xff, 0xff, 0xff, 0xff, 0x40, 0x0, 0x0, 0x0,
    0x0, 0x0, 0x0, 0x0, 0x0, 0x0, 0x0, 0x0,
    0x0, 0x0, 0x0, 0x0, 0x0, 0x0, 0x0, 0x0,
    0x0, 0x0, 0x0, 0x0, 0x0, 0x0, 0x0, 0x0,
    0x0, 0x12, 0x22, 0x22, 0x22, 0x22, 0x22, 0x22,
    0x22, 0x21, 0xf, 0xff, 0xff, 0xff, 0xff, 0xff,
    0xff, 0xff, 0xff, 0xf5, 0xff, 0xff, 0xff, 0xff,
    0xff, 0xff, 0xff, 0xff, 0xff, 0x6b, 0xdd, 0xdd,
    0xdd, 0xdd, 0xdd, 0xdd, 0xdd, 0xdd, 0xc3, 0x0,
    0x0, 0x0, 0x0, 0x0, 0x0, 0x0, 0x0, 0x0,
    0x0, 0x0, 0x0, 0x0, 0x0, 0x0, 0x0, 0x0,
    0x0, 0x0, 0x0, 0x0, 0x0, 0x0, 0x0, 0x0,
    0x0, 0x0, 0x0, 0xc, 0xee, 0xee, 0xee, 0xee,
    0xee, 0xee, 0xee, 0xee, 0xe3, 0xff, 0xff, 0xff,
    0xff, 0xff, 0xff, 0xff, 0xff, 0xff, 0x6e, 0xff,
    0xff, 0xff, 0xff, 0xff, 0xff, 0xff, 0xff, 0xf4,
    0x0, 0x0, 0x0, 0x0, 0x0, 0x0, 0x0, 0x0,
    0x0, 0x0,

    /* U+F0E0 "" */
    0x7, 0x88, 0x88, 0x88, 0x88, 0x88, 0x88, 0x88,
    0x88, 0x87, 0xb, 0xff, 0xff, 0xff, 0xff, 0xff,
    0xff, 0xff, 0xff, 0xff, 0xfb, 0xff, 0xff, 0xff,
    0xff, 0xff, 0xff, 0xff, 0xff, 0xff, 0xff, 0xfe,
    0xff, 0xff, 0xff, 0xff, 0xff, 0xff, 0xff, 0xff,
    0xff, 0xfe, 0x2c, 0xff, 0xff, 0xff, 0xff, 0xff,
    0xff, 0xff, 0xff, 0xfc, 0x23, 0x9, 0xff, 0xff,
    0xff, 0xff, 0xff, 0xff, 0xff, 0xf9, 0x6, 0xf8,
    0x5, 0xff, 0xff, 0xff, 0xff, 0xff, 0xff, 0xf5,
    0x1b, 0xff, 0xfc, 0x22, 0xcf, 0xff, 0xff, 0xff,
    0xff, 0xc2, 0x4e, 0xff, 0xff, 0xff, 0x60, 0x8f,
    0xff, 0xff, 0xff, 0x80, 0x8f, 0xff, 0xff, 0xff,
    0xff, 0xb1, 0x4e, 0xff, 0xfe, 0x42, 0xcf, 0xff,
    0xff, 0xff, 0xff, 0xff, 0xe4, 0x19, 0xe9, 0x14,
    0xef, 0xff, 0xff, 0xff, 0xff, 0xff, 0xff, 0xf9,
    0x20, 0x29, 0xff, 0xff, 0xff, 0xff, 0xff, 0xff,
    0xff, 0xff, 0xff, 0xff, 0xff, 0xff, 0xff, 0xff,
    0xff, 0xff, 0xff, 0xff, 0xff, 0xff, 0xff, 0xff,
    0xff, 0xff, 0xff, 0xef, 0xff, 0xff, 0xff, 0xff,
    0xff, 0xff, 0xff, 0xff, 0xff, 0xe4, 0xef, 0xff,
    0xff, 0xff, 0xff, 0xff, 0xff, 0xff, 0xff, 0xe4,

    /* U+F0E7 "" */
    0x0, 0x2, 0x22, 0x22, 0x21, 0x0, 0x0, 0x0,
    0x9, 0xff, 0xff, 0xff, 0xf1, 0x0, 0x0, 0x0,
    0xcf, 0xff, 0xff, 0xff, 0x0, 0x0, 0x0, 0xe,
    0xff, 0xff, 0xff, 0xa0, 0x0, 0x0, 0x0, 0xff,
    0xff, 0xff, 0xf5, 0x0, 0x0, 0x0, 0x3f, 0xff,
    0xff, 0xff, 0x0, 0x0, 0x0, 0x5, 0xff, 0xff,
    0xff, 0xb0, 0x0, 0x0, 0x0, 0x7f, 0xff, 0xff,
    0xfc, 0x99, 0x99, 0x70, 0x9, 0xff, 0xff, 0xff,
    0xff, 0xff, 0xff, 0x10, 0xbf, 0xff, 0xff, 0xff,
    0xff, 0xff, 0xa0, 0xd, 0xff, 0xff, 0xff, 0xff,
    0xff, 0xf1, 0x0, 0xff, 0xff, 0xff, 0xff, 0xff,
    0xf7, 0x0, 0x6, 0xaa, 0xaa, 0xbf, 0xff, 0xfd,
    0x0, 0x0, 0x0, 0x0, 0x5, 0xff, 0xff, 0x50,
    0x0, 0x0, 0x0, 0x0, 0x9f, 0xff, 0xb0, 0x0,
    0x0, 0x0, 0x0, 0xd, 0xff, 0xf2, 0x0, 0x0,
    0x0, 0x0, 0x0, 0xff, 0xf9, 0x0, 0x0, 0x0,
    0x0, 0x0, 0x4f, 0xfe, 0x10, 0x0, 0x0, 0x0,
    0x0, 0x8, 0xff, 0x60, 0x0, 0x0, 0x0, 0x0,
    0x0, 0xcf, 0xd0, 0x0, 0x0, 0x0, 0x0, 0x0,
    0xf, 0xf4, 0x0, 0x0, 0x0, 0x0, 0x0, 0x0,
    0xa8, 0x0, 0x0, 0x0, 0x0,

    /* U+F0EA "" */
    0x0, 0x0, 0x4, 0x74, 0x0, 0x0, 0x0, 0x0,
    0x0, 0x1, 0x33, 0x37, 0xff, 0xf8, 0x33, 0x31,
    0x0, 0x0, 0x0, 0xef, 0xff, 0xfd, 0x3c, 0xff,
    0xff, 0xe0, 0x0, 0x0, 0xf, 0xff, 0xff, 0xa0,
    0x9f, 0xff, 0xff, 0x10, 0x0, 0x0, 0xff, 0xff,
    0xff, 0xcf, 0xff, 0xff, 0xf1, 0x0, 0x0, 0xf,
    0xff, 0xff, 0xff, 0xff, 0xff, 0xff, 0x10, 0x0,
    0x0, 0xff, 0xff, 0xfe, 0x40, 0x0, 0x0, 0x0,
    0x0, 0x0, 0xf, 0xff, 0xff, 0x63, 0xde, 0xee,
    0xee, 0x1a, 0x40, 0x0, 0xff, 0xff, 0xf4, 0x7f,
    0xff, 0xff, 0xf1, 0xcf, 0x40, 0xf, 0xff, 0xff,
    0x47, 0xff, 0xff, 0xff, 0x1c, 0xff, 0x40, 0xff,
    0xff, 0xf4, 0x7f, 0xff, 0xff, 0xf1, 0xcf, 0xff,
    0x1f, 0xff, 0xff, 0x47, 0xff, 0xff, 0xff, 0x10,
    0x0, 0x0, 0xff, 0xff, 0xf4, 0x7f, 0xff, 0xff,
    0xf9, 0x55, 0x55, 0xf, 0xff, 0xff, 0x47, 0xff,
    0xff, 0xff, 0xff, 0xff, 0xf2, 0xff, 0xff, 0xf4,
    0x7f, 0xff, 0xff, 0xff, 0xff, 0xff, 0x2f, 0xff,
    0xff, 0x47, 0xff, 0xff, 0xff, 0xff, 0xff, 0xf2,
    0xff, 0xff, 0xf4, 0x7f, 0xff, 0xff, 0xff, 0xff,
    0xff, 0x2a, 0xee, 0xee, 0x37, 0xff, 0xff, 0xff,
    0xff, 0xff, 0xf2, 0x0, 0x0, 0x0, 0x7f, 0xff,
    0xff, 0xff, 0xff, 0xff, 0x20, 0x0, 0x0, 0x7,
    0xff, 0xff, 0xff, 0xff, 0xff, 0xf2, 0x0, 0x0,
    0x0, 0x7f, 0xff, 0xff, 0xff, 0xff, 0xff, 0x20,
    0x0, 0x0, 0x3, 0xdd, 0xdd, 0xdd, 0xdd, 0xdd,
    0xb0,

    /* U+F0F3 "" */
    0x0, 0x0, 0x0, 0x0, 0x1, 0x0, 0x0, 0x0,
    0x0, 0x0, 0x0, 0x0, 0x0, 0xd, 0xf4, 0x0,
    0x0, 0x0, 0x0, 0x0, 0x0, 0x0, 0x1, 0xff,
    0x70, 0x0, 0x0, 0x0, 0x0, 0x0, 0x0, 0x18,
    0xef, 0xff, 0xa3, 0x0, 0x0, 0x0, 0x0, 0x0,
    0x3e, 0xff, 0xff, 0xff, 0xf8, 0x0, 0x0, 0x0,
    0x0, 0x2f, 0xff, 0xff, 0xff, 0xff, 0xf6, 0x0,
    0x0, 0x0, 0xb, 0xff, 0xff, 0xff, 0xff, 0xff,
    0xf1, 0x0, 0x0, 0x1, 0xff, 0xff, 0xff, 0xff,
    0xff, 0xff, 0x70, 0x0, 0x0, 0x4f, 0xff, 0xff,
    0xff, 0xff, 0xff, 0xfa, 0x0, 0x0, 0x6, 0xff,
    0xff, 0xff, 0xff, 0xff, 0xff, 0xc0, 0x0, 0x0,
    0x7f, 0xff, 0xff, 0xff, 0xff, 0xff, 0xfd, 0x0,
    0x0, 0x9, 0xff, 0xff, 0xff, 0xff, 0xff, 0xff,
    0xe0, 0x0, 0x0, 0xcf, 0xff, 0xff, 0xff, 0xff,
    0xff, 0xff, 0x20, 0x0, 0x1f, 0xff, 0xff, 0xff,
    0xff, 0xff, 0xff, 0xf7, 0x0, 0xa, 0xff, 0xff,
    0xff, 0xff, 0xff, 0xff, 0xff, 0xe1, 0x7, 0xff,
    0xff, 0xff, 0xff, 0xff, 0xff, 0xff, 0xff, 0xc0,
    0xff, 0xff, 0xff, 0xff, 0xff, 0xff, 0xff, 0xff,
    0xff, 0x58, 0xee, 0xee, 0xee, 0xee, 0xee, 0xee,
    0xee, 0xee, 0xc1, 0x0, 0x0, 0x0, 0x0, 0x0,
    0x0, 0x0, 0x0, 0x0, 0x0, 0x0, 0x0, 0x5,
    0xff, 0xff, 0xb0, 0x0, 0x0, 0x0, 0x0, 0x0,
    0x0, 0xd, 0xff, 0xf4, 0x0, 0x0, 0x0, 0x0,
    0x0, 0x0, 0x0, 0x17, 0x83, 0x0, 0x0, 0x0,
    0x0,

    /* U+F11C "" */
    0x19, 0xaa, 0xaa, 0xaa, 0xaa, 0xaa, 0xaa, 0xaa,
    0xaa, 0xaa, 0xaa, 0x60, 0xcf, 0xff, 0xff, 0xff,
    0xff, 0xff, 0xff, 0xff, 0xff, 0xff, 0xff, 0xf6,
    0xff, 0xff, 0xff, 0xff, 0xff, 0xff, 0xff, 0xff,
    0xff, 0xff, 0xff, 0xf9, 0xff, 0xa0, 0xf, 0x60,
    0xf, 0x60, 0xf, 0x60, 0xf, 0x60, 0xf, 0xfa,
    0xff, 0xa0, 0xe, 0x60, 0xe, 0x60, 0xe, 0x60,
    0xf, 0x60, 0xf, 0xfa, 0xff, 0xd5, 0x6f, 0xa5,
    0x6f, 0xa5, 0x6f, 0xa5, 0x6f, 0xa5, 0x6f, 0xfa,
    0xff, 0xff, 0xff, 0xff, 0xff, 0xff, 0xff, 0xff,
    0xff, 0xff, 0xff, 0xfa, 0xff, 0xff, 0xa0, 0xf,
    0x70, 0xf, 0x70, 0xf, 0x60, 0xf, 0xff, 0xfa,
    0xff, 0xff, 0x90, 0xf, 0x60, 0xf, 0x60, 0xf,
    0x60, 0xf, 0xff, 0xfa, 0xff, 0xff, 0xc5, 0x6f,
    0xa5, 0x6f, 0xa5, 0x6f, 0xa5, 0x6f, 0xff, 0xfa,
    0xff, 0xff, 0xff, 0xff, 0xff, 0xff, 0xff, 0xff,
    0xff, 0xff, 0xff, 0xfa, 0xff, 0xa0, 0xf, 0x60,
    0x0, 0x0, 0x0, 0x0, 0xf, 0x60, 0xf, 0xfa,
    0xff, 0xa0, 0xe, 0x60, 0x0, 0x0, 0x0, 0x0,
    0xf, 0x60, 0xf, 0xfa, 0xff, 0xea, 0xaf, 0xda,
    0xaa, 0xaa, 0xaa, 0xaa, 0xaf, 0xda, 0xaf, 0xfa,
    0xef, 0xff, 0xff, 0xff, 0xff, 0xff, 0xff, 0xff,
    0xff, 0xff, 0xff, 0xf8, 0x4e, 0xff, 0xff, 0xff,
    0xff, 0xff, 0xff, 0xff, 0xff, 0xff, 0xff, 0xc1,

    /* U+F124 "" */
    0x0, 0x0, 0x0, 0x0, 0x0, 0x0, 0x0, 0x0,
    0x0, 0x4, 0x40, 0x0, 0x0, 0x0, 0x0, 0x0,
    0x0, 0x0, 0x0, 0x0, 0x6d, 0xff, 0x80, 0x0,
    0x0, 0x0, 0x0, 0x0, 0x0, 0x0, 0x17, 0xef,
    0xff, 0xff, 0x0, 0x0, 0x0, 0x0, 0x0, 0x0,
    0x2, 0x9f, 0xff, 0xff, 0xff, 0xc0, 0x0, 0x0,
    0x0, 0x0, 0x0, 0x3a, 0xff, 0xff, 0xff, 0xff,
    0xf5, 0x0, 0x0, 0x0, 0x0, 0x4, 0xbf, 0xff,
    0xff, 0xff, 0xff, 0xfd, 0x0, 0x0, 0x0, 0x0,
    0x5d, 0xff, 0xff, 0xff, 0xff, 0xff, 0xff, 0x60,
    0x0, 0x0, 0x6, 0xef, 0xff, 0xff, 0xff, 0xff,
    0xff, 0xff, 0xe0, 0x0, 0x0, 0x8e, 0xff, 0xff,
    0xff, 0xff, 0xff, 0xff, 0xff, 0xf7, 0x0, 0x0,
    0xbf, 0xff, 0xff, 0xff, 0xff, 0xff, 0xff, 0xff,
    0xff, 0x10, 0x0, 0xf, 0xff, 0xff, 0xff, 0xff,
    0xff, 0xff, 0xff, 0xff, 0x90, 0x0, 0x0, 0xaf,
    0xff, 0xff, 0xff, 0xff, 0xff, 0xff, 0xff, 0xf1,
    0x0, 0x0, 0x0, 0x57, 0x77, 0x77, 0x77, 0xef,
    0xff, 0xff, 0xfa, 0x0, 0x0, 0x0, 0x0, 0x0,
    0x0, 0x0, 0xd, 0xff, 0xff, 0xff, 0x30, 0x0,
    0x0, 0x0, 0x0, 0x0, 0x0, 0x0, 0xdf, 0xff,
    0xff, 0xb0, 0x0, 0x0, 0x0, 0x0, 0x0, 0x0,
    0x0, 0xd, 0xff, 0xff, 0xf4, 0x0, 0x0, 0x0,
    0x0, 0x0, 0x0, 0x0, 0x0, 0xdf, 0xff, 0xfc,
    0x0, 0x0, 0x0, 0x0, 0x0, 0x0, 0x0, 0x0,
    0xd, 0xff, 0xff, 0x50, 0x0, 0x0, 0x0, 0x0,
    0x0, 0x0, 0x0, 0x0, 0xdf, 0xff, 0xe0, 0x0,
    0x0, 0x0, 0x0, 0x0, 0x0, 0x0, 0x0, 0xc,
    0xff, 0xf6, 0x0, 0x0, 0x0, 0x0, 0x0, 0x0,
    0x0, 0x0, 0x0, 0x9f, 0xfe, 0x0, 0x0, 0x0,
    0x0, 0x0, 0x0, 0x0, 0x0, 0x0, 0x0, 0x78,
    0x20, 0x0, 0x0, 0x0, 0x0,

    /* U+F15B "" */
    0x24, 0x44, 0x44, 0x44, 0x40, 0x11, 0x0, 0x0,
    0xef, 0xff, 0xff, 0xff, 0xf3, 0x5e, 0x30, 0x0,
    0xff, 0xff, 0xff, 0xff, 0xf3, 0x5f, 0xe3, 0x0,
    0xff, 0xff, 0xff, 0xff, 0xf3, 0x5f, 0xfe, 0x30,
    0xff, 0xff, 0xff, 0xff, 0xf3, 0x5f, 0xff, 0xe3,
    0xff, 0xff, 0xff, 0xff, 0xf3, 0x5f, 0xff, 0xfc,
    0xff, 0xff, 0xff, 0xff, 0xf5, 0x0, 0x0, 0x0,
    0xff, 0xff, 0xff, 0xff, 0xff, 0xff, 0xff, 0xfe,
    0xff, 0xff, 0xff, 0xff, 0xff, 0xff, 0xff, 0xfe,
    0xff, 0xff, 0xff, 0xff, 0xff, 0xff, 0xff, 0xfe,
    0xff, 0xff, 0xff, 0xff, 0xff, 0xff, 0xff, 0xfe,
    0xff, 0xff, 0xff, 0xff, 0xff, 0xff, 0xff, 0xfe,
    0xff, 0xff, 0xff, 0xff, 0xff, 0xff, 0xff, 0xfe,
    0xff, 0xff, 0xff, 0xff, 0xff, 0xff, 0xff, 0xfe,
    0xff, 0xff, 0xff, 0xff, 0xff, 0xff, 0xff, 0xfe,
    0xff, 0xff, 0xff, 0xff, 0xff, 0xff, 0xff, 0xfe,
    0xff, 0xff, 0xff, 0xff, 0xff, 0xff, 0xff, 0xfe,
    0xff, 0xff, 0xff, 0xff, 0xff, 0xff, 0xff, 0xfe,
    0xff, 0xff, 0xff, 0xff, 0xff, 0xff, 0xff, 0xfe,
    0xff, 0xff, 0xff, 0xff, 0xff, 0xff, 0xff, 0xfe,
    0xff, 0xff, 0xff, 0xff, 0xff, 0xff, 0xff, 0xfe,
    0x47, 0x77, 0x77, 0x77, 0x77, 0x77, 0x77, 0x73,

    /* U+F1EB "" */
    0x0, 0x0, 0x0, 0x0, 0x0, 0x0, 0x0, 0x0,
    0x0, 0x0, 0x0, 0x0, 0x0, 0x0, 0x0, 0x0,
    0x0, 0x16, 0x9c, 0xef, 0xfe, 0xda, 0x73, 0x0,
    0x0, 0x0, 0x0, 0x0, 0x0, 0x6, 0xcf, 0xff,
    0xff, 0xff, 0xff, 0xff, 0xfe, 0x81, 0x0, 0x0,
    0x0, 0x0, 0x5e, 0xff, 0xff, 0xff, 0xff, 0xff,
    0xff, 0xff, 0xff, 0xf8, 0x0, 0x0, 0x1, 0xbf,
    0xff, 0xff, 0xfb, 0x86, 0x55, 0x57, 0xae, 0xff,
    0xff, 0xfd, 0x30, 0x3, 0xef, 0xff, 0xfb, 0x40,
    0x0, 0x0, 0x0, 0x0, 0x3, 0x9f, 0xff, 0xff,
    0x60, 0xef, 0xff, 0xd3, 0x0, 0x0, 0x0, 0x0,
    0x0, 0x0, 0x0, 0x2a, 0xff, 0xff, 0x25, 0xff,
    0x90, 0x0, 0x0, 0x2, 0x45, 0x64, 0x30, 0x0,
    0x0, 0x6, 0xff, 0x80, 0x4, 0x50, 0x0, 0x1,
    0x8d, 0xff, 0xff, 0xff, 0xea, 0x30, 0x0, 0x3,
    0x60, 0x0, 0x0, 0x0, 0x8, 0xff, 0xff, 0xff,
    0xff, 0xff, 0xff, 0xb1, 0x0, 0x0, 0x0, 0x0,
    0x0, 0x1c, 0xff, 0xff, 0xff, 0xee, 0xff, 0xff,
    0xff, 0xe3, 0x0, 0x0, 0x0, 0x0, 0x3, 0xff,
    0xff, 0x94, 0x0, 0x0, 0x37, 0xef, 0xff, 0x70,
    0x0, 0x0, 0x0, 0x0, 0x6, 0xfc, 0x20, 0x0,
    0x0, 0x0, 0x0, 0x9f, 0xa0, 0x0, 0x0, 0x0,
    0x0, 0x0, 0x2, 0x0, 0x0, 0x0, 0x0, 0x0,
    0x0, 0x20, 0x0, 0x0, 0x0, 0x0, 0x0, 0x0,
    0x0, 0x0, 0x5, 0xdd, 0x70, 0x0, 0x0, 0x0,
    0x0, 0x0, 0x0, 0x0, 0x0, 0x0, 0x0, 0x2,
    0xff, 0xff, 0x60, 0x0, 0x0, 0x0, 0x0, 0x0,
    0x0, 0x0, 0x0, 0x0, 0x0, 0x7f, 0xff, 0xfb,
    0x0, 0x0, 0x0, 0x0, 0x0, 0x0, 0x0, 0x0,
    0x0, 0x0, 0x5, 0xff, 0xff, 0x90, 0x0, 0x0,
    0x0, 0x0, 0x0, 0x0, 0x0, 0x0, 0x0, 0x0,
    0xb, 0xff, 0xd1, 0x0, 0x0, 0x0, 0x0, 0x0,
    0x0, 0x0, 0x0, 0x0, 0x0, 0x0, 0x3, 0x30,
    0x0, 0x0, 0x0, 0x0, 0x0, 0x0,

    /* U+F240 "" */
    0x7, 0x99, 0x99, 0x99, 0x99, 0x99, 0x99, 0x99,
    0x99, 0x99, 0x99, 0x97, 0x0, 0xb, 0xff, 0xff,
    0xff, 0xff, 0xff, 0xff, 0xff, 0xff, 0xff, 0xff,
    0xff, 0xfa, 0x0, 0xff, 0xff, 0xff, 0xff, 0xff,
    0xff, 0xff, 0xff, 0xff, 0xff, 0xff, 0xff, 0xe0,
    0xf, 0xfa, 0x0, 0x0, 0x0, 0x0, 0x0, 0x0,
    0x0, 0x0, 0x0, 0xd, 0xff, 0xc0, 0xff, 0xa0,
    0x44, 0x44, 0x44, 0x44, 0x44, 0x44, 0x44, 0x44,
    0x40, 0xdf, 0xff, 0x1f, 0xfa, 0x1f, 0xff, 0xff,
    0xff, 0xff, 0xff, 0xff, 0xff, 0xff, 0x9, 0xdf,
    0xf1, 0xff, 0xa1, 0xff, 0xff, 0xff, 0xff, 0xff,
    0xff, 0xff, 0xff, 0xf0, 0x8, 0xff, 0x1f, 0xfa,
    0x1f, 0xff, 0xff, 0xff, 0xff, 0xff, 0xff, 0xff,
    0xff, 0x0, 0x8f, 0xf1, 0xff, 0xa1, 0xff, 0xff,
    0xff, 0xff, 0xff, 0xff, 0xff, 0xff, 0xf0, 0x7c,
    0xff, 0x1f, 0xfa, 0xf, 0xff, 0xff, 0xff, 0xff,
    0xff, 0xff, 0xff, 0xff, 0xd, 0xff, 0xf1, 0xff,
    0xa0, 0x0, 0x0, 0x0, 0x0, 0x0, 0x0, 0x0,
    0x0, 0x0, 0xdf, 0xfe, 0xf, 0xff, 0xff, 0xff,
    0xff, 0xff, 0xff, 0xff, 0xff, 0xff, 0xff, 0xff,
    0xfe, 0x0, 0xcf, 0xff, 0xff, 0xff, 0xff, 0xff,
    0xff, 0xff, 0xff, 0xff, 0xff, 0xff, 0xb0, 0x1,
    0x9a, 0xaa, 0xaa, 0xaa, 0xaa, 0xaa, 0xaa, 0xaa,
    0xaa, 0xaa, 0xaa, 0x81, 0x0,

    /* U+F241 "" */
    0x7, 0x99, 0x99, 0x99, 0x99, 0x99, 0x99, 0x99,
    0x99, 0x99, 0x99, 0x97, 0x0, 0xb, 0xff, 0xff,
    0xff, 0xff, 0xff, 0xff, 0xff, 0xff, 0xff, 0xff,
    0xff, 0xfa, 0x0, 0xff, 0xff, 0xff, 0xff, 0xff,
    0xff, 0xff, 0xff, 0xff, 0xff, 0xff, 0xff, 0xe0,
    0xf, 0xfa, 0x0, 0x0, 0x0, 0x0, 0x0, 0x0,
    0x0, 0x0, 0x0, 0xd, 0xff, 0xc0, 0xff, 0xa0,
    0x44, 0x44, 0x44, 0x44, 0x44, 0x44, 0x40, 0x0,
    0x0, 0xdf, 0xff, 0x1f, 0xfa, 0x1f, 0xff, 0xff,
    0xff, 0xff, 0xff, 0xff, 0x10, 0x0, 0x9, 0xdf,
    0xf1, 0xff, 0xa1, 0xff, 0xff, 0xff, 0xff, 0xff,
    0xff, 0xf1, 0x0, 0x0, 0x8, 0xff, 0x1f, 0xfa,
    0x1f, 0xff, 0xff, 0xff, 0xff, 0xff, 0xff, 0x10,
    0x0, 0x0, 0x8f, 0xf1, 0xff, 0xa1, 0xff, 0xff,
    0xff, 0xff, 0xff, 0xff, 0xf1, 0x0, 0x0, 0x7c,
    0xff, 0x1f, 0xfa, 0xf, 0xff, 0xff, 0xff, 0xff,
    0xff, 0xff, 0x0, 0x0, 0xd, 0xff, 0xf1, 0xff,
    0xa0, 0x0, 0x0, 0x0, 0x0, 0x0, 0x0, 0x0,
    0x0, 0x0, 0xdf, 0xfe, 0xf, 0xff, 0xff, 0xff,
    0xff, 0xff, 0xff, 0xff, 0xff, 0xff, 0xff, 0xff,
    0xfe, 0x0, 0xcf, 0xff, 0xff, 0xff, 0xff, 0xff,
    0xff, 0xff, 0xff, 0xff, 0xff, 0xff, 0xb0, 0x1,
    0x9a, 0xaa, 0xaa, 0xaa, 0xaa, 0xaa, 0xaa, 0xaa,
    0xaa, 0xaa, 0xaa, 0x81, 0x0,

    /* U+F242 "" */
    0x7, 0x99, 0x99, 0x99, 0x99, 0x99, 0x99, 0x99,
    0x99, 0x99, 0x99, 0x97, 0x0, 0xb, 0xff, 0xff,
    0xff, 0xff, 0xff, 0xff, 0xff, 0xff, 0xff, 0xff,
    0xff, 0xfa, 0x0, 0xff, 0xff, 0xff, 0xff, 0xff,
    0xff, 0xff, 0xff, 0xff, 0xff, 0xff, 0xff, 0xe0,
    0xf, 0xfa, 0x0, 0x0, 0x0, 0x0, 0x0, 0x0,
    0x0, 0x0, 0x0, 0xd, 0xff, 0xc0, 0xff, 0xa0,
    0x44, 0x44, 0x44, 0x44, 0x40, 0x0, 0x0, 0x0,
    0x0, 0xdf, 0xff, 0x1f, 0xfa, 0x1f, 0xff, 0xff,
    0xff, 0xff, 0x20, 0x0, 0x0, 0x0, 0x9, 0xdf,
    0xf1, 0xff, 0xa1, 0xff, 0xff, 0xff, 0xff, 0xf2,
    0x0, 0x0, 0x0, 0x0, 0x8, 0xff, 0x1f, 0xfa,
    0x1f, 0xff, 0xff, 0xff, 0xff, 0x20, 0x0, 0x0,
    0x0, 0x0, 0x8f, 0xf1, 0xff, 0xa1, 0xff, 0xff,
    0xff, 0xff, 0xf2, 0x0, 0x0, 0x0, 0x0, 0x7c,
    0xff, 0x1f, 0xfa, 0xf, 0xff, 0xff, 0xff, 0xff,
    0x10, 0x0, 0x0, 0x0, 0xd, 0xff, 0xf1, 0xff,
    0xa0, 0x0, 0x0, 0x0, 0x0, 0x0, 0x0, 0x0,
    0x0, 0x0, 0xdf, 0xfe, 0xf, 0xff, 0xff, 0xff,
    0xff, 0xff, 0xff, 0xff, 0xff, 0xff, 0xff, 0xff,
    0xfe, 0x0, 0xcf, 0xff, 0xff, 0xff, 0xff, 0xff,
    0xff, 0xff, 0xff, 0xff, 0xff, 0xff, 0xb0, 0x1,
    0x9a, 0xaa, 0xaa, 0xaa, 0xaa, 0xaa, 0xaa, 0xaa,
    0xaa, 0xaa, 0xaa, 0x81, 0x0,

    /* U+F243 "" */
    0x7, 0x99, 0x99, 0x99, 0x99, 0x99, 0x99, 0x99,
    0x99, 0x99, 0x99, 0x97, 0x0, 0xb, 0xff, 0xff,
    0xff, 0xff, 0xff, 0xff, 0xff, 0xff, 0xff, 0xff,
    0xff, 0xfa, 0x0, 0xff, 0xff, 0xff, 0xff, 0xff,
    0xff, 0xff, 0xff, 0xff, 0xff, 0xff, 0xff, 0xe0,
    0xf, 0xfa, 0x0, 0x0, 0x0, 0x0, 0x0, 0x0,
    0x0, 0x0, 0x0, 0xd, 0xff, 0xc0, 0xff, 0xa0,
    0x44, 0x44, 0x40, 0x0, 0x0, 0x0, 0x0, 0x0,
    0x0, 0xdf, 0xff, 0x1f, 0xfa, 0x1f, 0xff, 0xff,
    0x30, 0x0, 0x0, 0x0, 0x0, 0x0, 0x9, 0xdf,
    0xf1, 0xff, 0xa1, 0xff, 0xff, 0xf3, 0x0, 0x0,
    0x0, 0x0, 0x0, 0x0, 0x8, 0xff, 0x1f, 0xfa,
    0x1f, 0xff, 0xff, 0x30, 0x0, 0x0, 0x0, 0x0,
    0x0, 0x0, 0x8f, 0xf1, 0xff, 0xa1, 0xff, 0xff,
    0xf3, 0x0, 0x0, 0x0, 0x0, 0x0, 0x0, 0x7c,
    0xff, 0x1f, 0xfa, 0xf, 0xff, 0xff, 0x20, 0x0,
    0x0, 0x0, 0x0, 0x0, 0xd, 0xff, 0xf1, 0xff,
    0xa0, 0x0, 0x0, 0x0, 0x0, 0x0, 0x0, 0x0,
    0x0, 0x0, 0xdf, 0xfe, 0xf, 0xff, 0xff, 0xff,
    0xff, 0xff, 0xff, 0xff, 0xff, 0xff, 0xff, 0xff,
    0xfe, 0x0, 0xcf, 0xff, 0xff, 0xff, 0xff, 0xff,
    0xff, 0xff, 0xff, 0xff, 0xff, 0xff, 0xb0, 0x1,
    0x9a, 0xaa, 0xaa, 0xaa, 0xaa, 0xaa, 0xaa, 0xaa,
    0xaa, 0xaa, 0xaa, 0x81, 0x0,

    /* U+F244 "" */
    0x7, 0x99, 0x99, 0x99, 0x99, 0x99, 0x99, 0x99,
    0x99, 0x99, 0x99, 0x97, 0x0, 0xb, 0xff, 0xff,
    0xff, 0xff, 0xff, 0xff, 0xff, 0xff, 0xff, 0xff,
    0xff, 0xfa, 0x0, 0xff, 0xff, 0xff, 0xff, 0xff,
    0xff, 0xff, 0xff, 0xff, 0xff, 0xff, 0xff, 0xe0,
    0xf, 0xfa, 0x0, 0x0, 0x0, 0x0, 0x0, 0x0,
    0x0, 0x0, 0x0, 0xd, 0xff, 0xc0, 0xff, 0xa0,
    0x0, 0x0, 0x0, 0x0, 0x0, 0x0, 0x0, 0x0,
    0x0, 0xdf, 0xff, 0x1f, 0xfa, 0x0, 0x0, 0x0,
    0x0, 0x0, 0x0, 0x0, 0x0, 0x0, 0x9, 0xdf,
    0xf1, 0xff, 0xa0, 0x0, 0x0, 0x0, 0x0, 0x0,
    0x0, 0x0, 0x0, 0x0, 0x8, 0xff, 0x1f, 0xfa,
    0x0, 0x0, 0x0, 0x0, 0x0, 0x0, 0x0, 0x0,
    0x0, 0x0, 0x8f, 0xf1, 0xff, 0xa0, 0x0, 0x0,
    0x0, 0x0, 0x0, 0x0, 0x0, 0x0, 0x0, 0x7c,
    0xff, 0x1f, 0xfa, 0x0, 0x0, 0x0, 0x0, 0x0,
    0x0, 0x0, 0x0, 0x0, 0xd, 0xff, 0xf1, 0xff,
    0xa0, 0x0, 0x0, 0x0, 0x0, 0x0, 0x0, 0x0,
    0x0, 0x0, 0xdf, 0xfe, 0xf, 0xff, 0xff, 0xff,
    0xff, 0xff, 0xff, 0xff, 0xff, 0xff, 0xff, 0xff,
    0xfe, 0x0, 0xcf, 0xff, 0xff, 0xff, 0xff, 0xff,
    0xff, 0xff, 0xff, 0xff, 0xff, 0xff, 0xb0, 0x1,
    0x9a, 0xaa, 0xaa, 0xaa, 0xaa, 0xaa, 0xaa, 0xaa,
    0xaa, 0xaa, 0xaa, 0x81, 0x0,

    /* U+F287 "" */
    0x0, 0x0, 0x0, 0x0, 0x0, 0x0, 0x1, 0xbd,
    0x70, 0x0, 0x0, 0x0, 0x0, 0x0, 0x0, 0x0,
    0x0, 0x0, 0x0, 0x57, 0xcf, 0xff, 0x50, 0x0,
    0x0, 0x0, 0x0, 0x0, 0x0, 0x0, 0x0, 0x0,
    0xcf, 0xff, 0xff, 0xf7, 0x0, 0x0, 0x0, 0x0,
    0x0, 0x0, 0x0, 0x0, 0x0, 0x7f, 0x50, 0x6f,
    0xfe, 0x20, 0x0, 0x0, 0x0, 0x0, 0x0, 0x0,
    0x0, 0x0, 0xe, 0xa0, 0x0, 0x46, 0x20, 0x0,
    0x0, 0x0, 0x0, 0x0, 0x49, 0x93, 0x0, 0x6,
    0xf2, 0x0, 0x0, 0x0, 0x0, 0x0, 0x3, 0x0,
    0x0, 0x5f, 0xff, 0xf3, 0x0, 0xeb, 0x0, 0x0,
    0x0, 0x0, 0x0, 0x1, 0xfa, 0x10, 0xd, 0xff,
    0xff, 0xd8, 0xcf, 0xa8, 0x88, 0x88, 0x88, 0x88,
    0x88, 0x8f, 0xff, 0x70, 0xff, 0xff, 0xff, 0xff,
    0xff, 0xff, 0xff, 0xff, 0xff, 0xff, 0xff, 0xff,
    0xfe, 0x2a, 0xff, 0xff, 0x70, 0x0, 0x5, 0xf6,
    0x0, 0x0, 0x0, 0x0, 0x1f, 0xf8, 0x0, 0x1b,
    0xff, 0x90, 0x0, 0x0, 0xb, 0xe0, 0x0, 0x0,
    0x0, 0x0, 0xa2, 0x0, 0x0, 0x0, 0x0, 0x0,
    0x0, 0x0, 0x3f, 0x60, 0x2, 0x33, 0x31, 0x0,
    0x0, 0x0, 0x0, 0x0, 0x0, 0x0, 0x0, 0x0,
    0xbe, 0x10, 0xef, 0xff, 0x70, 0x0, 0x0, 0x0,
    0x0, 0x0, 0x0, 0x0, 0x0, 0x2, 0xee, 0xbf,
    0xff, 0xf7, 0x0, 0x0, 0x0, 0x0, 0x0, 0x0,
    0x0, 0x0, 0x0, 0x2, 0x9b, 0xff, 0xff, 0x70,
    0x0, 0x0, 0x0, 0x0, 0x0, 0x0, 0x0, 0x0,
    0x0, 0x0, 0xe, 0xff, 0xf7, 0x0, 0x0, 0x0,
    0x0, 0x0, 0x0, 0x0, 0x0, 0x0, 0x0, 0x0,
    0x22, 0x22, 0x0, 0x0, 0x0, 0x0,

    /* U+F293 "" */
    0x0, 0x0, 0x0, 0x1, 0x21, 0x0, 0x0, 0x0,
    0x0, 0x0, 0x4, 0xbf, 0xff, 0xfe, 0xa3, 0x0,
    0x0, 0x0, 0x9, 0xff, 0xff, 0xdf, 0xff, 0xf7,
    0x0, 0x0, 0x9, 0xff, 0xff, 0xe1, 0xef, 0xff,
    0xf5, 0x0, 0x3, 0xff, 0xff, 0xfe, 0x3, 0xff,
    0xff, 0xe0, 0x0, 0xaf, 0xff, 0xff, 0xe0, 0x4,
    0xff, 0xff, 0x40, 0xe, 0xff, 0xdf, 0xfe, 0x6,
    0x5, 0xff, 0xf9, 0x1, 0xff, 0xf1, 0x3f, 0xe0,
    0xca, 0x7, 0xff, 0xc0, 0x4f, 0xff, 0x90, 0x3d,
    0xb, 0x60, 0xbf, 0xfe, 0x5, 0xff, 0xff, 0x90,
    0x20, 0x30, 0xaf, 0xff, 0xf0, 0x6f, 0xff, 0xff,
    0x90, 0x0, 0x8f, 0xff, 0xff, 0x7, 0xff, 0xff,
    0xff, 0x50, 0x2f, 0xff, 0xff, 0xf1, 0x6f, 0xff,
    0xff, 0x90, 0x0, 0x7f, 0xff, 0xff, 0x5, 0xff,
    0xff, 0x90, 0x30, 0x30, 0x8f, 0xff, 0xf0, 0x4f,
    0xff, 0x90, 0x3e, 0xb, 0x60, 0x9f, 0xfe, 0x1,
    0xff, 0xf2, 0x4f, 0xf0, 0xc9, 0x6, 0xff, 0xc0,
    0xe, 0xff, 0xef, 0xff, 0x6, 0x5, 0xff, 0xf9,
    0x0, 0x8f, 0xff, 0xff, 0xf0, 0x4, 0xff, 0xff,
    0x40, 0x2, 0xff, 0xff, 0xff, 0x4, 0xff, 0xff,
    0xd0, 0x0, 0x6, 0xff, 0xff, 0xf3, 0xff, 0xff,
    0xf4, 0x0, 0x0, 0x5, 0xef, 0xff, 0xff, 0xff,
    0xf5, 0x0, 0x0, 0x0, 0x0, 0x6a, 0xcd, 0xca,
    0x61, 0x0, 0x0,

    /* U+F2ED "" */
    0x0, 0x0, 0x0, 0x35, 0x55, 0x55, 0x0, 0x0,
    0x0, 0x0, 0x0, 0x0, 0x3f, 0xff, 0xff, 0xf9,
    0x0, 0x0, 0x0, 0xef, 0xff, 0xff, 0xff, 0xff,
    0xff, 0xff, 0xff, 0xff, 0x4f, 0xff, 0xff, 0xff,
    0xff, 0xff, 0xff, 0xff, 0xff, 0xf5, 0x79, 0x99,
    0x99, 0x99, 0x99, 0x99, 0x99, 0x99, 0x99, 0x10,
    0x0, 0x0, 0x0, 0x0, 0x0, 0x0, 0x0, 0x0,
    0x0, 0xb, 0xff, 0xff, 0xff, 0xff, 0xff, 0xff,
    0xff, 0xf1, 0x0, 0xbf, 0xff, 0xff, 0xff, 0xff,
    0xff, 0xff, 0xff, 0x10, 0xb, 0xff, 0xeb, 0xff,
    0xec, 0xff, 0xec, 0xff, 0xf1, 0x0, 0xbf, 0xf9,
    0x1f, 0xf8, 0x2f, 0xf7, 0x3f, 0xff, 0x10, 0xb,
    0xff, 0x91, 0xff, 0x82, 0xff, 0x73, 0xff, 0xf1,
    0x0, 0xbf, 0xf9, 0x1f, 0xf8, 0x2f, 0xf7, 0x3f,
    0xff, 0x10, 0xb, 0xff, 0x91, 0xff, 0x82, 0xff,
    0x73, 0xff, 0xf1, 0x0, 0xbf, 0xf9, 0x1f, 0xf8,
    0x2f, 0xf7, 0x3f, 0xff, 0x10, 0xb, 0xff, 0x91,
    0xff, 0x82, 0xff, 0x73, 0xff, 0xf1, 0x0, 0xbf,
    0xf9, 0x1f, 0xf8, 0x2f, 0xf7, 0x3f, 0xff, 0x10,
    0xb, 0xff, 0x91, 0xff, 0x82, 0xff, 0x73, 0xff,
    0xf1, 0x0, 0xbf, 0xf9, 0x1f, 0xf8, 0x2f, 0xf7,
    0x3f, 0xff, 0x10, 0xb, 0xff, 0xb3, 0xff, 0xa4,
    0xff, 0x95, 0xff, 0xf1, 0x0, 0xaf, 0xff, 0xff,
    0xff, 0xff, 0xff, 0xff, 0xff, 0x0, 0x7, 0xff,
    0xff, 0xff, 0xff, 0xff, 0xff, 0xff, 0xd0, 0x0,
    0x6, 0x9a, 0xaa, 0xaa, 0xaa, 0xaa, 0xaa, 0x81,
    0x0,

    /* U+F304 "" */
    0x0, 0x0, 0x0, 0x0, 0x0, 0x0, 0x0, 0x0,
    0x15, 0x10, 0x0, 0x0, 0x0, 0x0, 0x0, 0x0,
    0x0, 0x0, 0x3, 0xef, 0xf4, 0x0, 0x0, 0x0,
    0x0, 0x0, 0x0, 0x0, 0x0, 0x3e, 0xff, 0xff,
    0x40, 0x0, 0x0, 0x0, 0x0, 0x0, 0x0, 0x0,
    0xef, 0xff, 0xff, 0xf4, 0x0, 0x0, 0x0, 0x0,
    0x0, 0x0, 0x31, 0x3f, 0xff, 0xff, 0xfd, 0x0,
    0x0, 0x0, 0x0, 0x0, 0x3, 0xed, 0x13, 0xff,
    0xff, 0xfe, 0x0, 0x0, 0x0, 0x0, 0x0, 0x3e,
    0xff, 0xd1, 0x3f, 0xff, 0xf5, 0x0, 0x0, 0x0,
    0x0, 0x3, 0xef, 0xff, 0xfd, 0x13, 0xff, 0x60,
    0x0, 0x0, 0x0, 0x0, 0x3e, 0xff, 0xff, 0xff,
    0xd1, 0x35, 0x0, 0x0, 0x0, 0x0, 0x3, 0xef,
    0xff, 0xff, 0xff, 0xfd, 0x0, 0x0, 0x0, 0x0,
    0x0, 0x3e, 0xff, 0xff, 0xff, 0xff, 0xf6, 0x0,
    0x0, 0x0, 0x0, 0x3, 0xef, 0xff, 0xff, 0xff,
    0xff, 0x60, 0x0, 0x0, 0x0, 0x0, 0x3e, 0xff,
    0xff, 0xff, 0xff, 0xf6, 0x0, 0x0, 0x0, 0x0,
    0x3, 0xef, 0xff, 0xff, 0xff, 0xff, 0x60, 0x0,
    0x0, 0x0, 0x0, 0x3e, 0xff, 0xff, 0xff, 0xff,
    0xf6, 0x0, 0x0, 0x0, 0x0, 0x2, 0xef, 0xff,
    0xff, 0xff, 0xff, 0x60, 0x0, 0x0, 0x0, 0x0,
    0x8, 0xff, 0xff, 0xff, 0xff, 0xf6, 0x0, 0x0,
    0x0, 0x0, 0x0, 0xa, 0xff, 0xff, 0xff, 0xff,
    0x60, 0x0, 0x0, 0x0, 0x0, 0x0, 0xc, 0xff,
    0xff, 0xff, 0xf6, 0x0, 0x0, 0x0, 0x0, 0x0,
    0x0, 0xe, 0xff, 0xff, 0xff, 0x60, 0x0, 0x0,
    0x0, 0x0, 0x0, 0x0, 0xf, 0xff, 0xff, 0xf6,
    0x0, 0x0, 0x0, 0x0, 0x0, 0x0, 0x0, 0x6,
    0x97, 0x53, 0x10, 0x0, 0x0, 0x0, 0x0, 0x0,
    0x0, 0x0,

    /* U+F55A "" */
    0x0, 0x0, 0x0, 0x8, 0xbc, 0xcc, 0xcc, 0xcc,
    0xcc, 0xcc, 0xcc, 0xcb, 0x81, 0x0, 0x0, 0x0,
    0x1d, 0xff, 0xff, 0xff, 0xff, 0xff, 0xff, 0xff,
    0xff, 0xff, 0xc0, 0x0, 0x0, 0x1d, 0xff, 0xff,
    0xff, 0xff, 0xff, 0xff, 0xff, 0xff, 0xff, 0xff,
    0x20, 0x0, 0x1d, 0xff, 0xff, 0xff, 0xfa, 0xef,
    0xff, 0xfa, 0xef, 0xff, 0xff, 0xf4, 0x0, 0x1d,
    0xff, 0xff, 0xff, 0xf8, 0x2, 0xef, 0xf8, 0x2,
    0xef, 0xff, 0xff, 0x40, 0x1d, 0xff, 0xff, 0xff,
    0xff, 0x50, 0x2, 0xe8, 0x0, 0xd, 0xff, 0xff,
    0xf4, 0x1d, 0xff, 0xff, 0xff, 0xff, 0xff, 0x40,
    0x1, 0x0, 0xb, 0xff, 0xff, 0xff, 0x4c, 0xff,
    0xff, 0xff, 0xff, 0xff, 0xff, 0x40, 0x0, 0xb,
    0xff, 0xff, 0xff, 0xf4, 0xef, 0xff, 0xff, 0xff,
    0xff, 0xff, 0xf8, 0x0, 0x2, 0xef, 0xff, 0xff,
    0xff, 0x43, 0xff, 0xff, 0xff, 0xff, 0xff, 0xf8,
    0x0, 0x0, 0x2, 0xef, 0xff, 0xff, 0xf4, 0x3,
    0xff, 0xff, 0xff, 0xff, 0xf8, 0x0, 0xb, 0x40,
    0x2, 0xef, 0xff, 0xff, 0x40, 0x3, 0xff, 0xff,
    0xff, 0xff, 0x50, 0xb, 0xff, 0x40, 0xd, 0xff,
    0xff, 0xf4, 0x0, 0x3, 0xff, 0xff, 0xff, 0xff,
    0x6c, 0xff, 0xff, 0x6b, 0xff, 0xff, 0xff, 0x40,
    0x0, 0x3, 0xff, 0xff, 0xff, 0xff, 0xff, 0xff,
    0xff, 0xff, 0xff, 0xff, 0xf3, 0x0, 0x0, 0x3,
    0xff, 0xff, 0xff, 0xff, 0xff, 0xff, 0xff, 0xff,
    0xff, 0xfe, 0x0, 0x0, 0x0, 0x2, 0xcf, 0xff,
    0xff, 0xff, 0xff, 0xff, 0xff, 0xff, 0xfc, 0x30,

    /* U+F7C2 "" */
    0x0, 0x0, 0x8, 0x99, 0x99, 0x99, 0x97, 0x20,
    0x0, 0x0, 0xcf, 0xff, 0xff, 0xff, 0xff, 0xf2,
    0x0, 0xc, 0xff, 0xff, 0xff, 0xff, 0xff, 0xf9,
    0x0, 0xcf, 0x90, 0x6e, 0x3, 0xf3, 0xe, 0xfb,
    0xb, 0xff, 0x90, 0x6e, 0x2, 0xf2, 0xe, 0xfb,
    0xbf, 0xff, 0x90, 0x6e, 0x2, 0xf2, 0xe, 0xfb,
    0xff, 0xff, 0x90, 0x6e, 0x2, 0xf2, 0xe, 0xfb,
    0xff, 0xff, 0xff, 0xff, 0xff, 0xff, 0xff, 0xfb,
    0xff, 0xff, 0xff, 0xff, 0xff, 0xff, 0xff, 0xfb,
    0xff, 0xff, 0xff, 0xff, 0xff, 0xff, 0xff, 0xfb,
    0xff, 0xff, 0xff, 0xff, 0xff, 0xff, 0xff, 0xfb,
    0xff, 0xff, 0xff, 0xff, 0xff, 0xff, 0xff, 0xfb,
    0xff, 0xff, 0xff, 0xff, 0xff, 0xff, 0xff, 0xfb,
    0xff, 0xff, 0xff, 0xff, 0xff, 0xff, 0xff, 0xfb,
    0xff, 0xff, 0xff, 0xff, 0xff, 0xff, 0xff, 0xfb,
    0xff, 0xff, 0xff, 0xff, 0xff, 0xff, 0xff, 0xfb,
    0xff, 0xff, 0xff, 0xff, 0xff, 0xff, 0xff, 0xfb,
    0xff, 0xff, 0xff, 0xff, 0xff, 0xff, 0xff, 0xfb,
    0xff, 0xff, 0xff, 0xff, 0xff, 0xff, 0xff, 0xfb,
    0xdf, 0xff, 0xff, 0xff, 0xff, 0xff, 0xff, 0xf9,
    0x5f, 0xff, 0xff, 0xff, 0xff, 0xff, 0xff, 0xe1,
    0x2, 0x77, 0x77, 0x77, 0x77, 0x77, 0x76, 0x10,

    /* U+F8A2 "" */
    0x0, 0x0, 0x0, 0x0, 0x0, 0x0, 0x0, 0x0,
    0x0, 0x0, 0x50, 0x0, 0x0, 0x0, 0x0, 0x0,
    0x0, 0x0, 0x0, 0x0, 0x8, 0xf1, 0x0, 0x0,
    0x0, 0x0, 0x0, 0x0, 0x0, 0x0, 0x0, 0x8f,
    0xf1, 0x0, 0x0, 0x3c, 0x50, 0x0, 0x0, 0x0,
    0x0, 0x2, 0xff, 0xf1, 0x0, 0x3, 0xff, 0xa0,
    0x0, 0x0, 0x0, 0x0, 0x3, 0xff, 0xf1, 0x0,
    0x4f, 0xff, 0xa0, 0x0, 0x0, 0x0, 0x0, 0x3,
    0xff, 0xf1, 0x5, 0xff, 0xff, 0xb4, 0x44, 0x44,
    0x44, 0x44, 0x46, 0xff, 0xf1, 0x6f, 0xff, 0xff,
    0xff, 0xff, 0xff, 0xff, 0xff, 0xff, 0xff, 0xf1,
    0xdf, 0xff, 0xff, 0xff, 0xff, 0xff, 0xff, 0xff,
    0xff, 0xff, 0xf1, 0x3f, 0xff, 0xff, 0xff, 0xff,
    0xff, 0xff, 0xff, 0xff, 0xff, 0xd0, 0x3, 0xef,
    0xff, 0xa0, 0x0, 0x0, 0x0, 0x0, 0x0, 0x0,
    0x0, 0x0, 0x2e, 0xff, 0xa0, 0x0, 0x0, 0x0,
    0x0, 0x0, 0x0, 0x0, 0x0, 0x1, 0xdf, 0x90,
    0x0, 0x0, 0x0, 0x0, 0x0, 0x0, 0x0, 0x0,
    0x0, 0x18, 0x30, 0x0, 0x0, 0x0, 0x0, 0x0,
    0x0, 0x0
};


/*---------------------
 *  GLYPH DESCRIPTION
 *--------------------*/

static const lv_font_fmt_txt_glyph_dsc_t glyph_dsc[] = {
    {.bitmap_index = 0, .adv_w = 0, .box_w = 0, .box_h = 0, .ofs_x = 0, .ofs_y = 0} /* id = 0 reserved */,
    {.bitmap_index = 0, .adv_w = 67, .box_w = 0, .box_h = 0, .ofs_x = 0, .ofs_y = 0},
    {.bitmap_index = 0, .adv_w = 134, .box_w = 3, .box_h = 12, .ofs_x = 3, .ofs_y = 2},
    {.bitmap_index = 18, .adv_w = 125, .box_w = 6, .box_h = 6, .ofs_x = 1, .ofs_y = 9},
    {.bitmap_index = 36, .adv_w = 243, .box_w = 13, .box_h = 16, .ofs_x = 1, .ofs_y = -1},
    {.bitmap_index = 140, .adv_w = 194, .box_w = 9, .box_h = 14, .ofs_x = 2, .ofs_y = 0},
    {.bitmap_index = 203, .adv_w = 193, .box_w = 10, .box_h = 15, .ofs_x = 1, .ofs_y = 0},
    {.bitmap_index = 278, .adv_w = 229, .box_w = 12, .box_h = 15, .ofs_x = 2, .ofs_y = -1},
    {.bitmap_index = 368, .adv_w = 89, .box_w = 3, .box_h = 6, .ofs_x = 1, .ofs_y = 10},
    {.bitmap_index = 377, .adv_w = 93, .box_w = 4, .box_h = 15, .ofs_x = 1, .ofs_y = -1},
    {.bitmap_index = 407, .adv_w = 93, .box_w = 5, .box_h = 15, .ofs_x = 1, .ofs_y = -1},
    {.bitmap_index = 445, .adv_w = 145, .box_w = 7, .box_h = 8, .ofs_x = 1, .ofs_y = 8},
    {.bitmap_index = 473, .adv_w = 206, .box_w = 11, .box_h = 11, .ofs_x = 1, .ofs_y = 1},
    {.bitmap_index = 534, .adv_w = 81, .box_w = 4, .box_h = 6, .ofs_x = 0, .ofs_y = -3},
    {.bitmap_index = 546, .adv_w = 143, .box_w = 8, .box_h = 2, .ofs_x = 0, .ofs_y = 5},
    {.bitmap_index = 554, .adv_w = 155, .box_w = 3, .box_h = 3, .ofs_x = 1, .ofs_y = 0},
    {.bitmap_index = 559, .adv_w = 141, .box_w = 7, .box_h = 19, .ofs_x = 1, .ofs_y = -4},
    {.bitmap_index = 626, .adv_w = 146, .box_w = 9, .box_h = 13, .ofs_x = 0, .ofs_y = 0},
    {.bitmap_index = 685, .adv_w = 101, .box_w = 6, .box_h = 14, .ofs_x = 0, .ofs_y = 0},
    {.bitmap_index = 727, .adv_w = 164, .box_w = 10, .box_h = 12, .ofs_x = 0, .ofs_y = 1},
    {.bitmap_index = 787, .adv_w = 133, .box_w = 8, .box_h = 13, .ofs_x = 0, .ofs_y = 0},
    {.bitmap_index = 839, .adv_w = 181, .box_w = 11, .box_h = 13, .ofs_x = 0, .ofs_y = 0},
    {.bitmap_index = 911, .adv_w = 129, .box_w = 8, .box_h = 13, .ofs_x = 0, .ofs_y = 0},
    {.bitmap_index = 963, .adv_w = 135, .box_w = 8, .box_h = 13, .ofs_x = 0, .ofs_y = 0},
    {.bitmap_index = 1015, .adv_w = 148, .box_w = 9, .box_h = 13, .ofs_x = 0, .ofs_y = 0},
    {.bitmap_index = 1074, .adv_w = 134, .box_w = 8, .box_h = 13, .ofs_x = 0, .ofs_y = 0},
    {.bitmap_index = 1126, .adv_w = 133, .box_w = 8, .box_h = 13, .ofs_x = 0, .ofs_y = 0},
    {.bitmap_index = 1178, .adv_w = 134, .box_w = 3, .box_h = 10, .ofs_x = 3, .ofs_y = 0},
    {.bitmap_index = 1193, .adv_w = 134, .box_w = 3, .box_h = 12, .ofs_x = 2, .ofs_y = -2},
    {.bitmap_index = 1211, .adv_w = 178, .box_w = 9, .box_h = 10, .ofs_x = 1, .ofs_y = 1},
    {.bitmap_index = 1256, .adv_w = 198, .box_w = 11, .box_h = 6, .ofs_x = 1, .ofs_y = 3},
    {.bitmap_index = 1289, .adv_w = 178, .box_w = 9, .box_h = 10, .ofs_x = 1, .ofs_y = 1},
    {.bitmap_index = 1334, .adv_w = 177, .box_w = 7, .box_h = 12, .ofs_x = 2, .ofs_y = 1},
    {.bitmap_index = 1376, .adv_w = 299, .box_w = 14, .box_h = 14, .ofs_x = 3, .ofs_y = 0},
    {.bitmap_index = 1474, .adv_w = 173, .box_w = 9, .box_h = 11, .ofs_x = 1, .ofs_y = 2},
    {.bitmap_index = 1524, .adv_w = 152, .box_w = 8, .box_h = 11, .ofs_x = 1, .ofs_y = 2},
    {.bitmap_index = 1568, .adv_w = 165, .box_w = 8, .box_h = 11, .ofs_x = 1, .ofs_y = 2},
    {.bitmap_index = 1612, .adv_w = 171, .box_w = 9, .box_h = 11, .ofs_x = 1, .ofs_y = 2},
    {.bitmap_index = 1662, .adv_w = 158, .box_w = 8, .box_h = 11, .ofs_x = 1, .ofs_y = 2},
    {.bitmap_index = 1706, .adv_w = 145, .box_w = 7, .box_h = 11, .ofs_x = 1, .ofs_y = 2},
    {.bitmap_index = 1745, .adv_w = 181, .box_w = 9, .box_h = 11, .ofs_x = 1, .ofs_y = 2},
    {.bitmap_index = 1795, .adv_w = 170, .box_w = 9, .box_h = 11, .ofs_x = 1, .ofs_y = 2},
    {.bitmap_index = 1845, .adv_w = 93, .box_w = 4, .box_h = 12, .ofs_x = 1, .ofs_y = 2},
    {.bitmap_index = 1869, .adv_w = 140, .box_w = 7, .box_h = 11, .ofs_x = 1, .ofs_y = 2},
    {.bitmap_index = 1908, .adv_w = 159, .box_w = 8, .box_h = 11, .ofs_x = 1, .ofs_y = 2},
    {.bitmap_index = 1952, .adv_w = 154, .box_w = 8, .box_h = 12, .ofs_x = 1, .ofs_y = 1},
    {.bitmap_index = 2000, .adv_w = 241, .box_w = 13, .box_h = 11, .ofs_x = 1, .ofs_y = 2},
    {.bitmap_index = 2072, .adv_w = 199, .box_w = 10, .box_h = 11, .ofs_x = 1, .ofs_y = 2},
    {.bitmap_index = 2127, .adv_w = 210, .box_w = 11, .box_h = 11, .ofs_x = 1, .ofs_y = 2},
    {.bitmap_index = 2188, .adv_w = 159, .box_w = 8, .box_h = 11, .ofs_x = 1, .ofs_y = 2},
    {.bitmap_index = 2232, .adv_w = 217, .box_w = 11, .box_h = 12, .ofs_x = 1, .ofs_y = 1},
    {.bitmap_index = 2298, .adv_w = 176, .box_w = 9, .box_h = 11, .ofs_x = 1, .ofs_y = 2},
    {.bitmap_index = 2348, .adv_w = 147, .box_w = 7, .box_h = 11, .ofs_x = 1, .ofs_y = 2},
    {.bitmap_index = 2387, .adv_w = 211, .box_w = 11, .box_h = 11, .ofs_x = 1, .ofs_y = 2},
    {.bitmap_index = 2448, .adv_w = 184, .box_w = 9, .box_h = 11, .ofs_x = 1, .ofs_y = 2},
    {.bitmap_index = 2498, .adv_w = 191, .box_w = 10, .box_h = 11, .ofs_x = 1, .ofs_y = 2},
    {.bitmap_index = 2553, .adv_w = 249, .box_w = 12, .box_h = 11, .ofs_x = 2, .ofs_y = 2},
    {.bitmap_index = 2619, .adv_w = 194, .box_w = 10, .box_h = 11, .ofs_x = 1, .ofs_y = 2},
    {.bitmap_index = 2674, .adv_w = 178, .box_w = 9, .box_h = 12, .ofs_x = 1, .ofs_y = 1},
    {.bitmap_index = 2728, .adv_w = 174, .box_w = 9, .box_h = 11, .ofs_x = 1, .ofs_y = 2},
    {.bitmap_index = 2778, .adv_w = 132, .box_w = 5, .box_h = 17, .ofs_x = 2, .ofs_y = -1},
    {.bitmap_index = 2821, .adv_w = 141, .box_w = 7, .box_h = 19, .ofs_x = 1, .ofs_y = -4},
    {.bitmap_index = 2888, .adv_w = 132, .box_w = 5, .box_h = 17, .ofs_x = 2, .ofs_y = -1},
    {.bitmap_index = 2931, .adv_w = 151, .box_w = 8, .box_h = 6, .ofs_x = 1, .ofs_y = 9},
    {.bitmap_index = 2955, .adv_w = 161, .box_w = 10, .box_h = 3, .ofs_x = 0, .ofs_y = -3},
    {.bitmap_index = 2970, .adv_w = 184, .box_w = 9, .box_h = 8, .ofs_x = 1, .ofs_y = 2},
    {.bitmap_index = 3006, .adv_w = 163, .box_w = 8, .box_h = 13, .ofs_x = 1, .ofs_y = 2},
    {.bitmap_index = 3058, .adv_w = 157, .box_w = 8, .box_h = 9, .ofs_x = 1, .ofs_y = 1},
    {.bitmap_index = 3094, .adv_w = 183, .box_w = 9, .box_h = 12, .ofs_x = 1, .ofs_y = 2},
    {.bitmap_index = 3148, .adv_w = 152, .box_w = 8, .box_h = 9, .ofs_x = 1, .ofs_y = 1},
    {.bitmap_index = 3184, .adv_w = 154, .box_w = 8, .box_h = 12, .ofs_x = 1, .ofs_y = 2},
    {.bitmap_index = 3232, .adv_w = 160, .box_w = 8, .box_h = 13, .ofs_x = 1, .ofs_y = -4},
    {.bitmap_index = 3284, .adv_w = 166, .box_w = 8, .box_h = 12, .ofs_x = 1, .ofs_y = 2},
    {.bitmap_index = 3332, .adv_w = 63, .box_w = 4, .box_h = 13, .ofs_x = 0, .ofs_y = 1},
    {.bitmap_index = 3358, .adv_w = 111, .box_w = 5, .box_h = 17, .ofs_x = 1, .ofs_y = -4},
    {.bitmap_index = 3401, .adv_w = 144, .box_w = 7, .box_h = 12, .ofs_x = 1, .ofs_y = 2},
    {.bitmap_index = 3443, .adv_w = 79, .box_w = 4, .box_h = 12, .ofs_x = 0, .ofs_y = 2},
    {.bitmap_index = 3467, .adv_w = 256, .box_w = 12, .box_h = 9, .ofs_x = 2, .ofs_y = 1},
    {.bitmap_index = 3521, .adv_w = 163, .box_w = 8, .box_h = 9, .ofs_x = 1, .ofs_y = 1},
    {.bitmap_index = 3557, .adv_w = 166, .box_w = 8, .box_h = 9, .ofs_x = 1, .ofs_y = 1},
    {.bitmap_index = 3593, .adv_w = 153, .box_w = 8, .box_h = 14, .ofs_x = 1, .ofs_y = -4},
    {.bitmap_index = 3649, .adv_w = 155, .box_w = 8, .box_h = 14, .ofs_x = 1, .ofs_y = -4},
    {.bitmap_index = 3705, .adv_w = 158, .box_w = 8, .box_h = 9, .ofs_x = 1, .ofs_y = 1},
    {.bitmap_index = 3741, .adv_w = 132, .box_w = 6, .box_h = 9, .ofs_x = 1, .ofs_y = 1},
    {.bitmap_index = 3768, .adv_w = 149, .box_w = 8, .box_h = 10, .ofs_x = 1, .ofs_y = 2},
    {.bitmap_index = 3808, .adv_w = 163, .box_w = 8, .box_h = 9, .ofs_x = 1, .ofs_y = 1},
    {.bitmap_index = 3844, .adv_w = 182, .box_w = 9, .box_h = 9, .ofs_x = 1, .ofs_y = 1},
    {.bitmap_index = 3885, .adv_w = 243, .box_w = 13, .box_h = 9, .ofs_x = 1, .ofs_y = 1},
    {.bitmap_index = 3944, .adv_w = 176, .box_w = 9, .box_h = 10, .ofs_x = 1, .ofs_y = 0},
    {.bitmap_index = 3989, .adv_w = 185, .box_w = 9, .box_h = 14, .ofs_x = 1, .ofs_y = -4},
    {.bitmap_index = 4052, .adv_w = 178, .box_w = 9, .box_h = 9, .ofs_x = 1, .ofs_y = 1},
    {.bitmap_index = 4093, .adv_w = 113, .box_w = 7, .box_h = 17, .ofs_x = 0, .ofs_y = -1},
    {.bitmap_index = 4153, .adv_w = 113, .box_w = 7, .box_h = 17, .ofs_x = 0, .ofs_y = -1},
    {.bitmap_index = 4213, .adv_w = 201, .box_w = 11, .box_h = 4, .ofs_x = 1, .ofs_y = 4},
    {.bitmap_index = 4235, .adv_w = 302, .box_w = 15, .box_h = 13, .ofs_x = 2, .ofs_y = 1},
    {.bitmap_index = 4333, .adv_w = 302, .box_w = 13, .box_h = 11, .ofs_x = 3, .ofs_y = 2},
    {.bitmap_index = 4405, .adv_w = 302, .box_w = 11, .box_h = 16, .ofs_x = 4, .ofs_y = -1},
    {.bitmap_index = 4493, .adv_w = 302, .box_w = 13, .box_h = 14, .ofs_x = 3, .ofs_y = 1},
    {.bitmap_index = 4584, .adv_w = 302, .box_w = 17, .box_h = 12, .ofs_x = 1, .ofs_y = 1},
    {.bitmap_index = 4686, .adv_w = 302, .box_w = 14, .box_h = 17, .ofs_x = 2, .ofs_y = -1},
    {.bitmap_index = 4805, .adv_w = 302, .box_w = 15, .box_h = 14, .ofs_x = 2, .ofs_y = 0},
    {.bitmap_index = 4910, .adv_w = 336, .box_w = 22, .box_h = 22, .ofs_x = 0, .ofs_y = -3},
    {.bitmap_index = 5152, .adv_w = 336, .box_w = 21, .box_h = 16, .ofs_x = 0, .ofs_y = 0},
    {.bitmap_index = 5320, .adv_w = 336, .box_w = 21, .box_h = 20, .ofs_x = 0, .ofs_y = -2},
    {.bitmap_index = 5530, .adv_w = 336, .box_w = 21, .box_h = 16, .ofs_x = 0, .ofs_y = 0},
    {.bitmap_index = 5698, .adv_w = 231, .box_w = 15, .box_h = 16, .ofs_x = 0, .ofs_y = 0},
    {.bitmap_index = 5818, .adv_w = 336, .box_w = 21, .box_h = 22, .ofs_x = 0, .ofs_y = -3},
    {.bitmap_index = 6049, .adv_w = 336, .box_w = 21, .box_h = 22, .ofs_x = 0, .ofs_y = -3},
    {.bitmap_index = 6280, .adv_w = 378, .box_w = 24, .box_h = 20, .ofs_x = 0, .ofs_y = -2},
    {.bitmap_index = 6520, .adv_w = 336, .box_w = 21, .box_h = 22, .ofs_x = 0, .ofs_y = -3},
    {.bitmap_index = 6751, .adv_w = 378, .box_w = 24, .box_h = 16, .ofs_x = 0, .ofs_y = 0},
    {.bitmap_index = 6943, .adv_w = 336, .box_w = 21, .box_h = 22, .ofs_x = 0, .ofs_y = -3},
    {.bitmap_index = 7174, .adv_w = 168, .box_w = 11, .box_h = 17, .ofs_x = 0, .ofs_y = -1},
    {.bitmap_index = 7268, .adv_w = 252, .box_w = 16, .box_h = 17, .ofs_x = 0, .ofs_y = -1},
    {.bitmap_index = 7404, .adv_w = 378, .box_w = 24, .box_h = 21, .ofs_x = 0, .ofs_y = -3},
    {.bitmap_index = 7656, .adv_w = 336, .box_w = 21, .box_h = 16, .ofs_x = 0, .ofs_y = 0},
    {.bitmap_index = 7824, .adv_w = 231, .box_w = 15, .box_h = 22, .ofs_x = 0, .ofs_y = -3},
    {.bitmap_index = 7989, .adv_w = 294, .box_w = 14, .box_h = 20, .ofs_x = 2, .ofs_y = -2},
    {.bitmap_index = 8129, .adv_w = 294, .box_w = 19, .box_h = 22, .ofs_x = 0, .ofs_y = -3},
    {.bitmap_index = 8338, .adv_w = 294, .box_w = 19, .box_h = 20, .ofs_x = 0, .ofs_y = -2},
    {.bitmap_index = 8528, .adv_w = 294, .box_w = 19, .box_h = 20, .ofs_x = 0, .ofs_y = -2},
    {.bitmap_index = 8718, .adv_w = 294, .box_w = 14, .box_h = 20, .ofs_x = 2, .ofs_y = -2},
    {.bitmap_index = 8858, .adv_w = 294, .box_w = 20, .box_h = 20, .ofs_x = -1, .ofs_y = -2},
    {.bitmap_index = 9058, .adv_w = 210, .box_w = 12, .box_h = 19, .ofs_x = 1, .ofs_y = -2},
    {.bitmap_index = 9172, .adv_w = 210, .box_w = 12, .box_h = 19, .ofs_x = 1, .ofs_y = -2},
    {.bitmap_index = 9286, .adv_w = 294, .box_w = 19, .box_h = 20, .ofs_x = 0, .ofs_y = -2},
    {.bitmap_index = 9476, .adv_w = 294, .box_w = 19, .box_h = 5, .ofs_x = 0, .ofs_y = 5},
    {.bitmap_index = 9524, .adv_w = 378, .box_w = 24, .box_h = 16, .ofs_x = 0, .ofs_y = 0},
    {.bitmap_index = 9716, .adv_w = 420, .box_w = 27, .box_h = 22, .ofs_x = 0, .ofs_y = -3},
    {.bitmap_index = 10013, .adv_w = 378, .box_w = 25, .box_h = 22, .ofs_x = -1, .ofs_y = -3},
    {.bitmap_index = 10288, .adv_w = 336, .box_w = 21, .box_h = 20, .ofs_x = 0, .ofs_y = -2},
    {.bitmap_index = 10498, .adv_w = 294, .box_w = 19, .box_h = 12, .ofs_x = 0, .ofs_y = 2},
    {.bitmap_index = 10612, .adv_w = 294, .box_w = 19, .box_h = 12, .ofs_x = 0, .ofs_y = 2},
    {.bitmap_index = 10726, .adv_w = 420, .box_w = 27, .box_h = 16, .ofs_x = 0, .ofs_y = 0},
    {.bitmap_index = 10942, .adv_w = 336, .box_w = 21, .box_h = 16, .ofs_x = 0, .ofs_y = 0},
    {.bitmap_index = 11110, .adv_w = 336, .box_w = 21, .box_h = 22, .ofs_x = 0, .ofs_y = -3},
    {.bitmap_index = 11341, .adv_w = 336, .box_w = 22, .box_h = 22, .ofs_x = -1, .ofs_y = -3},
    {.bitmap_index = 11583, .adv_w = 294, .box_w = 19, .box_h = 20, .ofs_x = 0, .ofs_y = -2},
    {.bitmap_index = 11773, .adv_w = 294, .box_w = 19, .box_h = 22, .ofs_x = 0, .ofs_y = -3},
    {.bitmap_index = 11982, .adv_w = 294, .box_w = 19, .box_h = 20, .ofs_x = 0, .ofs_y = -2},
    {.bitmap_index = 12172, .adv_w = 294, .box_w = 19, .box_h = 17, .ofs_x = 0, .ofs_y = -1},
    {.bitmap_index = 12334, .adv_w = 336, .box_w = 21, .box_h = 16, .ofs_x = 0, .ofs_y = 0},
    {.bitmap_index = 12502, .adv_w = 210, .box_w = 15, .box_h = 22, .ofs_x = -1, .ofs_y = -3},
    {.bitmap_index = 12667, .adv_w = 294, .box_w = 19, .box_h = 22, .ofs_x = 0, .ofs_y = -3},
    {.bitmap_index = 12876, .adv_w = 294, .box_w = 19, .box_h = 22, .ofs_x = 0, .ofs_y = -3},
    {.bitmap_index = 13085, .adv_w = 378, .box_w = 24, .box_h = 16, .ofs_x = 0, .ofs_y = 0},
    {.bitmap_index = 13277, .adv_w = 336, .box_w = 23, .box_h = 22, .ofs_x = -1, .ofs_y = -3},
    {.bitmap_index = 13530, .adv_w = 252, .box_w = 16, .box_h = 22, .ofs_x = 0, .ofs_y = -3},
    {.bitmap_index = 13706, .adv_w = 420, .box_w = 27, .box_h = 20, .ofs_x = 0, .ofs_y = -2},
    {.bitmap_index = 13976, .adv_w = 420, .box_w = 27, .box_h = 14, .ofs_x = 0, .ofs_y = 1},
    {.bitmap_index = 14165, .adv_w = 420, .box_w = 27, .box_h = 14, .ofs_x = 0, .ofs_y = 1},
    {.bitmap_index = 14354, .adv_w = 420, .box_w = 27, .box_h = 14, .ofs_x = 0, .ofs_y = 1},
    {.bitmap_index = 14543, .adv_w = 420, .box_w = 27, .box_h = 14, .ofs_x = 0, .ofs_y = 1},
    {.bitmap_index = 14732, .adv_w = 420, .box_w = 27, .box_h = 14, .ofs_x = 0, .ofs_y = 1},
    {.bitmap_index = 14921, .adv_w = 420, .box_w = 27, .box_h = 17, .ofs_x = 0, .ofs_y = -1},
    {.bitmap_index = 15151, .adv_w = 294, .box_w = 17, .box_h = 22, .ofs_x = 1, .ofs_y = -3},
    {.bitmap_index = 15338, .adv_w = 294, .box_w = 19, .box_h = 22, .ofs_x = 0, .ofs_y = -3},
    {.bitmap_index = 15547, .adv_w = 336, .box_w = 22, .box_h = 22, .ofs_x = -1, .ofs_y = -3},
    {.bitmap_index = 15789, .adv_w = 420, .box_w = 27, .box_h = 16, .ofs_x = 0, .ofs_y = 0},
    {.bitmap_index = 16005, .adv_w = 252, .box_w = 16, .box_h = 22, .ofs_x = 0, .ofs_y = -3},
    {.bitmap_index = 16181, .adv_w = 338, .box_w = 22, .box_h = 14, .ofs_x = 0, .ofs_y = 1}
};

/*---------------------
 *  CHARACTER MAPPING
 *--------------------*/

static const uint16_t unicode_list_2[] = {
    0x0, 0x1, 0x4ed0, 0x50e8, 0x537a, 0x61ce, 0x66bd, 0x8b7a,
    0x8f16, 0xef84, 0xef8b, 0xef8e, 0xef8f, 0xef90, 0xef94, 0xef96,
    0xef98, 0xef9c, 0xef9f, 0xefa4, 0xefa9, 0xefaa, 0xefab, 0xefc1,
    0xefc6, 0xefcb, 0xefce, 0xefcf, 0xefd0, 0xefd4, 0xefd5, 0xefd6,
    0xefd7, 0xefea, 0xefeb, 0xeff1, 0xeff3, 0xeff4, 0xeff7, 0xeffa,
    0xeffb, 0xeffc, 0xeffe, 0xf016, 0xf018, 0xf047, 0xf048, 0xf04a,
    0xf04c, 0xf063, 0xf06a, 0xf06d, 0xf076, 0xf09f, 0xf0a7, 0xf0de,
    0xf16e, 0xf1c3, 0xf1c4, 0xf1c5, 0xf1c6, 0xf1c7, 0xf20a, 0xf216,
    0xf270, 0xf287, 0xf4dd, 0xf745, 0xf825
};

/*Collect the unicode lists and glyph_id offsets*/
static const lv_font_fmt_txt_cmap_t cmaps[] =
{
    {
        .range_start = 32, .range_length = 64, .glyph_id_start = 1,
        .unicode_list = NULL, .glyph_id_ofs_list = NULL, .list_length = 0, .type = LV_FONT_FMT_TXT_CMAP_FORMAT0_TINY
    },
    {
        .range_start = 97, .range_length = 27, .glyph_id_start = 65,
        .unicode_list = NULL, .glyph_id_ofs_list = NULL, .list_length = 0, .type = LV_FONT_FMT_TXT_CMAP_FORMAT0_TINY
    },
    {
        .range_start = 125, .range_length = 63526, .glyph_id_start = 92,
        .unicode_list = unicode_list_2, .glyph_id_ofs_list = NULL, .list_length = 69, .type = LV_FONT_FMT_TXT_CMAP_SPARSE_TINY
    }
};

/*-----------------
 *    KERNING
 *----------------*/


/*Map glyph_ids to kern left classes*/
static const uint8_t kern_left_class_mapping[] =
{
    0, 0, 0, 0, 0, 0, 0, 0,
    0, 0, 0, 0, 0, 0, 0, 0,
    0, 1, 2, 3, 4, 5, 6, 7,
    8, 9, 10, 0, 0, 0, 0, 0,
    0, 0, 11, 12, 13, 14, 15, 16,
    17, 18, 19, 20, 21, 22, 23, 24,
    25, 26, 27, 28, 29, 30, 31, 32,
    33, 34, 35, 36, 0, 0, 0, 0,
    0, 37, 38, 39, 40, 41, 42, 43,
    44, 45, 46, 47, 48, 49, 50, 51,
    52, 53, 54, 55, 56, 57, 58, 59,
    60, 61, 62, 0, 0, 0, 0, 0,
    0, 0, 0, 0, 0, 0, 0, 0,
    0, 0, 0, 0, 0, 0, 0, 0,
    0, 0, 0, 0, 0, 0, 0, 0,
    0, 0, 0, 0, 0, 0, 0, 0,
    0, 0, 0, 0, 0, 0, 0, 0,
    0, 0, 0, 0, 0, 0, 0, 0,
    0, 0, 0, 0, 0, 0, 0, 0,
    0, 0, 0, 0, 0, 0, 0, 0,
    0
};

/*Map glyph_ids to kern right classes*/
static const uint8_t kern_right_class_mapping[] =
{
    0, 0, 0, 0, 0, 0, 0, 0,
    0, 0, 0, 0, 0, 0, 0, 0,
    0, 1, 2, 3, 4, 5, 6, 7,
    8, 9, 10, 0, 0, 0, 0, 0,
    0, 0, 11, 12, 13, 14, 15, 16,
    17, 18, 19, 20, 21, 22, 23, 24,
    25, 26, 27, 28, 29, 30, 31, 32,
    33, 34, 35, 36, 0, 0, 0, 0,
    0, 37, 38, 39, 40, 41, 42, 43,
    44, 45, 46, 47, 48, 49, 50, 51,
    52, 53, 54, 55, 56, 57, 58, 59,
    60, 61, 62, 0, 0, 0, 0, 0,
    0, 0, 0, 0, 0, 0, 0, 0,
    0, 0, 0, 0, 0, 0, 0, 0,
    0, 0, 0, 0, 0, 0, 0, 0,
    0, 0, 0, 0, 0, 0, 0, 0,
    0, 0, 0, 0, 0, 0, 0, 0,
    0, 0, 0, 0, 0, 0, 0, 0,
    0, 0, 0, 0, 0, 0, 0, 0,
    0, 0, 0, 0, 0, 0, 0, 0,
    0
};

/*Kern values between classes*/
static const int8_t kern_class_values[] =
{
    -7, -7, -17, -7, -10, 0, -3, -13,
    -10, -3, 0, 0, 0, 0, 0, 0,
    0, 0, 0, 0, 0, 0, 0, 0,
    0, 0, 0, 0, 0, 0, 0, 0,
    0, 0, 0, 0, 0, 0, 0, 0,
    0, 0, 0, 0, 0, 0, 0, 0,
    0, 0, 0, 0, 0, 0, 0, 0,
    0, 0, 0, 0, 0, 0, -7, 0,
    -13, 0, -13, 0, -3, -10, -3, -13,
    0, 0, 0, 0, 0, 0, 0, 0,
    0, 0, 0, 0, 0, 0, 0, 0,
    0, 0, 0, 0, 0, 0, 0, 0,
    0, 0, 0, 0, 0, 0, 0, 0,
    0, 0, 0, 0, 0, 0, 0, 0,
    0, 0, 0, 0, 0, 0, 0, 0,
    0, 0, 0, 0, -10, 0, -17, -3,
    -24, 0, -7, -27, -7, -20, 0, 0,
    0, 0, 0, 0, 0, 0, 0, 0,
    0, 0, 0, 0, 0, 0, 0, 0,
    0, 0, 0, 0, 0, 0, 0, 0,
    0, 0, 0, 0, 0, 0, 0, 0,
    0, 0, 0, 0, 0, 0, 0, 0,
    0, 0, 0, 0, 0, 0, 0, 0,
    0, 0, 0, -10, -20, -20, -7, -7,
    0, -20, 0, -20, 0, 0, 0, 0,
    0, 0, 0, 0, 0, 0, 0, 0,
    0, 0, 0, 0, 0, 0, 0, 0,
    0, 0, 0, 0, 0, 0, 0, 0,
    0, 0, 0, 0, 0, 0, 0, 0,
    0, 0, 0, 0, 0, 0, 0, 0,
    0, 0, 0, 0, 0, 0, 0, 0,
    -10, -20, -20, -20, 0, -7, 0, -30,
    -13, -17, 0, 0, 0, 0, 0, 0,
    0, 0, 0, 0, 0, 0, 0, 0,
    0, 0, 0, 0, 0, 0, 0, 0,
    0, 0, 0, 0, 0, 0, 0, 0,
    0, 0, 0, 0, 0, 0, 0, 0,
    0, 0, 0, 0, 0, 0, 0, 0,
    0, 0, 0, 0, 0, 0, 0, -7,
    -13, 0, -3, -3, -3, -10, -3, 0,
    0, 0, 0, 0, 0, 0, 0, 0,
    0, 0, 0, 0, 0, 0, 0, 0,
    0, 0, 0, 0, 0, 0, 0, 0,
    0, 0, 0, 0, 0, 0, 0, 0,
    0, 0, 0, 0, 0, 0, 0, 0,
    0, 0, 0, 0, 0, 0, 0, 0,
    0, 0, 0, 0, 0, -7, -10, -10,
    0, 0, 0, -27, 0, -24, 0, 0,
    0, 0, 0, 0, 0, 0, 0, 0,
    0, 0, 0, 0, 0, 0, 0, 0,
    0, 0, 0, 0, 0, 0, 0, 0,
    0, 0, 0, 0, 0, 0, 0, 0,
    0, 0, 0, 0, 0, 0, 0, 0,
    0, 0, 0, 0, 0, 0, 0, 0,
    0, 0, -20, -10, -20, 0, -30, -13,
    -27, -3, -17, -10, 0, 0, 0, 0,
    0, 0, 0, 0, 0, 0, 0, 0,
    0, 0, 0, 0, 0, 0, 0, 0,
    0, 0, 0, 0, 0, 0, 0, 0,
    0, 0, 0, 0, 0, 0, 0, 0,
    0, 0, 0, 0, 0, 0, 0, 0,
    0, 0, 0, 0, 0, 0, 0, 0,
    0, -3, -3, -3, -7, 0, 0, -7,
    0, -7, 0, 0, 0, 0, 0, 0,
    0, 0, 0, 0, 0, 0, 0, 0,
    0, 0, 0, 0, 0, 0, 0, 0,
    0, 0, 0, 0, 0, 0, 0, 0,
    0, 0, 0, 0, 0, 0, 0, 0,
    0, 0, 0, 0, 0, 0, 0, 0,
    0, 0, 0, 0, 0, 0, -7, 0,
    -20, 0, -7, -3, -7, -10, -7, 0,
    0, 0, 0, 0, 0, 0, 0, 0,
    0, 0, 0, 0, 0, 0, 0, 0,
    0, 0, 0, 0, 0, 0, 0, 0,
    0, 0, 0, 0, 0, 0, 0, 0,
    0, 0, 0, 0, 0, 0, 0, 0,
    0, 0, 0, 0, 0, 0, 0, 0,
    0, 0, 0, 0, 0, 0, 0, 0,
    0, 0, 0, 0, 0, 0, 0, 0,
    0, 0, 0, 0, -7, 0, 0, 0,
    0, 0, 0, 0, 0, 0, -7, 0,
    0, -24, -10, -27, -10, 0, -34, 0,
    -5, -4, -5, -7, -3, -18, -7, 3,
    0, -47, 0, 0, -13, 0, -3, 0,
    -10, 0, 0, -11, 0, -24, -13, -13,
    -40, 0, 0, 0, 0, 0, 0, 0,
    0, 0, 0, 0, -7, 0, 0, 0,
    0, 0, 0, 0, -3, -3, 0, 0,
    -3, 0, 0, 0, 0, 0, -7, -17,
    -7, -17, -13, -13, -20, -10, -13, 0,
    0, -11, -7, -19, -16, -6, 0, -47,
    0, 0, -15, 0, -11, -5, -10, 0,
    -3, -17, -4, -24, -15, -11, -32, -15,
    0, 0, 0, 0, 0, 0, 0, 0,
    0, 0, 0, 0, 0, 0, 0, 0,
    0, 0, 0, 0, 0, 0, 0, 0,
    0, 0, -3, 0, 0, -17, 0, -17,
    -7, -10, -17, 0, -10, 0, -6, -10,
    -11, -16, -9, 0, 0, -47, 0, 0,
    -13, 0, -7, 0, -7, 0, 0, -10,
    0, -17, -12, -9, -30, -8, 0, 0,
    0, 0, 0, 0, 0, 0, 0, 0,
    -20, 0, 0, 0, -7, 0, 0, 0,
    -10, -20, 0, 0, -13, -3, 0, 0,
    0, -7, -3, -17, 0, -7, 0, -17,
    -20, -3, -19, 0, -13, -16, -11, -12,
    -16, 0, 0, -47, 0, 0, -17, 0,
    -10, 0, -10, 0, -4, -11, -7, -14,
    -15, -13, -20, -10, 0, 0, 0, 0,
    0, 0, 0, 0, 0, 0, 0, 0,
    -3, 0, 0, -7, 0, 0, 0, 0,
    0, 0, 0, 0, 0, 0, 0, 0,
    0, -3, 0, -3, 0, 0, -3, 0,
    -11, 0, -10, -12, -13, -10, -13, 0,
    0, -47, 0, 0, -15, 0, -7, 0,
    -7, 0, 0, -10, 0, -17, -12, -11,
    -27, 0, 0, 0, 0, 0, 0, 0,
    0, 0, 0, 0, -13, 0, -7, 0,
    -3, 0, -10, 0, -7, -20, 0, -7,
    -13, -13, -10, 0, -7, 0, -7, 0,
    -7, 0, -3, -7, 0, 0, -21, -10,
    -17, -25, -13, -18, -25, -7, -7, -47,
    0, 0, -21, -10, -21, -10, -21, -10,
    -10, -17, -10, -17, -18, -13, -28, -19,
    0, 0, 0, 0, 0, 0, 0, 0,
    0, 0, 0, 0, 0, 0, 0, 0,
    0, 0, -7, 0, 0, 0, -7, 0,
    0, 0, 0, -3, 0, -13, 0, -7,
    0, -7, -20, -10, -12, -10, -6, -13,
    -10, -17, -15, -8, 0, -50, -8, 0,
    -14, -6, -13, -6, -9, -8, -4, -13,
    0, -17, -19, -12, -31, -14, 0, 0,
    0, 0, 0, 0, 0, 0, 0, 0,
    -3, 0, 0, 0, 0, 0, 0, 0,
    0, 0, 0, 0, -3, 0, 0, 0,
    0, 0, 0, 0, 0, 0, 0, 0,
    0, 0, -8, 0, 0, -7, -7, 0,
    -3, 0, 0, -50, 0, 0, -12, 0,
    0, 0, -4, 0, 0, -10, 0, -3,
    0, 0, -18, 0, 0, 0, 0, 0,
    0, 0, 0, 0, 0, 0, 0, 0,
    0, 0, 0, 0, 0, 0, 0, -7,
    0, 0, 0, 0, -7, 0, 0, 0,
    0, 0, 0, -3, 0, 0, 0, 0,
    -3, 0, 0, 0, -3, -7, -7, 0,
    0, -50, 0, 0, -12, 0, -3, 0,
    -7, 0, 0, -10, 0, -10, -7, 0,
    -20, -5, 0, 0, 0, 0, 0, 0,
    0, 0, 0, 0, -10, 0, -7, 0,
    0, 0, -10, 0, -3, -10, 0, -7,
    -13, 0, -7, 0, 0, 0, -7, 0,
    0, 0, 0, -3, 0, 0, -7, -7,
    -7, -7, -7, -7, -13, -3, -3, -50,
    0, 0, -21, -11, -10, -3, -7, -3,
    -7, -7, -7, -19, -10, -10, -24, -10,
    0, 0, 0, 0, 0, 0, 0, 0,
    0, 0, 0, 0, -7, 0, 0, 0,
    -10, 0, -3, -7, 0, 0, 0, 0,
    -10, 0, -10, 0, 0, -10, 0, -7,
    -7, 0, -10, 0, -15, 0, -10, -17,
    -17, -26, -19, -7, 0, -50, 0, 0,
    -15, -8, -15, 0, -10, 0, -10, -25,
    -8, -27, -22, -16, -31, -11, 0, 0,
    0, 0, 0, 0, 0, 0, 0, 0,
    0, 0, -10, 0, 0, -7, -10, 0,
    0, -10, 0, 0, -22, 0, -13, 0,
    0, 0, 0, -40, -7, -30, -3, 0,
    -40, 0, -18, 0, -12, -18, -16, -40,
    -23, -13, 0, -50, -14, 0, -17, -9,
    -7, 0, -10, 0, -12, -32, -9, -33,
    -20, -17, -47, -17, 0, 0, 0, 0,
    0, 0, 0, 0, 0, 0, 0, 0,
    -7, 0, 0, 0, 0, 0, 0, -3,
    0, 0, 0, -3, -7, 0, 0, 0,
    0, -20, -7, -13, -7, 0, -13, 0,
    -16, -10, -24, -23, -18, -10, -14, 0,
    0, -50, 0, 0, -14, -6, -9, 0,
    -14, 0, 0, -10, 0, -24, -21, -17,
    -31, -18, 0, 0, 0, 0, 0, 0,
    0, 0, 0, 0, -17, 0, -10, 0,
    -7, 0, -13, 0, -10, -13, 0, -7,
    -20, -10, -10, 0, -10, 0, 0, 0,
    -10, 0, 0, -7, -3, 0, -19, -7,
    -7, -14, -7, -7, -20, -7, 0, -50,
    0, 0, -7, -3, -14, 0, -7, 0,
    0, -10, -7, -17, -15, -3, -24, -21,
    0, 0, 0, 0, 0, 0, 0, 0,
    0, 0, -13, 0, 0, 0, 0, 0,
    0, 0, -7, -13, 0, -3, -10, -3,
    0, -7, 0, 0, 0, -10, 0, -7,
    0, -7, -20, -7, -20, -12, -15, -25,
    -13, -10, -24, -17, 0, -50, -10, 0,
    0, -10, -17, -7, -20, 0, -10, -13,
    -17, -17, -13, -3, -30, -17, 0, 0,
    0, 0, 0, 0, 0, 0, 0, 0,
    -27, -3, -10, 0, 0, 0, 0, 0,
    -10, -20, 0, 0, -10, -13, -7, 0,
    -27, -10, -7, 0, 0, 0, 0, -10,
    -7, -10, -24, 0, -17, -30, -17, -7,
    -30, 0, 0, -50, -17, 0, -27, 0,
    -20, -9, -24, 0, -10, -27, -17, -24,
    -24, -17, -34, -20, 0, 0, 0, 0,
    0, 0, 0, 0, 0, 0, 0, 0,
    -7, 0, 0, 0, 0, 0, 0, -10,
    0, 0, 0, 0, -10, 0, -7, -10,
    0, -20, -7, -20, -3, 0, -24, 0,
    -10, 0, -7, -20, -7, -13, -10, 0,
    0, -50, 0, 0, -27, -13, -17, 0,
    -7, 0, -10, -27, -17, -20, -24, -13,
    -27, -13, 0, 0, 0, 0, 0, 0,
    0, 0, 0, 0, 0, 0, -10, 0,
    0, 0, -13, 0, 0, -7, 0, 0,
    0, 0, -10, 0, -7, 0, -6, -20,
    -10, -20, -7, 0, -27, 0, -10, 0,
    -13, -17, -10, -20, -20, -13, 0, -50,
    -7, 0, -17, -10, -17, -7, -17, 0,
    -7, -20, -10, -27, -27, -17, -37, -17,
    0, 0, 0, 0, 0, 0, 0, 0,
    0, 0, -7, 0, 0, 0, 0, 0,
    0, 0, 0, 0, 0, 0, 0, 0,
    0, 0, 0, 0, 0, -21, 0, -10,
    -3, 0, -13, -7, -10, 0, 0, 0,
    0, -10, 0, 0, 0, -50, 0, 0,
    -7, 0, -10, 0, 0, 0, 0, -10,
    0, -20, -7, 0, -34, -3, 0, 0,
    0, 0, 0, 0, 0, 0, 0, 0,
    -27, 0, -20, 0, -10, 0, -20, 0,
    0, -30, 0, 0, -13, -10, -20, 0,
    -13, 0, -7, 0, -25, 0, 0, -3,
    0, 0, -30, -7, -27, -27, -30, -20,
    -34, -10, -13, -50, -7, 0, -17, -13,
    -27, -20, -27, -13, -17, -34, -20, -30,
    -34, -27, -47, -24, 0, 0, 0, 0,
    0, 0, 0, 0, 0, 0, -24, 0,
    -3, 0, 0, 0, 0, 0, -7, 0,
    0, 0, -17, -13, -3, 0, -7, -7,
    0, 0, 0, 0, 3, -7, 0, 0,
    -3, 0, -7, -3, 0, 0, -13, 3,
    0, -50, 0, 0, 0, 0, 0, 0,
    -10, 0, 0, -10, 0, -10, -10, 0,
    -17, 0, 0, 0, 0, 0, 0, 0,
    0, 0, 0, 0, -40, -7, -20, -3,
    -10, 0, -17, 0, -10, -27, -7, -10,
    -40, -17, -27, 0, -27, -7, -13, 0,
    -7, 0, -10, -7, 0, 0, -30, -10,
    -24, -24, -24, -17, -34, 0, 0, -50,
    0, 0, -24, -10, -27, -7, -27, -3,
    -10, -20, -13, -13, -24, -13, -27, -24,
    0, 0, 0, 0, 0, 0, 0, 0,
    0, 0, -30, -3, -20, 0, -7, -3,
    -10, -7, -10, -24, -7, -3, -20, -13,
    -10, 0, -13, -7, -7, 0, -3, 0,
    0, -18, 0, 0, -30, -7, -13, -24,
    -20, -24, -30, -17, 0, -50, 0, 0,
    -24, -13, -20, 0, -27, -13, -10, -27,
    -13, -7, -13, -10, -30, -13, 0, 0,
    0, 0, 0, 0, 0, 0, 0, 0,
    0, 0, -10, 0, 0, 0, -7, -3,
    0, -10, 0, 0, 0, 0, -7, 0,
    0, 0, 0, 0, 0, 0, 0, 0,
    0, 0, -10, 0, 0, -13, 0, -7,
    -10, 0, 0, -50, 0, 0, -13, 0,
    -3, 0, -7, 0, -7, -10, -10, -13,
    -13, 0, -24, 0, 0, 0, 0, 0,
    0, 0, 0, 0, 0, 0, -47, -3,
    -24, 0, -7, 0, -24, -3, -7, -34,
    -10, -10, -30, -20, -34, 0, -30, -7,
    -13, 0, -7, 0, -7, -7, 0, -3,
    -30, -7, -24, -34, -20, -17, -37, -17,
    0, -50, -10, 0, -30, -34, -34, -20,
    -27, -13, -17, -24, -20, -24, -30, -20,
    -27, -30, 0, 0, 0, 0, 0, 0,
    0, 0, 0, 0, 0, 0, -3, 0,
    0, 0, 0, 0, 0, -7, 0, 0,
    0, 0, -7, 0, -7, 0, 0, -7,
    -7, 0, -7, 0, -10, 0, -10, 0,
    -7, -13, -3, -20, -20, 0, 0, -50,
    0, 0, -24, 0, -13, 0, -3, 0,
    0, -27, 0, -20, -20, -17, -30, 0,
    0, 0, 0, 0, 0, 0, 0, 0,
    0, 0, 0, 0, -7, 0, -3, 0,
    -13, 0, 0, -3, 0, 0, -15, -8,
    -13, 0, -10, -7, -10, -40, -7, -30,
    -7, 0, -30, 0, -3, -7, -13, -17,
    -7, -13, -13, -3, -10, -50, 0, 0,
    -20, 0, -10, 0, -13, 0, 0, -27,
    -10, -24, -17, 0, -37, -13, 0, 0,
    0, 0, 0, 0, 0, 0, 0, 0,
    -13, 0, 0, 0, 0, 0, 0, 0,
    -7, 0, 0, -7, -15, 0, 0, 0,
    0, 0, -10, -34, 0, -13, 0, -10,
    -24, -7, -7, 0, -13, -10, -10, -10,
    0, 0, 0, -50, 0, 0, -10, 0,
    -10, 0, 0, 0, 0, -10, 0, -17,
    -17, -10, -27, -10, 0, 0, 0, 0,
    0, 0, 0, 0, 0, 0, 0, 0,
    0, 0, 0, -10, -7, 0, -5, 0,
    0, 0, -13, 0, -10, 0, -13, 0,
    0, -37, 0, -13, -3, 0, -20, 0,
    -10, 0, -7, -7, -17, -13, -7, 0,
    0, -50, 0, 0, -7, -10, -17, 0,
    -10, 0, 0, -17, -10, -10, -13, -7,
    -24, -7, 0, 0, 0, 0, 0, 0,
    0, 0, 0, 0, 0, 0, -3, 0,
    0, 0, -10, 0, 0, -3, 0, 0,
    -10, 0, -13, 0, -3, 0, 0, -7,
    -3, -7, 0, 0, -7, 0, -13, 0,
    0, -10, -13, -20, -10, 0, 0, -50,
    0, 0, -13, 0, -10, 0, -10, 0,
    -7, -10, -13, -24, -10, -10, -34, 0,
    0, 0, 0, 0, 0, 0, 0, 0,
    0, 0, 0, 0, 0, 0, 0, 0,
    0, 0, 0, 0, 0, 0, -10, 0,
    -13, 0, -10, 0, 0, -24, 0, -17,
    0, 0, -20, 0, -13, 0, -10, -13,
    0, -10, -7, 0, 0, -50, 0, 0,
    -17, -7, -10, 0, 0, 0, 0, -10,
    -13, -10, -10, 0, -24, -10, 0, 0,
    0, 0, 0, 0, 0, 0, 0, 0,
    -27, -3, -7, 0, -10, 0, -13, -7,
    -20, -40, -10, -7, -23, -13, -10, 0,
    -17, -3, -7, -20, 0, -3, 0, -3,
    -20, 0, -27, -3, -20, -27, -20, -17,
    -35, 0, -3, -54, 0, 0, -27, -17,
    -27, -13, -27, -3, -7, -20, -20, -20,
    -24, -27, -40, -24, 0, 0, 0, 0,
    0, 0, 0, 0, 0, 0, 0, 0,
    0, 0, 0, 0, 0, 0, 0, 0,
    0, 0, 0, 0, 0, 0, -7, 0,
    0, -13, 3, -7, 0, 0, -10, -7,
    3, 0, 0, 3, 0, 0, 0, 0,
    0, -40, 0, 3, 0, 0, 0, 0,
    0, 0, 0, 0, 3, 0, 0, 0,
    -13, 0, 0, 0, 0, 0, 0, 0,
    0, 0, 0, 0, 0, 0, -7, 0,
    -3, -3, -10, 0, 0, -3, 0, 0,
    -13, 0, -7, 0, -13, -7, -10, -30,
    -10, -20, -7, 0, -27, -7, -10, 0,
    -10, 0, 0, -13, -13, 0, -3, -50,
    0, -3, 0, 0, -7, 0, -10, 0,
    0, -13, -3, -20, -13, -17, -30, -13,
    0, 0, 0, 0, 0, 0, 0, 0,
    0, 0, 0, 0, 0, 0, 0, 0,
    0, 0, 0, 0, 0, 0, 0, 0,
    0, 0, 0, 0, 0, 0, 0, 0,
    0, 0, 0, 0, 0, 0, 0, 0,
    0, 0, -10, 0, 0, -27, 0, 0,
    0, 0, -7, 0, -7, 0, 0, -3,
    0, -7, -3, 0, -24, 0, 0, 0,
    0, 0, 0, 0, 0, 0, 0, 0,
    0, 0, 0, 0, 0, 0, 0, 0,
    0, 0, 0, 3, 3, 3, 3, 3,
    3, 3, 3, 0, 3, 3, 3, 3,
    3, 3, 3, 0, 3, 3, 3, 0,
    0, 3, 3, -17, 7, 0, 3, 0,
    0, 3, 0, 0, 0, 0, 3, 0,
    0, 0, -13, 0, 0, 0, 0, 0,
    0, 0, 0, 0, 0, 0, 0, 0,
    -3, 0, 0, 0, -13, -8, -13, -3,
    0, 0, 0, 0, -10, 0, -7, 0,
    -10, -27, 0, -13, -3, -7, -24, 0,
    -17, -10, 0, -13, -17, -13, -24, 0,
    0, -50, 0, 0, -20, -10, -10, 0,
    -10, 0, -13, -27, -13, -27, -10, -13,
    -27, -10, 0, 0, 0, 0, 0, 0,
    0, 0, 0, 0, 0, 0, -7, 0,
    0, 0, -10, 0, 0, 0, 0, 0,
    0, 0, -7, 0, 0, 0, 0, -10,
    0, -3, 0, 0, -10, 0, 0, 0,
    0, -3, -7, -10, -13, 0, 0, -50,
    0, 0, 0, 0, -7, 0, -10, 0,
    0, -20, 0, -17, -13, 0, -27, 0,
    0, 0, 0, 0, 0, 0, 0, 0,
    0, 0, 0, 0, 0, 0, 0, 0,
    0, 0, -11, 0, 0, 0, -14, 0,
    -17, 0, -20, 0, -10, -40, -13, -13,
    -13, -17, -13, 0, -13, -13, 0, -13,
    -17, -27, -13, -10, 0, -50, -13, 0,
    -20, -7, -17, 0, -20, -13, -3, -24,
    -13, -30, -24, -17, -30, -20, 0, 0,
    0, 0, 0, 0, 0, 0, 0, 0,
    0, 0, 0, 0, 0, 0, 0, 0,
    0, 0, 0, 0, -6, 0, -7, 0,
    -7, 0, 0, -24, 0, -13, 0, 0,
    -20, 0, 0, 0, 0, -7, 0, -7,
    -3, 0, 0, -50, 0, 0, -10, 0,
    -7, 0, 0, 0, 0, -10, 0, -10,
    -7, -7, -10, -10, 0, 0, 0, 0,
    0, 0, 0, 0, 0, 0, -13, 0,
    0, 0, 0, 0, 0, 0, -7, -3,
    0, 0, -12, 0, 0, 0, -3, 0,
    -7, -20, 0, -10, -13, -7, -27, 0,
    0, 0, 0, -17, -10, -10, 0, 0,
    0, -50, 0, 0, -20, 0, 0, 0,
    0, 0, 0, -7, 3, -10, -7, -10,
    -24, -7, 0, 0, 0, 0, 0, 0,
    0, 0, 0, 0, -13, 0, 0, 0,
    0, 0, 0, 0, -10, -7, 0, 0,
    -7, 0, 0, 0, 0, 0, -3, -24,
    0, -10, 0, -10, -20, -10, 0, 0,
    0, 0, 0, 0, 0, 0, 0, -50,
    0, 0, 0, 0, -13, 0, -7, 0,
    0, -13, 0, -24, -13, -7, -27, -20,
    0, 0, 0, 0, 0, 0, 0, 0,
    0, 0, 0, 0, 0, 0, 0, 0,
    0, 0, 0, -7, 0, 0, 0, 0,
    0, 0, 0, 0, 0, -7, 0, -7,
    0, 0, -10, 0, 0, 0, 0, 0,
    0, 0, 0, 0, 0, -24, 3, 0,
    0, 3, 0, 0, 0, 0, 0, 0,
    0, -13, 0, 0, -13, 0, 0, 0,
    0, 0, 0, 0, 0, 0, 0, 0,
    -24, 0, -7, 0, -7, -7, -12, -9,
    -13, -34, 0, -3, -20, -7, -13, 0,
    -17, -10, -10, -27, 0, -13, -10, -10,
    -10, -20, -27, -3, -20, -30, -24, -13,
    -34, -13, -13, -60, -10, 0, -20, -13,
    -24, -13, -17, -10, -16, -20, -13, -24,
    -20, -24, -30, -20, 0, 0, 0, 0,
    0, 0, 0, 0, 0, 0, 0, 0,
    0, 0, 0, 0, 0, 0, 0, 0,
    0, 0, -11, 0, 0, 0, 0, 0,
    0, -20, 0, -10, 0, 0, -20, 0,
    0, 0, 0, 0, 0, -3, -10, 0,
    0, -50, 0, 0, -13, 0, 0, 0,
    0, 0, 0, -20, 0, -13, -10, 0,
    -24, 0, 0, 0, 0, 0, 0, 0,
    0, 0, 0, 0, 0, 0, 0, 0,
    0, 0, 0, 0, 0, 0, 0, 0,
    -12, 0, 0, 0, 0, 0, 0, -13,
    0, -7, -13, 0, -13, 0, -10, -10,
    0, -7, 0, -3, -7, 0, 0, -54,
    0, 0, 0, 0, 0, 0, 0, 0,
    3, -7, -3, -10, -13, 0, -24, -13,
    0, 0, 0, 0, 0, 0, 0, 0,
    0, 0, 0, 0, 0, 0, 0, 0,
    -3, 0, 0, 0, 0, 0, 0, 0,
    -7, 0, 0, 0, 0, -13, 0, -7,
    -7, 0, -13, 0, 0, 0, 0, -7,
    -13, -10, -7, 0, 0, -50, 0, 0,
    -10, 0, -3, 0, 0, 0, 0, -13,
    0, -10, -13, -13, -24, 0, 0, 0,
    0, 0, 0, 0, 0, 0, 0, 0,
    -37, -7, -10, -3, -10, -10, -10, -3,
    -13, -30, -3, -7, -20, -10, -13, -3,
    -13, -10, -10, -20, 0, -7, 0, -17,
    -13, -13, -20, -3, -17, -20, -20, -17,
    -20, -7, -7, -54, 0, 0, -24, -3,
    -17, -10, -17, 0, -3, -20, -17, -20,
    -16, -10, -27, -20, 0, 0, 0, 0,
    0, 0, 0, 0, 0, 0, -27, -7,
    -10, 0, -7, -7, -7, 0, -13, -27,
    0, -7, -17, -16, -13, -3, -3, -13,
    -7, -24, 0, -10, 0, -7, -13, -13,
    -17, -3, -24, -17, -13, -7, -20, -7,
    -7, -54, -3, -3, -20, -10, -20, 0,
    -10, 0, -17, -24, -3, -17, -17, -10,
    -30, -17, 0, 0, 0, 0, 0, 0,
    0, 0, 0, 0, 0, 0, -7, 0,
    -7, -10, -13, 0, 0, -13, 0, 0,
    0, 0, -3, 0, -13, 0, -7, -10,
    0, -13, 0, 0, -10, 0, -10, 0,
    -10, -20, 0, -7, -13, 0, 0, -50,
    0, 0, -17, -10, -10, 0, -13, 0,
    0, -20, -7, -20, -17, 0, -30, -10,
    0, 0, 0, 0, 0, 0, 0, 0,
    0, 0, -24, -7, -7, 0, -3, -3,
    0, 0, -7, -13, 0, -7, -13, -7,
    -7, -7, -3, -3, -3, -17, 0, -3,
    0, -3, -10, -3, -3, -3, -3, -7,
    -7, -13, -7, -3, 0, -47, 0, 0,
    0, 0, -3, 0, -7, 0, 0, -7,
    0, -13, 3, 0, -10, -7, 0, 0,
    0, 0, 0, 0, 0, 0, 0, 0,
    -3, 0, -3, 0, 0, 0, -10, -6,
    -9, -3, 0, 0, -16, -14, -17, 0,
    -17, 0, -7, -27, -7, -20, -10, 0,
    -20, 0, -17, -7, -10, -20, -7, -30,
    -7, -10, -13, -54, -7, 0, -30, -13,
    -7, 0, -24, 0, -10, -27, -13, -30,
    -24, -17, -47, -17
};


/*Collect the kern class' data in one place*/
static const lv_font_fmt_txt_kern_classes_t kern_classes =
{
    .class_pair_values   = kern_class_values,
    .left_class_mapping  = kern_left_class_mapping,
    .right_class_mapping = kern_right_class_mapping,
    .left_class_cnt      = 62,
    .right_class_cnt     = 62,
};

/*--------------------
 *  ALL CUSTOM DATA
 *--------------------*/

#if LVGL_VERSION_MAJOR == 8
/*Store all the custom data of the font*/
static  lv_font_fmt_txt_glyph_cache_t cache;
#endif

#if LVGL_VERSION_MAJOR >= 8
static const lv_font_fmt_txt_dsc_t font_dsc = {
#else
static lv_font_fmt_txt_dsc_t font_dsc = {
#endif
    .glyph_bitmap = glyph_bitmap,
    .glyph_dsc = glyph_dsc,
    .cmaps = cmaps,
    .kern_dsc = &kern_classes,
    .kern_scale = 16,
    .cmap_num = 3,
    .bpp = 4,
    .kern_classes = 1,
    .bitmap_format = 0,
#if LVGL_VERSION_MAJOR == 8
    .cache = &cache
#endif
};



/*-----------------
 *  PUBLIC FONT
 *----------------*/

/*Initialize a public general font descriptor*/
#if LVGL_VERSION_MAJOR >= 8
const lv_font_t lv_font_Lemi_Little_Milk_Foam_Font_21 = {
#else
lv_font_t lv_font_Lemi_Little_Milk_Foam_Font_21 = {
#endif
    .get_glyph_dsc = lv_font_get_glyph_dsc_fmt_txt,    /*Function pointer to get glyph's data*/
    .get_glyph_bitmap = lv_font_get_bitmap_fmt_txt,    /*Function pointer to get glyph's bitmap*/
    .line_height = 21,          /*The maximum line height required by the font*/
    .base_line = 3,             /*Baseline measured from the bottom of the line*/
#if !(LVGL_VERSION_MAJOR == 6 && LVGL_VERSION_MINOR == 0)
    .subpx = LV_FONT_SUBPX_NONE,
#endif
#if LV_VERSION_CHECK(7, 4, 0) || LVGL_VERSION_MAJOR >= 8
    .underline_position = -2,
    .underline_thickness = 1,
#endif
    .dsc = &font_dsc,          /*The custom font data. Will be accessed by `get_glyph_bitmap/dsc` */
#if LV_VERSION_CHECK(8, 2, 0) || LVGL_VERSION_MAJOR >= 9
    .fallback = NULL,
#endif
    .user_data = NULL,
};



#endif /*#if LV_FONT_LEMI_LITTLE_MILK_FOAM_FONT_21*/

