#ifdef __has_include
    #if __has_include("lvgl.h")
        #ifndef LV_LVGL_H_INCLUDE_SIMPLE
            #define LV_LVGL_H_INCLUDE_SIMPLE
        #endif
    #endif
#endif

#if defined(LV_LVGL_H_INCLUDE_SIMPLE)
    #include "lvgl.h"
#else
    #include "lvgl/lvgl.h"
#endif


#ifndef LV_ATTRIBUTE_MEM_ALIGN
#define LV_ATTRIBUTE_MEM_ALIGN
#endif

#ifndef LV_ATTRIBUTE_IMAGE_SAVED_ITEM_IMAGE3D_111_00024_TRESH_RLE
#define LV_ATTRIBUTE_IMAGE_SAVED_ITEM_IMAGE3D_111_00024_TRESH_RLE
#endif

const LV_ATTRIBUTE_MEM_ALIGN LV_ATTRIBUTE_LARGE_CONST LV_ATTRIBUTE_IMAGE_SAVED_ITEM_IMAGE3D_111_00024_TRESH_RLE uint8_t saved_item_image3D_111_00024_tresh_RLE_map[] = {
  0x01,0x00,0x00,0x00,0x28,0x55,0x00,0x00,0x38,0x55,0x00,0x00,0xff,0x00,0x00,0x00,
  0x00,0x01,0x00,0x00,0x00,0x00,0x00,0x00,0x08,0x00,0x00,0x00,0x00,0x00,0x00,0x00,
  0x00,0x01,0x00,0x00,0x00,0x00,0x00,0x00,0x08,0x00,0x00,0x00,0x00,0x00,0x00,0x00,
  0x00,0x01,0x00,0x00,0x00,0x00,0x00,0x00,0x08,0x00,0x00,0x00,0x00,0x00,0x00,0x00,
  0x00,0x01,0x00,0x00,0x00,0x00,0x00,0x00,0x08,0x00,0x00,0x00,0x00,0x00,0x00,0x00,
  0x00,0x01,0x00,0x00,0x00,0x00,0x00,0x00,0x08,0x00,0x00,0x00,0x00,0x00,0x00,0x00,
  0x00,0x01,0x00,0x00,0x00,0x00,0x00,0x00,0x08,0x00,0x00,0x00,0x00,0x00,0x00,0x00,
  0x00,0x01,0x00,0x00,0x00,0x00,0x00,0x00,0x08,0x00,0x00,0x00,0x00,0x00,0x00,0x00,
  0x00,0x01,0x00,0x00,0x00,0x00,0x00,0x00,0x08,0x00,0x00,0x00,0x00,0x00,0x00,0x00,
  0x00,0x01,0x00,0x00,0x00,0x00,0x00,0x00,0x08,0x00,0x00,0x00,0x00,0x00,0x00,0x00,
  0x00,0x01,0x00,0x00,0x00,0x00,0x00,0x00,0x08,0x00,0x00,0x00,0x00,0x00,0x00,0x00,
  0x00,0x01,0x00,0x00,0x00,0x00,0x00,0x00,0x08,0x00,0x00,0x00,0x00,0x00,0x00,0x00,
  0x00,0x01,0x00,0x00,0x00,0x00,0x00,0x00,0x08,0x00,0x00,0x00,0x00,0x00,0x00,0x00,
  0x00,0x01,0x00,0x00,0x00,0x00,0x00,0x00,0x08,0x00,0x00,0x00,0x00,0x00,0x00,0x00,
  0x00,0x01,0x00,0x00,0x00,0x00,0x00,0x00,0x00,0x00,0x00,0x21,0x00,0x00,0x08,0x00,
  0x00,0x20,0x00,0x00,0x00,0x00,0x00,0x00,0x00,0x00,0x00,0x21,0x00,0x00,0x08,0x00,
  0x00,0x20,0x00,0x00,0x00,0x00,0x00,0x00,0x00,0x00,0x00,0xff,0x21,0x00,0x00,0x08,
  0x00,0x00,0x20,0x00,0x00,0x00,0x00,0x00,0x00,0x00,0x00,0x00,0x21,0x00,0x00,0x08,
  0x00,0x00,0x20,0x00,0x00,0x00,0x00,0x00,0x00,0x00,0x00,0x00,0x21,0x00,0x00,0x08,
  0x00,0x00,0x20,0x00,0x00,0x00,0x00,0x00,0x00,0x00,0x00,0x00,0x21,0x00,0x00,0x08,
  0x00,0x00,0x20,0x00,0x00,0x00,0x00,0x00,0x00,0x00,0x00,0x00,0x21,0x00,0x00,0x08,
  0x00,0x00,0x20,0x00,0x00,0x00,0x00,0x00,0x00,0x00,0x00,0x00,0x21,0x00,0x00,0x08,
  0x00,0x00,0x20,0x00,0x00,0x00,0x00,0x00,0x00,0x00,0x00,0x00,0x21,0x00,0x00,0x08,
  0x00,0x00,0x20,0x00,0x00,0x00,0x00,0x00,0x00,0x00,0x00,0x00,0x21,0x00,0x00,0x08,
  0x00,0x00,0x20,0x00,0x00,0x00,0x00,0x00,0x00,0x00,0x00,0x00,0x21,0x00,0x00,0x08,
  0x00,0x00,0x20,0x00,0x00,0x00,0x00,0x00,0x00,0x00,0x00,0x00,0x21,0x00,0x00,0x08,
  0x00,0x00,0x20,0x00,0x00,0x00,0x00,0x00,0x00,0x00,0x00,0x00,0x21,0x00,0x00,0x08,
  0x00,0x00,0x20,0x00,0x00,0x00,0x00,0x00,0x00,0x00,0x00,0x00,0x21,0x00,0x01,0x00,
  0x00,0x00,0x00,0x00,0x00,0x08,0x00,0x00,0x00,0x00,0x00,0x00,0x00,0x00,0x01,0x00,
  0x00,0x00,0x00,0x00,0x00,0x08,0x00,0x00,0x00,0x00,0x00,0x00,0x00,0x00,0x01,0x00,
  0x00,0x00,0x00,0x00,0x00,0x08,0x00,0x00,0x00,0x00,0x00,0x00,0x00,0x00,0x01,0x00,
  0x00,0x00,0x00,0x00,0x00,0x08,0x00,0x00,0x00,0x00,0x00,0x00,0x00,0x00,0x01,0x00,
  0x00,0x00,0x00,0x00,0x00,0x08,0x00,0x00,0x00,0x00,0xff,0x00,0x00,0x00,0x00,0x01,
  0x00,0x00,0x00,0x00,0x00,0x00,0x08,0x00,0x00,0x00,0x00,0x00,0x00,0x00,0x00,0x01,
  0x00,0x00,0x00,0x00,0x00,0x00,0x08,0x00,0x00,0x00,0x00,0x00,0x00,0x00,0x00,0x01,
  0x00,0x00,0x00,0x00,0x00,0x00,0x08,0x00,0x00,0x00,0x00,0x00,0x00,0x00,0x00,0x01,
  0x00,0x00,0x00,0x00,0x00,0x00,0x08,0x00,0x00,0x00,0x00,0x00,0x00,0x00,0x00,0x01,
  0x00,0x00,0x00,0x00,0x00,0x00,0x08,0x00,0x00,0x00,0x00,0x00,0x00,0x00,0x00,0x01,
  0x00,0x00,0x00,0x00,0x00,0x00,0x08,0x00,0x00,0x00,0x00,0x00,0x00,0x00,0x00,0x01,
  0x00,0x00,0x00,0x00,0x00,0x00,0x08,0x00,0x00,0x00,0x00,0x00,0x00,0x00,0x00,0x01,
  0x00,0x00,0x00,0x00,0x00,0x00,0x08,0x00,0x00,0x00,0x00,0x00,0x00,0x00,0x00,0x01,
  0x00,0x00,0x00,0x00,0x00,0x00,0x08,0x00,0x00,0x01,0x00,0x20,0x08,0x00,0x00,0x00,
  0x00,0x00,0x00,0x00,0x00,0x20,0x00,0x00,0x00,0x01,0x00,0x20,0x08,0x00,0x00,0x00,
  0x00,0x00,0x00,0x00,0x00,0x20,0x00,0x00,0x00,0x01,0x00,0x20,0x08,0x00,0x00,0x00,
  0x00,0x00,0x00,0x00,0x00,0x20,0x00,0x00,0x00,0x01,0x00,0x20,0x08,0x00,0x00,0x00,
  0x00,0x00,0x00,0x00,0x00,0x20,0x00,0x00,0x00,0x01,0x00,0x20,0x08,0x00,0x00,0x00,
  0x00,0x00,0x00,0x00,0x00,0x20,0x00,0x00,0x00,0x01,0x00,0x20,0x08,0x00,0x00,0x00,
  0x00,0x00,0x00,0x00,0x00,0x20,0x00,0x00,0x00,0x01,0x00,0x20,0x08,0x00,0x00,0x00,
  0x00,0x00,0x00,0x00,0x00,0x20,0x00,0x00,0x00,0xff,0x01,0x00,0x20,0x08,0x00,0x00,
  0x00,0x00,0x00,0x00,0x00,0x00,0x20,0x00,0x00,0x00,0x01,0x00,0x20,0x08,0x00,0x00,
  0x00,0x00,0x00,0x00,0x00,0x00,0x20,0x00,0x00,0x00,0x01,0x00,0x20,0x08,0x00,0x00,
  0x00,0x00,0x00,0x00,0x00,0x00,0x20,0x00,0x00,0x00,0x01,0x00,0x20,0x08,0x00,0x00,
  0x00,0x00,0x00,0x00,0x00,0x00,0x20,0x00,0x00,0x00,0x01,0x00,0x20,0x08,0x00,0x00,
  0x00,0x00,0x00,0x00,0x00,0x00,0x20,0x00,0x00,0x00,0x01,0x00,0x20,0x08,0x00,0x00,
  0x00,0x00,0x00,0x00,0x00,0x00,0x20,0x00,0x00,0x00,0x01,0x00,0x20,0x08,0x00,0x00,
  0x00,0x00,0x00,0x08,0x00,0x00,0x00,0x00,0x00,0x00,0x00,0x00,0x01,0x00,0x00,0x00,
  0x00,0x00,0x00,0x08,0x00,0x00,0x00,0x00,0x00,0x00,0x00,0x00,0x01,0x00,0x00,0x00,
  0x00,0x00,0x00,0x08,0x00,0x00,0x00,0x00,0x00,0x00,0x00,0x00,0x01,0x00,0x00,0x00,
  0x00,0x00,0x00,0x08,0x00,0x00,0x00,0x00,0x00,0x00,0x00,0x00,0x01,0x00,0x00,0x00,
  0x00,0x00,0x00,0x08,0x00,0x00,0x00,0x00,0x00,0x00,0x00,0x00,0x01,0x00,0x00,0x00,
  0x00,0x00,0x00,0x08,0x00,0x00,0x00,0x00,0x00,0x00,0x00,0x00,0x01,0x00,0x00,0x00,
  0x00,0x00,0x00,0x08,0x00,0x00,0x00,0x00,0x00,0x00,0x00,0x00,0x01,0x00,0x00,0x00,
  0x00,0x00,0x00,0x08,0x00,0x00,0x00,0x00,0x00,0x00,0x00,0x00,0x01,0x00,0x00,0x00,
  0x00,0x00,0x00,0x08,0x00,0x00,0x00,0x00,0x00,0x00,0x00,0x00,0x01,0x00,0x00,0x00,
  0x00,0x00,0x00,0x08,0x00,0x00,0x00,0x00,0xff,0x00,0x00,0x00,0x00,0x01,0x00,0x00,
  0x00,0x00,0x00,0x00,0x08,0x00,0x00,0x00,0x00,0x00,0x00,0x00,0x00,0x01,0x00,0x00,
  0x00,0x00,0x00,0x00,0x08,0x00,0x00,0x00,0x00,0x00,0x00,0x00,0x00,0x01,0x00,0x00,
  0x00,0x00,0x00,0x00,0x08,0x00,0x00,0x00,0x00,0x00,0x00,0x00,0x00,0x01,0x00,0x00,
  0x00,0x00,0x00,0x00,0x08,0x00,0x00,0x00,0x00,0x00,0x08,0x00,0x00,0x00,0x00,0x20,
  0x00,0x00,0x00,0x00,0x00,0x20,0x00,0x01,0x00,0x00,0x08,0x00,0x00,0x00,0x00,0x20,
  0x00,0x00,0x00,0x00,0x00,0x20,0x00,0x01,0x00,0x00,0x08,0x00,0x00,0x00,0x00,0x20,
  0x00,0x00,0x00,0x00,0x00,0x20,0x00,0x01,0x00,0x00,0x08,0x00,0x00,0x00,0x00,0x20,
  0x00,0x00,0x00,0x00,0x00,0x20,0x00,0x01,0x00,0x00,0x08,0x00,0x00,0x00,0x00,0x20,
  0x00,0x00,0x00,0x00,0x00,0x20,0x00,0x01,0x00,0x00,0x08,0x00,0x00,0x00,0x00,0x20,
  0x00,0x00,0x00,0x00,0x00,0x20,0x00,0x01,0x00,0x00,0x08,0x00,0x00,0x00,0x00,0x20,
  0x00,0x00,0x00,0x00,0x00,0x20,0x00,0x01,0x00,0x00,0x08,0x00,0x00,0x00,0x00,0x20,
  0x00,0x00,0x00,0x00,0x00,0x20,0x00,0x01,0x00,0x00,0x08,0x00,0x00,0x00,0x00,0x20,
  0x00,0x00,0x00,0x00,0x00,0x20,0x00,0x01,0x00,0x00,0x08,0x00,0x00,0x00,0x00,0x20,
  0x00,0x00,0x00,0x00,0x00,0x20,0x00,0x01,0x00,0x00,0x08,0x00,0x00,0x00,0x00,0x20,
  0x00,0x00,0x00,0x00,0x00,0x20,0x00,0x01,0x00,0x00,0x08,0x00,0x00,0x00,0x00,0x20,
  0x00,0x00,0x00,0x00,0x00,0x20,0x00,0xff,0x01,0x00,0x00,0x08,0x00,0x00,0x00,0x00,
  0x20,0x00,0x00,0x00,0x00,0x00,0x20,0x00,0x01,0x00,0x00,0x08,0x00,0x00,0x00,0x00,
  0x20,0x00,0x00,0x00,0x00,0x00,0x00,0x00,0x00,0x00,0x01,0x00,0x00,0x00,0x00,0x00,
  0x00,0x08,0x00,0x00,0x00,0x00,0x00,0x00,0x00,0x00,0x01,0x00,0x00,0x00,0x00,0x00,
  0x00,0x08,0x00,0x00,0x00,0x00,0x00,0x00,0x00,0x00,0x01,0x00,0x00,0x00,0x00,0x00,
  0x00,0x08,0x00,0x00,0x00,0x00,0x00,0x00,0x00,0x00,0x01,0x00,0x00,0x00,0x00,0x00,
  0x00,0x08,0x00,0x00,0x00,0x00,0x00,0x00,0x00,0x00,0x01,0x00,0x00,0x00,0x00,0x00,
  0x00,0x08,0x00,0x00,0x00,0x00,0x00,0x00,0x00,0x00,0x01,0x00,0x00,0x00,0x00,0x00,
  0x00,0x08,0x00,0x00,0x00,0x00,0x00,0x00,0x00,0x00,0x01,0x00,0x00,0x00,0x00,0x00,
  0x00,0x08,0x00,0x00,0x00,0x00,0x00,0x00,0x00,0x00,0x01,0x00,0x00,0x00,0x00,0x00,
  0x00,0x08,0x00,0x00,0x00,0x00,0x00,0x00,0x00,0x00,0x01,0x00,0x00,0x00,0x00,0x00,
  0x00,0x08,0x00,0x00,0x00,0x00,0x00,0x00,0x00,0x00,0x01,0x00,0x00,0x00,0x00,0x00,
  0x00,0x08,0x00,0x00,0x00,0x00,0x00,0x00,0x00,0x00,0x01,0x00,0x00,0x00,0x00,0x00,
  0x00,0x08,0x00,0x00,0x00,0x00,0x00,0x00,0x00,0x00,0x01,0x00,0x00,0x00,0x00,0x00,
  0x00,0x08,0x00,0x00,0x00,0x00,0x00,0x00,0x00,0x00,0x01,0x00,0x00,0x00,0x00,0x00,
  0x00,0x08,0x00,0x00,0x00,0x00,0x00,0x00,0x00,0x00,0x00,0x00,0x00,0x00,0x20,0x00,
  0x00,0x00,0x00,0x00,0x01,0x00,0xff,0x00,0x08,0x20,0x00,0x00,0x00,0x00,0x00,0x20,
  0x00,0x00,0x00,0x00,0x00,0x01,0x00,0x00,0x08,0x20,0x00,0x00,0x00,0x00,0x00,0x20,
  0x00,0x00,0x00,0x00,0x00,0x01,0x00,0x00,0x08,0x20,0x00,0x00,0x00,0x00,0x00,0x20,
  0x00,0x00,0x00,0x00,0x00,0x01,0x00,0x00,0x08,0x20,0x00,0x00,0x00,0x00,0x00,0x20,
  0x00,0x00,0x00,0x00,0x00,0x01,0x00,0x00,0x08,0x20,0x00,0x00,0x00,0x00,0x00,0x20,
  0x00,0x00,0x00,0x00,0x00,0x01,0x00,0x00,0x08,0x20,0x00,0x00,0x00,0x00,0x00,0x20,
  0x00,0x00,0x00,0x00,0x00,0x01,0x00,0x00,0x08,0x20,0x00,0x00,0x00,0x00,0x00,0x20,
  0x00,0x00,0x00,0x00,0x00,0x01,0x00,0x00,0x08,0x20,0x00,0x00,0x00,0x00,0x00,0x20,
  0x00,0x00,0x00,0x00,0x00,0x01,0x00,0x00,0x08,0x20,0x00,0x00,0x00,0x00,0x00,0x20,
  0x00,0x00,0x00,0x00,0x00,0x01,0x00,0x00,0x08,0x20,0x00,0x00,0x00,0x00,0x00,0x20,
  0x00,0x00,0x00,0x00,0x00,0x01,0x00,0x00,0x08,0x20,0x00,0x00,0x00,0x00,0x00,0x20,
  0x00,0x00,0x00,0x00,0x00,0x01,0x00,0x00,0x08,0x20,0x00,0x00,0x00,0x00,0x00,0x20,
  0x00,0x00,0x00,0x00,0x00,0x01,0x00,0x00,0x08,0x20,0x00,0x00,0x00,0x00,0x00,0x20,
  0x00,0x00,0x00,0x00,0x00,0x00,0x00,0x01,0x00,0x00,0x00,0x00,0x00,0x00,0x08,0x00,
  0x00,0x00,0x00,0x00,0x00,0x00,0x00,0x01,0x00,0x00,0x00,0x00,0x00,0x00,0x08,0x00,
  0x00,0x00,0x00,0x00,0x00,0x00,0x00,0x01,0x00,0x00,0x00,0x00,0x00,0x00,0x08,0x00,
  0x00,0x00,0x00,0x00,0x00,0xff,0x00,0x00,0x01,0x00,0x00,0x00,0x00,0x00,0x00,0x08,
  0x00,0x00,0x00,0x00,0x00,0x00,0x00,0x00,0x01,0x00,0x00,0x00,0x00,0x00,0x00,0x08,
  0x00,0x00,0x00,0x00,0x00,0x00,0x00,0x00,0x01,0x00,0x00,0x00,0x00,0x00,0x00,0x08,
  0x00,0x00,0x00,0x00,0x00,0x00,0x00,0x00,0x01,0x00,0x00,0x00,0x00,0x00,0x00,0x08,
  0x00,0x00,0x00,0x00,0x00,0x00,0x00,0x00,0x01,0x00,0x00,0x00,0x00,0x00,0x00,0x08,
  0x00,0x00,0x00,0x00,0x00,0x00,0x00,0x00,0x01,0x00,0x00,0x00,0x00,0x00,0x00,0x08,
  0x00,0x00,0x00,0x00,0x00,0x00,0x00,0x00,0x01,0x00,0x00,0x00,0x00,0x00,0x00,0x08,
  0x00,0x00,0x00,0x00,0x00,0x00,0x00,0x00,0x01,0x00,0x00,0x00,0x00,0x00,0x00,0x08,
  0x00,0x00,0x00,0x00,0x00,0x00,0x00,0x00,0x01,0x00,0x00,0x00,0x00,0x00,0x00,0x08,
  0x00,0x00,0x00,0x00,0x00,0x00,0x00,0x00,0x01,0x00,0x00,0x00,0x00,0x00,0x00,0x08,
  0x00,0x00,0x00,0x00,0x00,0x00,0x00,0x00,0x01,0x00,0x00,0x00,0x00,0x00,0x00,0x00,
  0x00,0x00,0x21,0x00,0x00,0x08,0x00,0x00,0x20,0x00,0x00,0x00,0x00,0x00,0x00,0x00,
  0x00,0x00,0x21,0x00,0x00,0x08,0x00,0x00,0x20,0x00,0x00,0x00,0x00,0x00,0x00,0x00,
  0x00,0x00,0x21,0x00,0x00,0x08,0x00,0x00,0x20,0x00,0x00,0x00,0x00,0x00,0x00,0x00,
  0x00,0x00,0x21,0x00,0x00,0x08,0x00,0x00,0x20,0x00,0x00,0x00,0x00,0x00,0x00,0x00,
  0x00,0x00,0x21,0x00,0x00,0x08,0x00,0x00,0x20,0x00,0x00,0x00,0x00,0x00,0x00,0x00,
  0x00,0x00,0x21,0x00,0xff,0x00,0x08,0x00,0x00,0x20,0x00,0x00,0x00,0x00,0x00,0x00,
  0x00,0x00,0x00,0x21,0x00,0x00,0x08,0x00,0x00,0x20,0x00,0x00,0x00,0x00,0x00,0x00,
  0x00,0x00,0x00,0x21,0x00,0x00,0x08,0x00,0x00,0x20,0x00,0x00,0x00,0x00,0x00,0x00,
  0x00,0x00,0x00,0x21,0x00,0x00,0x08,0x00,0x00,0x20,0x00,0x00,0x00,0x00,0x00,0x00,
  0x00,0x00,0x00,0x21,0x00,0x00,0x08,0x00,0x00,0x20,0x00,0x00,0x00,0x00,0x00,0x00,
  0x00,0x00,0x00,0x21,0x00,0x00,0x08,0x00,0x00,0x20,0x00,0x00,0x00,0x00,0x00,0x00,
  0x00,0x00,0x00,0x21,0x00,0x00,0x08,0x00,0x00,0x20,0x00,0x00,0x00,0x00,0x00,0x00,
  0x00,0x00,0x00,0x21,0x00,0x00,0x08,0x00,0x00,0x20,0x00,0x00,0x00,0x00,0x00,0x00,
  0x00,0x00,0x00,0x21,0x00,0x01,0x00,0x00,0x00,0x00,0x00,0x00,0x08,0x00,0x00,0x00,
  0x00,0x00,0x00,0x00,0x00,0x01,0x00,0x00,0x00,0x00,0x00,0x00,0x08,0x00,0x00,0x00,
  0x00,0x00,0x00,0x00,0x00,0x01,0x00,0x00,0x00,0x00,0x00,0x00,0x08,0x00,0x00,0x00,
  0x00,0x00,0x00,0x00,0x00,0x01,0x00,0x00,0x00,0x00,0x00,0x00,0x08,0x00,0x00,0x00,
  0x00,0x00,0x00,0x00,0x00,0x01,0x00,0x00,0x00,0x00,0x00,0x00,0x08,0x00,0x00,0x00,
  0x00,0x00,0x00,0x00,0x00,0x01,0x00,0x00,0x00,0x00,0x00,0x00,0x08,0x00,0x00,0x00,
  0x00,0x00,0x00,0x00,0x00,0x01,0x00,0x00,0x00,0x00,0x00,0x00,0x08,0x00,0x00,0x00,
  0x00,0x00,0x00,0x00,0x00,0x01,0x00,0x00,0x00,0x00,0x00,0x00,0x08,0x00,0x00,0x00,
  0x00,0x00,0x00,0xff,0x00,0x00,0x01,0x00,0x00,0x00,0x00,0x00,0x00,0x08,0x00,0x00,
  0x00,0x00,0x00,0x00,0x00,0x00,0x01,0x00,0x00,0x00,0x00,0x00,0x00,0x08,0x00,0x00,
  0x00,0x00,0x00,0x00,0x00,0x00,0x01,0x00,0x00,0x00,0x00,0x00,0x00,0x08,0x00,0x00,
  0x00,0x00,0x00,0x00,0x00,0x00,0x01,0x00,0x00,0x00,0x00,0x00,0x00,0x08,0x00,0x00,
  0x00,0x00,0x00,0x00,0x00,0x00,0x01,0x00,0x00,0x00,0x00,0x00,0x00,0x08,0x00,0x00,
  0x00,0x00,0x00,0x00,0x00,0x00,0x01,0x00,0x00,0x00,0x00,0x00,0x00,0x08,0x00,0x00,
  0x01,0x00,0x20,0x08,0x00,0x00,0x00,0x00,0x00,0x00,0x00,0x00,0x20,0x00,0x00,0x00,
  0x01,0x00,0x20,0x08,0x00,0x00,0x00,0x00,0x00,0x00,0x00,0x00,0x20,0x00,0x00,0x00,
  0x01,0x00,0x20,0x08,0x00,0x00,0x00,0x00,0x00,0x00,0x00,0x00,0x20,0x00,0x00,0x00,
  0x01,0x00,0x20,0x08,0x00,0x00,0x00,0x00,0x00,0x00,0x00,0x00,0x20,0x00,0x00,0x00,
  0x01,0x00,0x20,0x08,0x00,0x00,0x00,0x00,0x00,0x00,0x00,0x00,0x20,0x00,0x00,0x00,
  0x01,0x00,0x20,0x08,0x00,0x00,0x00,0x00,0x00,0x00,0x00,0x00,0x20,0x00,0x00,0x00,
  0x01,0x00,0x20,0x08,0x00,0x00,0x00,0x00,0x00,0x00,0x00,0x00,0x20,0x00,0x00,0x00,
  0x01,0x00,0x20,0x08,0x00,0x00,0x00,0x00,0x00,0x00,0x00,0x00,0x20,0x00,0x00,0x00,
  0x01,0x00,0x20,0x08,0x00,0x00,0x00,0x00,0x00,0x00,0x00,0x00,0x20,0x00,0x00,0x00,
  0x01,0x00,0x20,0x08,0x00,0x00,0x00,0x00,0x00,0x00,0x00,0x00,0x20,0x00,0x00,0x00,
  0x01,0x00,0xff,0x20,0x08,0x00,0x00,0x00,0x00,0x00,0x00,0x00,0x00,0x20,0x00,0x00,
  0x00,0x01,0x00,0x20,0x08,0x00,0x00,0x00,0x00,0x00,0x00,0x00,0x00,0x20,0x00,0x00,
  0x00,0x01,0x00,0x20,0x08,0x00,0x00,0x00,0x00,0x00,0x00,0x00,0x00,0x20,0x00,0x00,
  0x00,0x01,0x00,0x20,0x08,0x00,0x00,0x00,0x00,0x00,0x08,0x00,0x00,0x00,0x00,0x00,
  0x00,0x00,0x00,0x01,0x00,0x00,0x00,0x00,0x00,0x00,0x08,0x00,0x00,0x00,0x00,0x00,
  0x00,0x00,0x00,0x01,0x00,0x00,0x00,0x00,0x00,0x00,0x08,0x00,0x00,0x00,0x00,0x00,
  0x00,0x00,0x00,0x01,0x00,0x00,0x00,0x00,0x00,0x00,0x08,0x00,0x00,0x00,0x00,0x00,
  0x00,0x00,0x00,0x01,0x00,0x00,0x00,0x00,0x00,0x00,0x08,0x00,0x00,0x00,0x00,0x00,
  0x00,0x00,0x00,0x01,0x00,0x00,0x00,0x00,0x00,0x00,0x08,0x00,0x00,0x00,0x00,0x00,
  0x00,0x00,0x00,0x01,0x00,0x00,0x00,0x00,0x00,0x00,0x08,0x00,0x00,0x00,0x00,0x00,
  0x00,0x00,0x00,0x01,0x00,0x00,0x00,0x00,0x00,0x00,0x08,0x00,0x00,0x00,0x00,0x00,
  0x00,0x00,0x00,0x01,0x00,0x00,0x00,0x00,0x00,0x00,0x08,0x00,0x00,0x00,0x00,0x00,
  0x00,0x00,0x00,0x01,0x00,0x00,0x00,0x00,0x00,0x00,0x08,0x00,0x00,0x00,0x00,0x00,
  0x00,0x00,0x00,0x01,0x00,0x00,0x00,0x00,0x00,0x00,0x08,0x00,0x00,0x00,0x00,0x00,
  0x00,0x00,0x00,0x01,0x00,0x00,0x00,0x00,0x00,0x00,0x08,0x00,0x00,0x00,0x00,0x00,
  0x00,0x00,0x00,0x01,0x00,0x00,0x00,0x00,0x00,0x00,0x08,0x00,0x00,0x00,0x00,0x00,
  0x00,0xff,0x00,0x00,0x01,0x00,0x00,0x00,0x00,0x00,0x00,0x08,0x00,0x00,0x00,0x00,
  0x00,0x08,0x00,0x00,0x00,0x00,0x20,0x00,0x00,0x00,0x00,0x00,0x20,0x00,0x01,0x00,
  0x00,0x08,0x00,0x00,0x00,0x00,0x20,0x00,0x00,0x00,0x00,0x00,0x20,0x00,0x01,0x00,
  0x00,0x08,0x00,0x00,0x00,0x00,0x20,0x00,0x00,0x00,0x00,0x00,0x20,0x00,0x01,0x00,
  0x00,0x08,0x00,0x00,0x00,0x00,0x20,0x00,0x00,0x00,0x00,0x00,0x20,0x00,0x01,0x00,
  0x00,0x08,0x00,0x00,0x00,0x00,0x20,0x00,0x00,0x00,0x00,0x00,0x20,0x00,0x01,0x00,
  0x00,0x08,0x00,0x00,0x00,0x00,0x20,0x00,0x00,0x00,0x00,0x00,0x20,0x00,0x01,0x00,
  0x00,0x08,0x00,0x00,0x00,0x00,0x20,0x00,0x00,0x00,0x00,0x00,0x20,0x00,0x01,0x00,
  0x00,0x08,0x00,0x00,0x00,0x00,0x20,0x00,0x00,0x00,0x00,0x00,0x20,0x00,0x01,0x00,
  0x00,0x08,0x00,0x00,0x00,0x00,0x20,0x00,0x00,0x00,0x00,0x00,0x20,0x00,0x01,0x00,
  0x00,0x08,0x00,0x00,0x00,0x00,0x20,0x00,0x00,0x00,0x00,0x00,0x20,0x00,0x01,0x00,
  0x00,0x08,0x00,0x00,0x00,0x00,0x20,0x00,0x00,0x00,0x00,0x00,0x20,0x00,0x01,0x00,
  0x00,0x08,0x00,0x00,0x00,0x00,0x20,0x00,0x00,0x00,0x00,0x00,0x20,0x00,0x01,0x00,
  0x00,0x08,0x00,0x00,0x00,0x00,0x20,0x00,0x00,0x00,0x00,0x00,0x20,0x00,0x01,0x00,
  0x00,0x08,0x00,0x00,0x00,0x00,0x20,0x00,0x00,0x00,0x00,0x00,0x00,0x00,0x00,0x00,
  0x01,0x00,0x00,0x00,0x00,0x00,0x00,0x08,0x00,0x00,0x00,0x00,0x00,0x00,0x00,0x00,
  0xff,0x01,0x00,0x00,0x00,0x00,0x00,0x00,0x08,0x00,0x00,0x00,0x00,0x00,0x00,0x00,
  0x00,0x01,0x00,0x00,0x00,0x00,0x00,0x00,0x08,0x00,0x00,0x00,0x00,0x00,0x00,0x00,
  0x00,0x01,0x00,0x00,0x00,0x00,0x00,0x00,0x08,0x00,0x00,0x00,0x00,0x00,0x00,0x00,
  0x00,0x01,0x00,0x00,0x00,0x00,0x00,0x00,0x08,0x00,0x00,0x00,0x00,0x00,0x00,0x00,
  0x00,0x01,0x00,0x00,0x00,0x00,0x00,0x00,0x08,0x00,0x00,0x00,0x00,0x00,0x00,0x00,
  0x00,0x01,0x00,0x00,0x00,0x00,0x00,0x00,0x08,0x00,0x00,0x00,0x00,0x00,0x00,0x00,
  0x00,0x01,0x00,0x00,0x00,0x00,0x00,0x00,0x08,0x00,0x00,0x00,0x00,0x00,0x00,0x00,
  0x00,0x01,0x00,0x00,0x00,0x00,0x00,0x00,0x08,0x00,0x00,0x00,0x00,0x00,0x00,0x00,
  0x00,0x01,0x00,0x00,0x00,0x00,0x00,0x00,0x08,0x00,0x00,0x00,0x00,0x00,0x00,0x00,
  0x00,0x01,0x00,0x00,0x00,0x00,0x00,0x00,0x08,0x00,0x00,0x00,0x00,0x00,0x00,0x00,
  0x00,0x01,0x00,0x00,0x00,0x00,0x00,0x00,0x08,0x00,0x00,0x00,0x00,0x00,0x00,0x00,
  0x00,0x01,0x00,0x00,0x00,0x00,0x00,0x00,0x08,0x00,0x00,0x00,0x00,0x00,0x00,0x00,
  0x00,0x00,0x00,0x00,0x00,0x20,0x00,0x00,0x00,0x00,0x00,0x01,0x00,0x00,0x08,0x20,
  0x00,0x00,0x00,0x00,0x00,0x20,0x00,0x00,0x00,0x00,0x00,0x01,0x00,0x00,0x08,0x20,
  0x00,0x00,0x00,0x00,0x00,0x20,0x00,0x00,0x00,0x00,0x00,0x01,0x00,0x00,0x08,0x20,
  0x00,0x00,0x00,0x00,0x00,0x20,0x00,0x00,0x00,0x00,0x00,0x01,0x00,0x00,0x08,0xff,
  0x20,0x00,0x00,0x00,0x00,0x00,0x20,0x00,0x00,0x00,0x00,0x00,0x01,0x00,0x00,0x08,
  0x20,0x00,0x00,0x00,0x00,0x00,0x20,0x00,0x00,0x00,0x00,0x00,0x01,0x00,0x00,0x08,
  0x20,0x00,0x00,0x00,0x00,0x00,0x20,0x00,0x00,0x00,0x00,0x00,0x01,0x00,0x00,0x08,
  0x20,0x00,0x00,0x00,0x00,0x00,0x20,0x00,0x00,0x00,0x00,0x00,0x01,0x00,0x00,0x08,
  0x20,0x00,0x00,0x00,0x00,0x00,0x20,0x00,0x00,0x00,0x00,0x00,0x01,0x00,0x00,0x08,
  0x20,0x00,0x00,0x00,0x00,0x00,0x20,0x00,0x00,0x00,0x00,0x00,0x01,0x00,0x00,0x08,
  0x20,0x00,0x00,0x00,0x00,0x00,0x20,0x00,0x00,0x00,0x00,0x00,0x01,0x00,0x00,0x08,
  0x20,0x00,0x00,0x00,0x00,0x00,0x20,0x00,0x00,0x00,0x00,0x00,0x01,0x00,0x00,0x08,
  0x20,0x00,0x00,0x00,0x00,0x00,0x20,0x00,0x00,0x00,0x00,0x00,0x01,0x00,0x00,0x08,
  0x20,0x00,0x00,0x00,0x00,0x00,0x20,0x00,0x00,0x00,0x00,0x00,0x00,0x00,0x01,0x00,
  0x00,0x00,0x00,0x00,0x00,0x08,0x00,0x00,0x00,0x00,0x00,0x00,0x00,0x00,0x01,0x00,
  0x00,0x00,0x00,0x00,0x00,0x08,0x00,0x00,0x00,0x00,0x00,0x00,0x00,0x00,0x01,0x00,
  0x00,0x00,0x00,0x00,0x00,0x08,0x00,0x00,0x00,0x00,0x00,0x00,0x00,0x00,0x01,0x00,
  0x00,0x00,0x00,0x00,0x00,0x08,0x00,0x00,0x00,0x00,0x00,0x00,0x00,0x00,0x01,0x00,
  0x00,0x00,0x00,0x00,0x00,0x08,0x00,0x00,0x00,0x00,0x00,0x00,0x00,0x00,0x01,0x00,
  0x00,0x00,0x00,0x00,0x00,0x08,0x00,0x00,0x00,0x00,0x00,0x00,0x00,0x00,0xff,0x01,
  0x00,0x00,0x00,0x00,0x00,0x00,0x08,0x00,0x00,0x00,0x00,0x00,0x00,0x00,0x00,0x01,
  0x00,0x00,0x00,0x00,0x00,0x00,0x08,0x00,0x00,0x00,0x00,0x00,0x00,0x00,0x00,0x01,
  0x00,0x00,0x00,0x00,0x00,0x00,0x08,0x00,0x00,0x00,0x00,0x00,0x00,0x00,0x00,0x01,
  0x00,0x00,0x00,0x00,0x00,0x00,0x08,0x00,0x00,0x00,0x00,0x00,0x00,0x00,0x00,0x01,
  0x00,0x00,0x00,0x00,0x00,0x00,0x08,0x00,0x00,0x00,0x00,0x00,0x00,0x00,0x00,0x01,
  0x00,0x00,0x00,0x00,0x00,0x00,0x08,0x00,0x00,0x00,0x00,0x00,0x00,0x00,0x00,0x01,
  0x00,0x00,0x00,0x00,0x00,0x00,0x08,0x00,0x00,0x00,0x00,0x00,0x00,0x00,0x00,0x01,
  0x00,0x00,0x00,0x00,0x00,0x00,0x00,0x00,0x00,0x21,0x00,0x00,0x08,0x00,0x00,0x20,
  0x00,0x00,0x00,0x00,0x00,0x00,0x00,0x00,0x00,0x21,0x00,0x00,0x08,0x00,0x00,0x20,
  0x00,0x00,0x00,0x00,0x00,0x00,0x00,0x00,0x00,0x21,0x00,0x00,0x08,0x00,0x00,0x20,
  0x00,0x00,0x00,0x00,0x00,0x00,0x00,0x00,0x00,0x21,0x00,0x00,0x08,0x00,0x00,0x20,
  0x00,0x00,0x00,0x00,0x00,0x00,0x00,0x00,0x00,0x21,0x00,0x00,0x08,0x00,0x00,0x20,
  0x00,0x00,0x00,0x00,0x00,0x00,0x00,0x00,0x00,0x21,0x00,0x00,0x08,0x00,0x00,0x20,
  0x00,0x00,0x00,0x00,0x00,0x00,0x00,0x00,0x00,0x21,0x00,0x00,0x08,0x00,0x00,0x20,
  0x00,0x00,0x00,0x00,0x00,0x00,0x00,0x00,0x00,0x21,0x00,0x00,0x08,0x00,0x00,0x20,
  0x00,0x00,0x00,0x00,0x00,0x00,0x00,0x00,0x00,0x21,0x00,0x00,0x08,0xff,0x00,0x00,
  0x20,0x00,0x00,0x00,0x00,0x00,0x00,0x00,0x00,0x00,0x21,0x00,0x00,0x08,0x00,0x00,
  0x20,0x00,0x00,0x00,0x00,0x00,0x00,0x00,0x00,0x00,0x21,0x00,0x00,0x08,0x00,0x00,
  0x20,0x00,0x00,0x00,0x00,0x00,0x00,0x00,0x00,0x00,0x21,0x00,0x00,0x08,0x00,0x00,
  0x20,0x00,0x00,0x00,0x00,0x00,0x00,0x00,0x00,0x00,0x21,0x00,0x00,0x08,0x00,0x00,
  0x20,0x00,0x00,0x00,0x00,0x00,0x00,0x00,0x00,0x00,0x21,0x00,0x01,0x00,0x00,0x00,
  0x00,0x00,0x00,0x08,0x00,0x00,0x00,0x00,0x00,0x00,0x00,0x00,0x01,0x00,0x00,0x00,
  0x00,0x00,0x00,0x08,0x00,0x00,0x00,0x00,0x00,0x00,0x00,0x00,0x01,0x00,0x00,0x00,
  0x00,0x00,0x00,0x08,0x00,0x00,0x00,0x00,0x00,0x00,0x00,0x00,0x01,0x00,0x00,0x00,
  0x00,0x00,0x00,0x08,0x00,0x00,0x00,0x00,0x00,0x00,0x00,0x00,0x01,0x00,0x00,0x00,
  0x00,0x00,0x00,0x08,0x00,0x00,0x00,0x00,0x00,0x00,0x00,0x00,0x01,0x00,0x00,0x00,
  0x00,0x00,0x00,0x08,0x00,0x00,0x00,0x00,0x00,0x00,0x00,0x00,0x01,0x00,0x00,0x00,
  0x00,0x00,0x00,0x08,0x00,0x00,0x00,0x00,0x00,0x00,0x00,0x00,0x01,0x00,0x00,0x00,
  0x00,0x00,0x00,0x08,0x00,0x00,0x00,0x00,0x00,0x00,0x00,0x00,0x01,0x00,0x00,0x00,
  0x00,0x00,0x00,0x08,0x00,0x00,0x00,0x00,0x00,0x00,0x00,0x00,0x01,0x00,0x00,0x00,
  0x00,0x00,0x00,0x08,0x00,0x00,0x00,0x00,0x00,0x00,0x00,0x00,0x01,0x00,0x00,0x00,
  0x00,0x00,0x00,0x08,0x00,0x00,0x00,0x00,0x00,0x00,0x00,0x00,0xff,0x01,0x00,0x00,
  0x00,0x00,0x00,0x00,0x08,0x00,0x00,0x00,0x00,0x00,0x00,0x00,0x00,0x01,0x00,0x00,
  0x00,0x00,0x00,0x00,0x08,0x00,0x00,0x00,0x00,0x00,0x00,0x00,0x00,0x01,0x00,0x00,
  0x00,0x00,0x00,0x00,0x08,0x00,0x00,0x01,0x00,0x20,0x08,0x00,0x00,0x00,0x00,0x00,
  0x00,0x00,0x00,0x20,0x00,0x00,0x00,0x01,0x00,0x20,0x08,0x00,0x00,0x00,0x00,0x00,
  0x00,0x00,0x00,0x20,0x00,0x00,0x00,0x01,0x00,0x20,0x08,0x00,0x00,0x00,0x00,0x00,
  0x00,0x00,0x00,0x20,0x00,0x00,0x00,0x01,0x00,0x20,0x08,0x00,0x00,0x00,0x00,0x00,
  0x00,0x00,0x00,0x20,0x00,0x00,0x00,0x01,0x00,0x20,0x08,0x00,0x00,0x00,0x00,0x00,
  0x00,0x00,0x00,0x20,0x00,0x00,0x00,0x01,0x00,0x20,0x08,0x00,0x00,0x00,0x00,0x00,
  0x00,0x00,0x00,0x20,0x00,0x00,0x00,0x01,0x00,0x20,0x08,0x00,0x00,0x00,0x00,0x00,
  0x00,0x00,0x00,0x20,0x00,0x00,0x00,0x01,0x00,0x20,0x08,0x00,0x00,0x00,0x00,0x00,
  0x00,0x00,0x00,0x20,0x00,0x00,0x00,0x01,0x00,0x20,0x08,0x00,0x00,0x00,0x00,0x00,
  0x00,0x00,0x00,0x20,0x00,0x00,0x00,0x01,0x00,0x20,0x08,0x00,0x00,0x00,0x00,0x00,
  0x00,0x00,0x00,0x20,0x00,0x00,0x00,0x01,0x00,0x20,0x08,0x00,0x00,0x00,0x00,0x00,
  0x00,0x00,0x00,0x20,0x00,0x00,0x00,0x01,0x00,0x20,0x08,0x00,0x00,0x00,0x00,0x00,
  0x00,0x00,0x00,0x20,0x00,0x00,0x00,0x01,0x00,0x20,0x08,0x00,0x00,0x00,0x00,0x00,
  0x00,0x00,0x00,0x20,0x00,0x00,0x00,0x01,0x00,0x20,0x08,0xff,0x00,0x00,0x00,0x00,
  0x00,0x08,0x00,0x00,0x00,0x00,0x00,0x00,0x00,0x00,0x01,0x00,0x00,0x00,0x00,0x00,
  0x00,0x08,0x00,0x00,0x00,0x00,0x00,0x00,0x00,0x00,0x01,0x00,0x00,0x00,0x00,0x00,
  0x00,0x08,0x00,0x00,0x00,0x00,0x00,0x00,0x00,0x00,0x01,0x00,0x00,0x00,0x00,0x00,
  0x00,0x08,0x00,0x00,0x00,0x00,0x00,0x00,0x00,0x00,0x01,0x00,0x00,0x00,0x00,0x00,
  0x00,0x08,0x00,0x00,0x00,0x00,0x00,0x00,0x00,0x00,0x01,0x00,0x00,0x00,0x00,0x00,
  0x00,0x08,0x00,0x00,0x00,0x00,0x00,0x00,0x00,0x00,0x01,0x00,0x00,0x00,0x00,0x00,
  0x00,0x08,0x00,0x00,0x00,0x00,0x00,0x00,0x00,0x00,0x01,0x00,0x00,0x00,0x00,0x00,
  0x00,0x08,0x00,0x00,0x00,0x00,0x00,0x00,0x00,0x00,0x01,0x00,0x00,0x00,0x00,0x00,
  0x00,0x08,0x00,0x00,0x00,0x00,0x00,0x00,0x00,0x00,0x01,0x00,0x00,0x00,0x00,0x00,
  0x00,0x08,0x00,0x00,0x00,0x00,0x00,0x00,0x00,0x00,0x01,0x00,0x00,0x00,0x00,0x00,
  0x00,0x08,0x00,0x00,0x00,0x00,0x00,0x00,0x00,0x00,0x01,0x00,0x00,0x00,0x00,0x00,
  0x00,0x08,0x00,0x00,0x00,0x00,0x00,0x00,0x00,0x00,0x01,0x00,0x00,0x00,0x00,0x00,
  0x00,0x08,0x00,0x00,0x00,0x00,0x00,0x00,0x00,0x00,0x01,0x00,0x00,0x00,0x00,0x00,
  0x00,0x08,0x00,0x00,0x00,0x00,0x00,0x08,0x00,0x00,0x00,0x00,0x20,0x00,0x00,0x00,
  0x00,0x00,0x20,0x00,0x01,0x00,0x00,0x08,0x00,0x00,0x00,0x00,0x20,0x00,0x00,0x00,
  0x00,0x00,0x20,0x00,0x01,0x00,0x00,0x08,0x00,0x00,0xff,0x00,0x00,0x20,0x00,0x00,
  0x00,0x00,0x00,0x20,0x00,0x01,0x00,0x00,0x08,0x00,0x00,0x00,0x00,0x20,0x00,0x00,
  0x00,0x00,0x00,0x20,0x00,0x01,0x00,0x00,0x08,0x00,0x00,0x00,0x00,0x20,0x00,0x00,
  0x00,0x00,0x00,0x20,0x00,0x01,0x00,0x00,0x08,0x00,0x00,0x00,0x00,0x20,0x00,0x00,
  0x00,0x00,0x00,0x20,0x00,0x01,0x00,0x00,0x08,0x00,0x00,0x00,0x00,0x20,0x00,0x00,
  0x00,0x00,0x00,0x20,0x00,0x01,0x00,0x00,0x08,0x00,0x00,0x00,0x00,0x20,0x00,0x00,
  0x00,0x00,0x00,0x20,0x00,0x01,0x00,0x00,0x08,0x00,0x00,0x00,0x00,0x20,0x00,0x00,
  0x00,0x00,0x00,0x20,0x00,0x01,0x00,0x00,0x08,0x00,0x00,0x00,0x00,0x20,0x00,0x00,
  0x00,0x00,0x00,0x20,0x00,0x01,0x00,0x00,0x08,0x00,0x00,0x00,0x00,0x20,0x00,0x00,
  0x00,0x00,0x00,0x20,0x00,0x01,0x00,0x00,0x08,0x00,0x00,0x00,0x00,0x20,0x00,0x00,
  0x00,0x00,0x00,0x20,0x00,0x01,0x00,0x00,0x08,0x00,0x00,0x00,0x00,0x20,0x00,0x00,
  0x00,0x00,0x00,0x20,0x00,0x01,0x00,0x00,0x08,0x00,0x00,0x00,0x00,0x20,0x00,0x00,
  0x00,0x00,0x00,0x00,0x00,0x00,0x00,0x01,0x00,0x00,0x00,0x00,0x00,0x00,0x08,0x00,
  0x00,0x00,0x00,0x00,0x00,0x00,0x00,0x01,0x00,0x00,0x00,0x00,0x00,0x00,0x08,0x00,
  0x00,0x00,0x00,0x00,0x00,0x00,0x00,0x01,0x00,0x00,0x00,0x00,0x00,0x00,0x08,0x00,
  0x00,0x00,0x00,0x00,0x00,0x00,0x00,0x01,0x00,0x00,0x00,0x00,0x00,0x00,0x08,0x00,
  0x00,0x00,0x00,0x00,0x00,0x00,0x00,0x01,0x00,0xff,0x00,0x00,0x00,0x00,0x00,0x08,
  0x00,0x00,0x00,0x00,0x00,0x00,0x00,0x00,0x01,0x00,0x00,0x00,0x00,0x00,0x00,0x08,
  0x00,0x00,0x00,0x00,0x00,0x00,0x00,0x00,0x01,0x00,0x00,0x00,0x00,0x00,0x00,0x08,
  0x00,0x00,0x00,0x00,0x00,0x00,0x00,0x00,0x01,0x00,0x00,0x00,0x00,0x00,0x00,0x08,
  0x00,0x00,0x00,0x00,0x00,0x00,0x00,0x00,0x01,0x00,0x00,0x00,0x00,0x00,0x00,0x08,
  0x00,0x00,0x00,0x00,0x00,0x00,0x00,0x00,0x01,0x00,0x00,0x00,0x00,0x00,0x00,0x08,
  0x00,0x00,0x00,0x00,0x00,0x00,0x00,0x00,0x01,0x00,0x00,0x00,0x00,0x00,0x00,0x08,
  0x00,0x00,0x00,0x00,0x00,0x00,0x00,0x00,0x01,0x00,0x00,0x00,0x00,0x00,0x00,0x08,
  0x00,0x00,0x00,0x00,0x00,0x00,0x00,0x00,0x01,0x00,0x00,0x00,0x00,0x00,0x00,0x08,
  0x00,0x00,0x00,0x00,0x00,0x00,0x00,0x00,0x00,0x00,0x00,0x00,0x20,0x00,0x00,0x00,
  0x00,0x00,0x01,0x00,0x00,0x08,0x20,0x00,0x00,0x00,0x00,0x00,0x20,0x00,0x00,0x00,
  0x00,0x00,0x01,0x00,0x00,0x08,0x20,0x00,0x00,0x00,0x00,0x00,0x20,0x00,0x00,0x00,
  0x00,0x00,0x01,0x00,0x00,0x08,0x20,0x00,0x00,0x00,0x00,0x00,0x20,0x00,0x00,0x00,
  0x00,0x00,0x01,0x00,0x00,0x08,0x20,0x00,0x00,0x00,0x00,0x00,0x20,0x00,0x00,0x00,
  0x00,0x00,0x01,0x00,0x00,0x08,0x20,0x00,0x00,0x00,0x00,0x00,0x20,0x00,0x00,0x00,
  0x00,0x00,0x01,0x00,0x00,0x08,0x20,0x00,0x00,0x00,0x00,0x00,0x20,0x00,0x00,0x00,
  0x00,0x00,0x01,0x00,0x00,0x08,0x20,0x00,0xff,0x00,0x00,0x00,0x00,0x20,0x00,0x00,
  0x00,0x00,0x00,0x01,0x00,0x00,0x08,0x20,0x00,0x00,0x00,0x00,0x00,0x20,0x00,0x00,
  0x00,0x00,0x00,0x01,0x00,0x00,0x08,0x20,0x00,0x00,0x00,0x00,0x00,0x20,0x00,0x00,
  0x00,0x00,0x00,0x01,0x00,0x00,0x08,0x20,0x00,0x00,0x00,0x00,0x00,0x20,0x00,0x00,
  0x00,0x00,0x00,0x01,0x00,0x00,0x08,0x20,0x00,0x00,0x00,0x00,0x00,0x20,0x00,0x00,
  0x00,0x00,0x00,0x01,0x00,0x00,0x08,0x20,0x00,0x00,0x00,0x00,0x00,0x20,0x00,0x00,
  0x00,0x00,0x00,0x01,0x00,0x00,0x08,0x20,0x00,0x00,0x00,0x00,0x00,0x20,0x00,0x00,
  0x00,0x00,0x00,0x00,0x00,0x01,0x00,0x00,0x00,0x00,0x00,0x00,0x08,0x00,0x00,0x00,
  0x00,0x00,0x00,0x00,0x00,0x01,0x00,0x00,0x00,0x00,0x00,0x00,0x08,0x00,0x00,0x00,
  0x00,0x00,0x00,0x00,0x00,0x01,0x00,0x00,0x00,0x00,0x00,0x00,0x08,0x00,0x00,0x00,
  0x00,0x00,0x00,0x00,0x00,0x01,0x00,0x00,0x00,0x00,0x00,0x00,0x08,0x00,0x00,0x00,
  0x00,0x00,0x00,0x00,0x00,0x01,0x00,0x00,0x00,0x00,0x00,0x00,0x08,0x00,0x00,0x00,
  0x00,0x00,0x00,0x00,0x00,0x01,0x00,0x00,0x00,0x00,0x00,0x00,0x08,0x00,0x00,0x00,
  0x00,0x00,0x00,0x00,0x00,0x01,0x00,0x00,0x00,0x00,0x00,0x00,0x08,0x00,0x00,0x00,
  0x00,0x00,0x00,0x00,0x00,0x01,0x00,0x00,0x00,0x00,0x00,0x00,0x08,0x00,0x00,0x00,
  0x00,0x00,0x00,0x00,0x00,0x01,0x00,0x00,0x00,0x00,0x00,0x00,0x08,0x00,0x00,0x00,
  0x00,0x00,0x00,0x00,0x00,0x01,0x00,0xff,0x00,0x00,0x00,0x00,0x00,0x08,0x00,0x00,
  0x00,0x00,0x00,0x00,0x00,0x00,0x01,0x00,0x00,0x00,0x00,0x00,0x00,0x08,0x00,0x00,
  0x00,0x00,0x00,0x00,0x00,0x00,0x01,0x00,0x00,0x00,0x00,0x00,0x00,0x08,0x00,0x00,
  0x00,0x00,0x00,0x00,0x00,0x00,0x01,0x00,0x00,0x00,0x00,0x00,0x00,0x08,0x00,0x00,
  0x00,0x00,0x00,0x00,0x00,0x00,0x01,0x00,0x00,0x00,0x00,0x00,0x00,0x00,0x00,0x00,
  0x21,0x00,0x00,0x08,0x00,0x00,0x20,0x00,0x00,0x00,0x00,0x00,0x00,0x00,0x00,0x00,
  0x21,0x00,0x00,0x08,0x00,0x00,0x20,0x00,0x00,0x00,0x00,0x00,0x00,0x00,0x00,0x00,
  0x21,0x00,0x00,0x08,0x00,0x00,0x20,0x00,0x00,0x00,0x00,0x00,0x00,0x00,0x00,0x00,
  0x21,0x00,0x00,0x08,0x00,0x00,0x20,0x00,0x00,0x00,0x00,0x00,0x00,0x00,0x00,0x00,
  0x21,0x00,0x00,0x08,0x00,0x00,0x20,0x00,0x00,0x00,0x00,0x00,0x00,0x00,0x00,0x00,
  0x21,0x00,0x00,0x08,0x00,0x00,0x20,0x00,0x00,0x00,0x00,0x00,0x00,0x00,0x00,0x00,
  0x21,0x00,0x00,0x08,0x00,0x00,0x20,0x00,0x00,0x00,0x00,0x00,0x00,0x00,0x00,0x00,
  0x21,0x00,0x00,0x08,0x00,0x00,0x20,0x00,0x00,0x00,0x00,0x00,0x00,0x00,0x00,0x00,
  0x21,0x00,0x00,0x08,0x00,0x00,0x20,0x00,0x00,0x00,0x00,0x00,0x00,0x00,0x00,0x00,
  0x21,0x00,0x00,0x08,0x00,0x00,0x20,0x00,0x00,0x00,0x00,0x00,0x00,0x00,0x00,0x00,
  0x21,0x00,0x00,0x08,0x00,0x00,0x20,0x00,0x00,0x00,0x00,0x00,0x00,0x00,0x00,0x00,
  0x21,0x00,0x00,0x08,0x00,0x00,0xff,0x20,0x00,0x00,0x00,0x00,0x00,0x00,0x00,0x00,
  0x00,0x21,0x00,0x00,0x08,0x00,0x00,0x20,0x00,0x00,0x00,0x00,0x00,0x00,0x00,0x00,
  0x00,0x21,0x00,0x01,0x00,0x00,0x00,0x00,0x00,0x00,0x08,0x00,0x00,0x00,0x00,0x00,
  0x00,0x00,0x00,0x01,0x00,0x00,0x00,0x00,0x00,0x00,0x08,0x00,0x00,0x00,0x00,0x00,
  0x00,0x00,0x00,0x01,0x00,0x00,0x00,0x00,0x00,0x00,0x08,0x00,0x00,0x00,0x00,0x00,
  0x00,0x00,0x00,0x01,0x00,0x00,0x00,0x00,0x00,0x00,0x08,0x00,0x00,0x00,0x00,0x00,
  0x00,0x00,0x00,0x01,0x00,0x00,0x00,0x00,0x00,0x00,0x08,0x00,0x00,0x00,0x00,0x00,
  0x00,0x00,0x00,0x01,0x00,0x00,0x00,0x00,0x00,0x00,0x08,0x00,0x00,0x00,0x00,0x00,
  0x00,0x00,0x00,0x01,0x00,0x00,0x00,0x00,0x00,0x00,0x08,0x00,0x00,0x00,0x00,0x00,
  0x00,0x00,0x00,0x01,0x00,0x00,0x00,0x00,0x00,0x00,0x08,0x00,0x00,0x00,0x00,0x00,
  0x00,0x00,0x00,0x01,0x00,0x00,0x00,0x00,0x00,0x00,0x08,0x00,0x00,0x00,0x00,0x00,
  0x00,0x00,0x00,0x01,0x00,0x00,0x00,0x00,0x00,0x00,0x08,0x00,0x00,0x00,0x00,0x00,
  0x00,0x00,0x00,0x01,0x00,0x00,0x00,0x00,0x00,0x00,0x08,0x00,0x00,0x00,0x00,0x00,
  0x00,0x00,0x00,0x01,0x00,0x00,0x00,0x00,0x00,0x00,0x08,0x00,0x00,0x00,0x00,0x00,
  0x00,0x00,0x00,0x01,0x00,0x00,0x00,0x00,0x00,0x00,0x08,0x00,0x00,0x00,0x00,0x00,
  0x00,0x00,0x00,0x01,0x00,0x00,0x00,0x00,0x00,0x00,0x08,0x00,0x00,0x01,0x00,0x20,
  0x08,0x00,0x00,0x00,0x00,0xff,0x00,0x00,0x00,0x00,0x20,0x00,0x00,0x00,0x01,0x00,
  0x20,0x08,0x00,0x00,0x00,0x00,0x00,0x00,0x00,0x00,0x20,0x00,0x00,0x00,0x01,0x00,
  0x20,0x08,0x00,0x00,0x00,0x00,0x00,0x00,0x00,0x00,0x20,0x00,0x00,0x00,0x01,0x00,
  0x20,0x08,0x00,0x00,0x00,0x00,0x00,0x00,0x00,0x00,0x20,0x00,0x00,0x00,0x01,0x00,
  0x20,0x08,0x00,0x00,0x00,0x00,0x00,0x00,0x00,0x00,0x20,0x00,0x00,0x00,0x01,0x00,
  0x20,0x08,0x00,0x00,0x00,0x00,0x00,0x00,0x00,0x00,0x20,0x00,0x00,0x00,0x01,0x00,
  0x20,0x08,0x00,0x00,0x00,0x00,0x00,0x00,0x00,0x00,0x20,0x00,0x00,0x00,0x01,0x00,
  0x20,0x08,0x00,0x00,0x00,0x00,0x00,0x00,0x00,0x00,0x20,0x00,0x00,0x00,0x01,0x00,
  0x20,0x08,0x00,0x00,0x00,0x00,0x00,0x00,0x00,0x00,0x20,0x00,0x00,0x00,0x01,0x00,
  0x20,0x08,0x00,0x00,0x00,0x00,0x00,0x00,0x00,0x00,0x20,0x00,0x00,0x00,0x01,0x00,
  0x20,0x08,0x00,0x00,0x00,0x00,0x00,0x00,0x00,0x00,0x20,0x00,0x00,0x00,0x01,0x00,
  0x20,0x08,0x00,0x00,0x00,0x00,0x00,0x00,0x00,0x00,0x20,0x00,0x00,0x00,0x01,0x00,
  0x20,0x08,0x00,0x00,0x00,0x00,0x00,0x00,0x00,0x00,0x20,0x00,0x00,0x00,0x01,0x00,
  0x20,0x08,0x00,0x00,0x00,0x00,0x00,0x08,0x00,0x00,0x00,0x00,0x00,0x00,0x00,0x00,
  0x01,0x00,0x00,0x00,0x00,0x00,0x00,0x08,0x00,0x00,0x00,0x00,0x00,0x00,0x00,0x00,
  0x01,0x00,0x00,0x00,0x00,0x00,0x00,0x08,0x00,0x00,0x00,0x00,0x00,0x00,0x00,0x00,
  0x01,0x00,0x00,0x00,0xff,0x00,0x00,0x00,0x08,0x00,0x00,0x00,0x00,0x00,0x00,0x00,
  0x00,0x01,0x00,0x00,0x00,0x00,0x00,0x00,0x08,0x00,0x00,0x00,0x00,0x00,0x00,0x00,
  0x00,0x01,0x00,0x00,0x00,0x00,0x00,0x00,0x08,0x00,0x00,0x00,0x00,0x00,0x00,0x00,
  0x00,0x01,0x00,0x00,0x00,0x00,0x00,0x00,0x08,0x00,0x00,0x00,0x00,0x00,0x00,0x00,
  0x00,0x01,0x00,0x00,0x00,0x00,0x00,0x00,0x08,0x00,0x00,0x00,0x00,0x00,0x00,0x00,
  0x00,0x01,0x00,0x00,0x00,0x00,0x00,0x00,0x08,0x00,0x00,0x00,0x00,0x00,0x00,0x00,
  0x00,0x01,0x00,0x00,0x00,0x00,0x00,0x00,0x08,0x00,0x00,0x00,0x00,0x00,0x00,0x00,
  0x00,0x01,0x00,0x00,0x00,0x00,0x00,0x00,0x08,0x00,0x00,0x00,0x00,0x00,0x00,0x00,
  0x00,0x01,0x00,0x00,0x00,0x00,0x00,0x00,0x08,0x00,0x00,0x00,0x00,0x00,0x00,0x00,
  0x00,0x01,0x00,0x00,0x00,0x00,0x00,0x00,0x08,0x00,0x00,0x00,0x00,0x00,0x00,0x00,
  0x00,0x01,0x00,0x00,0x00,0x00,0x00,0x00,0x08,0x00,0x00,0x00,0x00,0x00,0x08,0x00,
  0x00,0x00,0x00,0x20,0x00,0x00,0x00,0x00,0x00,0x20,0x00,0x01,0x00,0x00,0x08,0x00,
  0x00,0x00,0x00,0x20,0x00,0x00,0x00,0x00,0x00,0x20,0x00,0x01,0x00,0x00,0x08,0x00,
  0x00,0x00,0x00,0x20,0x00,0x00,0x00,0x00,0x00,0x20,0x00,0x01,0x00,0x00,0x08,0x00,
  0x00,0x00,0x00,0x20,0x00,0x00,0x00,0x00,0x00,0x20,0x00,0x01,0x00,0x00,0x08,0x00,
  0x00,0x00,0x00,0x20,0x00,0x00,0x00,0x00,0x00,0x20,0x00,0x01,0x00,0x00,0x08,0x00,
  0x00,0x00,0x00,0xff,0x20,0x00,0x00,0x00,0x00,0x00,0x20,0x00,0x01,0x00,0x00,0x08,
  0x00,0x00,0x00,0x00,0x20,0x00,0x00,0x00,0x00,0x00,0x20,0x00,0x01,0x00,0x00,0x08,
  0x00,0x00,0x00,0x00,0x20,0x00,0x00,0x00,0x00,0x00,0x20,0x00,0x01,0x00,0x00,0x08,
  0x00,0x00,0x00,0x00,0x20,0x00,0x00,0x00,0x00,0x00,0x20,0x00,0x01,0x00,0x00,0x08,
  0x00,0x00,0x00,0x00,0x20,0x00,0x00,0x00,0x00,0x00,0x20,0x00,0x01,0x00,0x00,0x08,
  0x00,0x00,0x00,0x00,0x20,0x00,0x00,0x00,0x00,0x00,0x20,0x00,0x01,0x00,0x00,0x08,
  0x00,0x00,0x00,0x00,0x20,0x00,0x00,0x00,0x00,0x00,0x20,0x00,0x01,0x00,0x00,0x08,
  0x00,0x00,0x00,0x00,0x20,0x00,0x00,0x00,0x00,0x00,0x20,0x00,0x01,0x00,0x00,0x08,
  0x00,0x00,0x00,0x00,0x20,0x00,0x00,0x00,0x00,0x00,0x00,0x00,0x00,0x00,0x01,0x00,
  0x00,0x00,0x00,0x00,0x00,0x08,0x00,0x00,0x00,0x00,0x00,0x00,0x00,0x00,0x01,0x00,
  0x00,0x00,0x00,0x00,0x00,0x08,0x00,0x00,0x00,0x00,0x00,0x00,0x00,0x00,0x01,0x00,
  0x00,0x00,0x00,0x00,0x00,0x08,0x00,0x00,0x00,0x00,0x00,0x00,0x00,0x00,0x01,0x00,
  0x00,0x00,0x00,0x00,0x00,0x08,0x00,0x00,0x00,0x00,0x00,0x00,0x00,0x00,0x01,0x00,
  0x00,0x00,0x00,0x00,0x00,0x08,0x00,0x00,0x00,0x00,0x00,0x00,0x00,0x00,0x01,0x00,
  0x00,0x00,0x00,0x00,0x00,0x08,0x00,0x00,0x00,0x00,0x00,0x00,0x00,0x00,0x01,0x00,
  0x00,0x00,0x00,0x00,0x00,0x08,0x00,0x00,0x00,0x00,0x00,0x00,0x00,0x00,0x01,0x00,
  0x00,0x00,0xff,0x00,0x00,0x00,0x08,0x00,0x00,0x00,0x00,0x00,0x00,0x00,0x00,0x01,
  0x00,0x00,0x00,0x00,0x00,0x00,0x08,0x00,0x00,0x00,0x00,0x00,0x00,0x00,0x00,0x01,
  0x00,0x00,0x00,0x00,0x00,0x00,0x08,0x00,0x00,0x00,0x00,0x00,0x00,0x00,0x00,0x01,
  0x00,0x00,0x00,0x00,0x00,0x00,0x08,0x00,0x00,0x00,0x00,0x00,0x00,0x00,0x00,0x01,
  0x00,0x00,0x00,0x00,0x00,0x00,0x08,0x00,0x00,0x00,0x00,0x00,0x00,0x00,0x00,0x01,
  0x00,0x00,0x00,0x00,0x00,0x00,0x08,0x00,0x00,0x00,0x00,0x00,0x00,0x00,0x00,0x00,
  0x00,0x00,0x00,0x20,0x00,0x00,0x00,0x00,0x00,0x01,0x00,0x00,0x08,0x20,0x00,0x00,
  0x00,0x00,0x00,0x20,0x00,0x00,0x00,0x00,0x00,0x01,0x00,0x00,0x08,0x20,0x00,0x00,
  0x00,0x00,0x00,0x20,0x00,0x00,0x00,0x00,0x00,0x01,0x00,0x00,0x08,0x20,0x00,0x00,
  0x00,0x00,0x00,0x20,0x00,0x00,0x00,0x00,0x00,0x01,0x00,0x00,0x08,0x20,0x00,0x00,
  0x00,0x00,0x00,0x20,0x00,0x00,0x00,0x00,0x00,0x01,0x00,0x00,0x08,0x20,0x00,0x00,
  0x00,0x00,0x00,0x20,0x00,0x00,0x00,0x00,0x00,0x01,0x00,0x00,0x08,0x20,0x00,0x00,
  0x00,0x00,0x00,0x20,0x00,0x00,0x00,0x00,0x00,0x01,0x00,0x00,0x08,0x20,0x00,0x00,
  0x00,0x00,0x00,0x20,0x00,0x00,0x00,0x00,0x00,0x01,0x00,0x00,0x08,0x20,0x00,0x00,
  0x00,0x00,0x00,0x20,0x00,0x00,0x00,0x00,0x00,0x01,0x00,0x00,0x08,0x20,0x00,0x00,
  0x00,0x00,0x00,0x20,0x00,0x00,0x00,0x00,0x00,0x01,0x00,0x00,0x08,0x20,0x00,0x00,
  0x00,0xff,0x00,0x00,0x20,0x00,0x00,0x00,0x00,0x00,0x01,0x00,0x00,0x08,0x20,0x00,
  0x00,0x00,0x00,0x00,0x20,0x00,0x00,0x00,0x00,0x00,0x01,0x00,0x00,0x08,0x20,0x00,
  0x00,0x00,0x00,0x00,0x20,0x00,0x00,0x00,0x00,0x00,0x01,0x00,0x00,0x08,0x20,0x00,
  0x00,0x00,0x00,0x00,0x20,0x00,0x00,0x00,0x00,0x00,0x00,0x00,0x01,0x00,0x00,0x00,
  0x00,0x00,0x00,0x08,0x00,0x00,0x00,0x00,0x00,0x00,0x00,0x00,0x01,0x00,0x00,0x00,
  0x00,0x00,0x00,0x08,0x00,0x00,0x00,0x00,0x00,0x00,0x00,0x00,0x01,0x00,0x00,0x00,
  0x00,0x00,0x00,0x08,0x00,0x00,0x00,0x00,0x00,0x00,0x00,0x00,0x01,0x00,0x00,0x00,
  0x00,0x00,0x00,0x08,0x00,0x00,0x00,0x00,0x00,0x00,0x00,0x00,0x01,0x00,0x00,0x00,
  0x00,0x00,0x00,0x08,0x00,0x00,0x00,0x00,0x00,0x00,0x00,0x00,0x01,0x00,0x00,0x00,
  0x00,0x00,0x00,0x08,0x00,0x00,0x00,0x00,0x00,0x00,0x00,0x00,0x01,0x00,0x00,0x00,
  0x00,0x00,0x00,0x08,0x00,0x00,0x00,0x00,0x00,0x00,0x00,0x00,0x01,0x00,0x00,0x00,
  0x00,0x00,0x00,0x08,0x00,0x00,0x00,0x00,0x00,0x00,0x00,0x00,0x01,0x00,0x00,0x00,
  0x00,0x00,0x00,0x08,0x00,0x00,0x00,0x00,0x00,0x00,0x00,0x00,0x01,0x00,0x00,0x00,
  0x00,0x00,0x00,0x08,0x00,0x00,0x00,0x00,0x00,0x00,0x00,0x00,0x01,0x00,0x00,0x00,
  0x00,0x00,0x00,0x08,0x00,0x00,0x00,0x00,0x00,0x00,0x00,0x00,0x01,0x00,0x00,0x00,
  0x00,0x00,0x00,0x08,0x00,0x00,0x00,0x00,0x00,0x00,0x00,0x00,0x01,0x00,0x00,0x00,
  0xff,0x00,0x00,0x00,0x08,0x00,0x00,0x00,0x00,0x00,0x00,0x00,0x00,0x01,0x00,0x00,
  0x00,0x00,0x00,0x00,0x00,0x00,0x00,0x21,0x00,0x00,0x08,0x00,0x00,0x20,0x00,0x00,
  0x00,0x00,0x00,0x00,0x00,0x00,0x00,0x21,0x00,0x00,0x08,0x00,0x00,0x20,0x00,0x00,
  0x00,0x00,0x00,0x00,0x00,0x00,0x00,0x21,0x00,0x00,0x08,0x00,0x00,0x20,0x00,0x00,
  0x00,0x21,0x08,0x00,0x00,0x00,0x00,0x04,0x19,0x00,0x08,0x00,0x00,0x20,0x00,0x00,
  0x00,0x00,0x00,0x00,0x00,0x00,0x00,0x21,0x00,0x00,0x08,0x00,0x00,0x20,0x00,0x00,
  0x00,0x00,0x00,0x00,0x00,0x00,0x00,0x21,0x00,0x00,0x08,0x00,0x00,0x20,0x00,0x00,
  0x00,0x00,0x00,0x00,0x00,0x00,0x00,0x21,0x00,0x00,0x08,0x00,0x00,0x20,0x00,0x00,
  0x00,0x00,0x00,0x00,0x00,0x00,0x00,0x21,0x00,0x00,0x08,0x00,0x00,0x20,0x00,0x00,
  0x00,0x00,0x00,0x00,0x00,0x00,0x00,0x21,0x00,0x00,0x08,0x00,0x00,0x20,0x00,0x00,
  0x00,0x00,0x00,0x00,0x00,0x00,0x00,0x21,0x00,0x00,0x08,0x00,0x00,0x20,0x00,0x00,
  0x00,0x00,0x00,0x00,0x00,0x00,0x00,0x21,0x00,0x00,0x08,0x00,0x00,0x20,0x00,0x00,
  0x00,0x00,0x00,0x00,0x00,0x00,0x00,0x21,0x00,0x00,0x08,0x00,0x00,0x20,0x00,0x00,
  0x00,0x00,0x00,0x00,0x00,0x00,0x00,0x21,0x00,0x00,0x08,0x00,0x00,0x20,0x00,0x00,
  0x00,0x00,0x00,0x00,0x00,0x00,0x00,0x21,0x00,0x01,0x00,0x00,0x00,0x00,0x00,0x00,
  0x08,0x00,0x00,0x00,0x00,0x00,0x00,0x00,0x00,0x01,0x00,0x00,0x00,0x00,0x00,0xff,
  0x00,0x08,0x00,0x00,0x00,0x00,0x00,0x00,0x00,0x00,0x01,0x00,0x00,0x00,0x00,0x00,
  0x00,0x08,0x00,0x00,0x00,0x00,0x00,0x00,0x82,0x18,0x83,0x10,0xe3,0x20,0x62,0x08,
  0xa2,0x18,0x21,0x08,0x00,0x00,0x00,0x00,0x00,0x00,0x01,0x00,0x40,0x08,0x41,0x00,
  0xa3,0x18,0x21,0x00,0x00,0x00,0x00,0x00,0x00,0x00,0x01,0x00,0x00,0x00,0x00,0x00,
  0x00,0x08,0x00,0x00,0x00,0x00,0x00,0x00,0x00,0x00,0x01,0x00,0x00,0x00,0x00,0x00,
  0x00,0x08,0x00,0x00,0x00,0x00,0x00,0x00,0x00,0x00,0x01,0x00,0x00,0x00,0x00,0x00,
  0x00,0x08,0x00,0x00,0x00,0x00,0x00,0x00,0x00,0x00,0x01,0x00,0x00,0x00,0x00,0x00,
  0x00,0x08,0x00,0x00,0x00,0x00,0x00,0x00,0x00,0x00,0x01,0x00,0x00,0x00,0x00,0x00,
  0x00,0x08,0x00,0x00,0x00,0x00,0x00,0x00,0x00,0x00,0x01,0x00,0x00,0x00,0x00,0x00,
  0x00,0x08,0x00,0x00,0x00,0x00,0x00,0x00,0x00,0x00,0x01,0x00,0x00,0x00,0x00,0x00,
  0x00,0x08,0x00,0x00,0x00,0x00,0x00,0x00,0x00,0x00,0x01,0x00,0x00,0x00,0x00,0x00,
  0x00,0x08,0x00,0x00,0x00,0x00,0x00,0x00,0x00,0x00,0x01,0x00,0x00,0x00,0x00,0x00,
  0x00,0x08,0x00,0x00,0x01,0x00,0x20,0x08,0x00,0x00,0x00,0x00,0x00,0x00,0x00,0x00,
  0x20,0x00,0x00,0x00,0x01,0x00,0x20,0x08,0x00,0x00,0x00,0x00,0x00,0x00,0x00,0x00,
  0x20,0x00,0x00,0x00,0x01,0x00,0x20,0x08,0x00,0x00,0x00,0x00,0x00,0x00,0x41,0x10,
  0xe4,0x18,0xd3,0x9c,0xff,0xff,0xfb,0xe6,0x97,0xb5,0x4d,0x73,0x62,0x10,0xff,0xe4,
  0x20,0xa3,0x10,0x82,0x10,0x83,0x10,0xe3,0x20,0x87,0x31,0x65,0x31,0xc4,0x18,0xa7,
  0x39,0xc3,0x10,0xa2,0x18,0x62,0x10,0x41,0x08,0x42,0x08,0xc3,0x18,0x62,0x08,0x41,
  0x10,0x20,0x00,0x00,0x00,0x01,0x00,0x20,0x08,0x00,0x00,0x00,0x00,0x00,0x00,0x00,
  0x00,0x20,0x00,0x00,0x00,0x01,0x00,0x20,0x08,0x00,0x00,0x00,0x00,0x00,0x00,0x00,
  0x00,0x20,0x00,0x00,0x00,0x01,0x00,0x20,0x08,0x00,0x00,0x00,0x00,0x00,0x00,0x00,
  0x00,0x20,0x00,0x00,0x00,0x01,0x00,0x20,0x08,0x00,0x00,0x00,0x00,0x00,0x00,0x00,
  0x00,0x20,0x00,0x00,0x00,0x01,0x00,0x20,0x08,0x00,0x00,0x00,0x00,0x00,0x00,0x00,
  0x00,0x20,0x00,0x00,0x00,0x01,0x00,0x20,0x08,0x00,0x00,0x00,0x00,0x00,0x00,0x00,
  0x00,0x20,0x00,0x00,0x00,0x01,0x00,0x20,0x08,0x00,0x00,0x00,0x00,0x00,0x00,0x00,
  0x00,0x20,0x00,0x00,0x00,0x01,0x00,0x20,0x08,0x00,0x00,0x00,0x00,0x00,0x08,0x00,
  0x00,0x00,0x00,0x00,0x00,0x00,0x00,0x01,0x00,0x00,0x00,0x00,0x00,0x00,0x08,0x00,
  0x00,0x00,0x00,0x00,0x00,0x00,0x00,0x01,0x00,0x00,0x00,0x00,0x00,0x00,0x08,0x00,
  0x00,0x00,0x00,0x00,0x00,0x00,0x00,0x42,0x08,0x8e,0x7b,0xff,0xff,0xff,0xff,0xff,
  0xff,0xff,0xff,0xff,0xff,0xbb,0xde,0x9b,0xd6,0xcf,0x7b,0xd0,0x7b,0x9a,0xde,0xbb,
  0xd6,0xbe,0xff,0xbf,0xf7,0x3c,0xef,0xdf,0xff,0xf7,0xc5,0x6a,0x4a,0x82,0x18,0x83,
  0x10,0x45,0x31,0x4d,0x6b,0x8a,0x5a,0xa3,0x10,0xe4,0x20,0x62,0x08,0xff,0x00,0x08,
  0x00,0x00,0x00,0x00,0x00,0x00,0x00,0x00,0x01,0x00,0x00,0x00,0x00,0x00,0x00,0x08,
  0x00,0x00,0x00,0x00,0x00,0x00,0x00,0x00,0x01,0x00,0x00,0x00,0x00,0x00,0x00,0x08,
  0x00,0x00,0x00,0x00,0x00,0x00,0x00,0x00,0x01,0x00,0x00,0x00,0x00,0x00,0x00,0x08,
  0x00,0x00,0x00,0x00,0x00,0x00,0x00,0x00,0x01,0x00,0x00,0x00,0x00,0x00,0x00,0x08,
  0x00,0x00,0x00,0x00,0x00,0x00,0x00,0x00,0x01,0x00,0x00,0x00,0x00,0x00,0x00,0x08,
  0x00,0x00,0x00,0x00,0x00,0x00,0x00,0x00,0x01,0x00,0x00,0x00,0x00,0x00,0x00,0x08,
  0x00,0x00,0x00,0x00,0x00,0x00,0x00,0x00,0x01,0x00,0x00,0x00,0x00,0x00,0x00,0x08,
  0x00,0x00,0x00,0x00,0x00,0x08,0x00,0x00,0x00,0x00,0x20,0x00,0x00,0x00,0x00,0x00,
  0x20,0x00,0x01,0x00,0x00,0x08,0x00,0x00,0x00,0x00,0x20,0x00,0x00,0x00,0x00,0x00,
  0x20,0x00,0x01,0x00,0x00,0x08,0x00,0x00,0x00,0x00,0x20,0x00,0x00,0x00,0x00,0x00,
  0x61,0x10,0xb3,0x9c,0xff,0xff,0xff,0xff,0xff,0xff,0xff,0xff,0xff,0xff,0xff,0xff,
  0xff,0xff,0xff,0xff,0xff,0xff,0xff,0xff,0xff,0xff,0xff,0xff,0xff,0xff,0xff,0xff,
  0xff,0xff,0xff,0xff,0xff,0xff,0x96,0xb5,0xab,0x5a,0x83,0x10,0xf4,0xa4,0xff,0xff,
  0xde,0xff,0xed,0x62,0xc3,0x20,0x00,0x00,0x00,0x00,0x20,0x00,0x00,0x00,0x00,0x00,
  0x20,0x00,0x01,0x00,0x00,0x08,0x00,0x00,0x00,0x00,0x20,0x00,0x00,0x00,0x00,0x00,
  0x20,0x00,0x01,0x00,0x00,0x08,0x00,0x00,0x00,0x00,0x20,0x00,0xc1,0x00,0x00,0x00,
  0x00,0x20,0x00,0x01,0x00,0x00,0x08,0x00,0x00,0x00,0x00,0x20,0x00,0x00,0x00,0x00,
  0x00,0x20,0x00,0x01,0x00,0x00,0x08,0x00,0x00,0x00,0x00,0x20,0x00,0x00,0x00,0x00,
  0x00,0x20,0x00,0x01,0x00,0x00,0x08,0x00,0x00,0x00,0x00,0x20,0x00,0x00,0x00,0x00,
  0x00,0x20,0x00,0x01,0x00,0x00,0x08,0x00,0x00,0x00,0x00,0x20,0x00,0x00,0x00,0x00,
  0x00,0x20,0x00,0x01,0x00,0x00,0x08,0x00,0x00,0x00,0x00,0x20,0x00,0x00,0x00,0x00,
  0x00,0x00,0x00,0x00,0x00,0x01,0x00,0x00,0x00,0x00,0x00,0x00,0x08,0x00,0x00,0x00,
  0x00,0x00,0x00,0x00,0x00,0x01,0x00,0x00,0x00,0x00,0x00,0x00,0x08,0x00,0x00,0x00,
  0x00,0x00,0x00,0x00,0x00,0x01,0x00,0x00,0x00,0x42,0x08,0xec,0x62,0xff,0xff,0x12,
  0xff,0xff,0xdd,0x14,0xad,0xf0,0x83,0xff,0xff,0xff,0xff,0xba,0xde,0x46,0x29,0xa3,
  0x18,0x00,0x00,0x00,0x00,0x01,0x00,0x00,0x00,0x00,0x00,0x00,0x08,0x00,0x00,0x00,
  0x00,0x00,0x00,0x00,0x00,0x01,0x00,0x00,0x00,0x00,0x00,0x00,0x08,0x00,0x00,0x00,
  0x00,0x00,0x00,0x00,0x00,0x01,0x00,0x00,0x00,0x00,0x00,0x00,0x08,0x00,0x00,0x00,
  0x00,0x00,0x00,0x00,0x00,0x01,0x00,0x00,0x00,0x00,0x00,0x00,0x08,0x00,0x00,0x00,
  0x00,0x00,0x00,0x00,0x00,0x01,0x00,0x00,0x00,0x00,0x00,0x00,0x08,0x00,0x00,0x00,
  0x00,0x00,0x00,0x00,0x00,0x01,0x00,0x00,0x00,0x00,0x00,0x00,0x08,0x00,0x00,0x00,
  0x00,0x00,0x00,0x00,0x00,0x01,0x00,0x00,0x00,0x00,0x00,0x00,0x08,0x00,0x00,0x00,
  0x00,0x00,0x00,0x00,0x00,0x00,0x00,0x00,0x00,0x20,0x00,0x00,0x00,0x00,0x00,0x01,
  0x00,0x00,0x08,0x20,0x00,0x00,0x00,0x00,0x00,0x20,0x00,0x00,0x00,0x00,0x00,0x01,
  0x00,0x00,0x08,0x20,0x00,0x00,0x00,0x00,0x00,0x20,0x00,0x00,0x00,0x00,0x00,0x01,
  0x00,0x00,0x08,0xc3,0x10,0xf3,0xa4,0x9e,0xf7,0xdf,0xff,0xff,0xff,0x14,0xff,0xff,
  0xda,0xf7,0xc5,0x83,0x10,0x20,0x00,0x00,0x00,0x00,0x00,0x01,0x00,0x00,0x08,0x20,
  0x00,0x00,0x00,0x00,0x00,0x20,0x00,0x00,0x00,0x00,0x00,0x01,0x00,0x00,0x08,0x20,
  0x00,0x00,0x00,0x00,0x00,0x20,0x00,0x00,0x00,0x00,0x00,0x01,0x00,0x00,0x08,0x20,
  0x00,0x00,0x00,0x00,0x00,0x20,0x00,0x00,0x00,0x00,0x00,0x01,0x00,0x00,0x08,0x20,
  0x00,0x00,0x00,0x00,0x00,0x20,0x00,0x00,0x00,0x00,0x00,0x01,0x00,0x00,0x08,0x20,
  0x00,0x00,0x00,0x00,0x00,0x20,0x00,0x00,0x00,0x00,0x00,0x01,0x00,0x00,0x08,0x20,
  0x00,0x00,0x00,0x00,0x00,0x20,0x00,0x00,0x00,0x00,0x00,0x01,0x00,0x00,0x08,0x20,
  0x00,0x00,0x00,0x00,0x00,0x20,0x00,0x00,0x00,0x00,0x00,0x00,0x00,0x01,0x00,0x00,
  0x00,0x00,0x00,0x00,0x08,0x00,0x00,0x00,0x00,0x00,0x00,0x00,0x00,0x01,0x00,0x00,
  0x00,0x00,0x00,0x00,0x08,0x00,0x00,0x00,0x00,0x00,0x00,0x00,0x00,0x01,0x00,0x00,
  0x00,0x00,0x00,0x00,0x08,0x00,0x00,0x61,0x10,0x21,0x08,0x04,0x29,0x66,0x29,0x4d,
  0x6b,0xb3,0x94,0xff,0xff,0x12,0xff,0xff,0xff,0xbf,0xf7,0xe4,0x20,0x22,0x08,0x00,
  0x00,0x00,0x00,0x00,0x08,0x00,0x00,0x00,0x00,0x00,0x00,0x00,0x00,0x01,0x00,0x00,
  0x00,0x00,0x00,0x00,0x08,0x00,0x00,0x00,0x00,0x00,0x00,0x00,0x00,0x01,0x00,0x00,
  0x00,0x00,0x00,0x00,0x08,0x00,0x00,0x00,0x00,0x00,0x00,0x00,0x00,0x01,0x00,0x00,
  0x00,0x00,0x00,0x00,0x08,0x00,0x00,0x00,0x00,0x00,0x00,0x00,0x00,0x01,0x00,0x00,
  0x00,0x00,0x00,0x00,0x08,0x00,0x00,0x00,0x00,0x00,0x00,0x00,0x00,0x01,0x00,0x00,
  0x00,0x00,0x00,0x00,0x08,0x00,0x00,0x00,0x00,0x00,0x00,0x00,0x00,0x01,0x00,0x00,
  0x00,0x00,0x00,0x00,0x08,0x00,0x00,0x00,0x00,0x00,0x00,0x00,0x00,0x01,0x00,0x00,
  0x00,0x00,0x00,0x00,0x00,0x00,0x00,0x21,0x00,0x00,0x08,0x00,0x00,0x20,0x00,0x00,
  0x00,0x00,0x00,0x00,0x00,0x00,0x00,0x21,0x00,0x00,0x08,0x00,0x00,0x20,0x00,0x00,
  0x00,0x00,0x00,0x00,0x00,0x00,0x00,0x21,0x00,0x00,0x08,0x00,0x00,0x20,0x00,0x00,
  0x00,0x00,0x00,0x62,0x08,0x61,0x10,0x62,0x08,0xf7,0xc5,0xff,0xff,0xff,0xff,0xff,
  0xff,0xff,0xff,0xff,0xff,0x9a,0xde,0xff,0xff,0xff,0xff,0xff,0xff,0xff,0xff,0xff,
  0xff,0xff,0xff,0xff,0xff,0xff,0xff,0xff,0xff,0xff,0xff,0xff,0xff,0xff,0xff,0xff,
  0xff,0x38,0xce,0x62,0x08,0x00,0x00,0x21,0x00,0x00,0x08,0x00,0x00,0x20,0x00,0x00,
  0x00,0x00,0x00,0x00,0x00,0x00,0x00,0x21,0x00,0x00,0x08,0x00,0x00,0x20,0x00,0x00,
  0x00,0x00,0x00,0x00,0x00,0x00,0x00,0xff,0x21,0x00,0x00,0x08,0x00,0x00,0x20,0x00,
  0x00,0x00,0x00,0x00,0x00,0x00,0x00,0x00,0x21,0x00,0x00,0x08,0x00,0x00,0x20,0x00,
  0x00,0x00,0x00,0x00,0x00,0x00,0x00,0x00,0x21,0x00,0x00,0x08,0x00,0x00,0x20,0x00,
  0x00,0x00,0x00,0x00,0x00,0x00,0x00,0x00,0x21,0x00,0x00,0x08,0x00,0x00,0x20,0x00,
  0x00,0x00,0x00,0x00,0x00,0x00,0x00,0x00,0x21,0x00,0x00,0x08,0x00,0x00,0x20,0x00,
  0x00,0x00,0x00,0x00,0x00,0x00,0x00,0x00,0x21,0x00,0x01,0x00,0x00,0x00,0x00,0x00,
  0x00,0x08,0x00,0x00,0x00,0x00,0x00,0x00,0x00,0x00,0x01,0x00,0x00,0x00,0x00,0x00,
  0x00,0x08,0x00,0x00,0x00,0x00,0x00,0x00,0x00,0x00,0x01,0x00,0x00,0x00,0x00,0x00,
  0x00,0x08,0x00,0x00,0x00,0x00,0x00,0x00,0x00,0x00,0x01,0x00,0x00,0x00,0x62,0x08,
  0x49,0x52,0xff,0xff,0xff,0xff,0xff,0xff,0xff,0xff,0xff,0xff,0x7d,0xf7,0x6a,0x4a,
  0xba,0xde,0xff,0xff,0xff,0xff,0xff,0xff,0xff,0xff,0xff,0xff,0xff,0xff,0xff,0xff,
  0xff,0xff,0xff,0xff,0xff,0xff,0xff,0xff,0x9a,0xd6,0xe8,0x41,0x61,0x10,0x00,0x00,
  0x00,0x08,0x00,0x00,0x00,0x00,0x00,0x00,0x00,0x00,0x01,0x00,0x00,0x00,0x00,0x00,
  0x00,0x08,0x00,0x00,0x00,0x00,0x00,0x00,0x00,0x00,0x01,0x00,0x00,0x00,0x00,0x00,
  0x00,0x08,0x00,0x00,0x00,0x00,0x00,0x00,0x00,0x00,0x01,0x00,0x00,0x00,0x00,0x00,
  0x00,0x08,0x00,0x00,0x00,0x00,0x00,0x00,0x00,0x00,0x01,0x00,0x00,0x00,0x00,0x00,
  0x00,0x08,0x00,0x00,0x00,0x00,0xff,0x00,0x00,0x00,0x00,0x01,0x00,0x00,0x00,0x00,
  0x00,0x00,0x08,0x00,0x00,0x00,0x00,0x00,0x00,0x00,0x00,0x01,0x00,0x00,0x00,0x00,
  0x00,0x00,0x08,0x00,0x00,0x00,0x00,0x00,0x00,0x00,0x00,0x01,0x00,0x00,0x00,0x00,
  0x00,0x00,0x08,0x00,0x00,0x01,0x00,0x20,0x08,0x00,0x00,0x00,0x00,0x00,0x00,0x00,
  0x00,0x20,0x00,0x00,0x00,0x01,0x00,0x20,0x08,0x00,0x00,0x00,0x00,0x00,0x00,0x00,
  0x00,0x20,0x00,0x00,0x00,0x01,0x00,0x20,0x08,0x00,0x00,0x00,0x00,0x00,0x00,0x00,
  0x00,0x20,0x00,0x00,0x00,0x01,0x00,0xa2,0x18,0x0d,0x63,0xff,0xff,0xff,0xff,0xff,
  0xff,0xff,0xff,0xff,0xff,0xff,0xff,0xff,0xff,0xff,0xff,0xff,0xff,0xff,0xff,0x2d,
  0x73,0xa7,0x31,0xfb,0xe6,0xff,0xff,0x10,0x84,0x31,0x8c,0xff,0xff,0xff,0xff,0xff,
  0xff,0xd7,0xbd,0xa2,0x18,0x01,0x00,0x20,0x08,0x00,0x00,0x00,0x00,0x00,0x00,0x00,
  0x00,0x20,0x00,0x00,0x00,0x01,0x00,0x20,0x08,0x00,0x00,0x00,0x00,0x00,0x00,0x00,
  0x00,0x20,0x00,0x00,0x00,0x01,0x00,0x20,0x08,0x00,0x00,0x00,0x00,0x00,0x00,0x00,
  0x00,0x20,0x00,0x00,0x00,0x01,0x00,0x20,0x08,0x00,0x00,0x00,0x00,0x00,0x00,0x00,
  0x00,0x20,0x00,0x00,0x00,0x01,0x00,0x20,0x08,0x00,0x00,0x00,0x00,0x00,0x00,0x00,
  0x00,0x20,0x00,0x00,0x00,0x01,0x00,0x20,0x08,0x00,0x00,0x00,0x00,0x00,0x00,0x00,
  0x00,0x20,0x00,0x00,0x00,0x01,0x00,0x20,0x08,0x00,0x00,0x00,0x00,0x00,0x00,0x00,
  0x00,0x20,0x00,0x00,0x00,0xff,0x01,0x00,0x20,0x08,0x00,0x00,0x00,0x00,0x00,0x08,
  0x00,0x00,0x00,0x00,0x00,0x00,0x00,0x00,0x01,0x00,0x00,0x00,0x00,0x00,0x00,0x08,
  0x00,0x00,0x00,0x00,0x00,0x00,0x00,0x00,0x01,0x00,0x00,0x00,0x00,0x00,0x00,0x08,
  0x00,0x00,0x00,0x00,0x00,0x00,0x00,0x00,0x01,0x00,0x00,0x00,0x00,0x00,0x20,0x08,
  0x83,0x10,0x34,0xad,0xff,0xff,0xff,0xff,0xff,0xff,0xff,0xff,0xff,0xff,0xff,0xff,
  0x9f,0xf7,0xff,0xff,0xff,0xff,0xff,0xff,0xf0,0x83,0x45,0x29,0xbf,0xf7,0xff,0xff,
  0xbf,0xf7,0x9e,0xf7,0xff,0xff,0xff,0xff,0xff,0xff,0x10,0x84,0xa3,0x18,0x00,0x08,
  0x00,0x00,0x00,0x00,0x00,0x00,0x00,0x00,0x01,0x00,0x00,0x00,0x00,0x00,0x00,0x08,
  0x00,0x00,0x00,0x00,0x00,0x00,0x00,0x00,0x01,0x00,0x00,0x00,0x00,0x00,0x00,0x08,
  0x00,0x00,0x00,0x00,0x00,0x00,0x00,0x00,0x01,0x00,0x00,0x00,0x00,0x00,0x00,0x08,
  0x00,0x00,0x00,0x00,0x00,0x00,0x00,0x00,0x01,0x00,0x00,0x00,0x00,0x00,0x00,0x08,
  0x00,0x00,0x00,0x00,0x00,0x00,0x00,0x00,0x01,0x00,0x00,0x00,0x00,0x00,0x00,0x08,
  0x00,0x00,0x00,0x00,0x00,0x00,0x00,0x00,0x01,0x00,0x00,0x00,0x00,0x00,0x00,0x08,
  0x00,0x00,0x00,0x00,0x00,0x00,0x00,0x00,0x01,0x00,0x00,0x00,0x00,0x00,0x00,0x08,
  0x00,0x00,0x00,0x00,0x00,0x08,0x00,0x00,0x00,0x00,0x20,0x00,0x00,0x00,0x00,0x00,
  0x20,0x00,0x01,0x00,0x00,0x08,0x00,0x00,0x00,0x00,0x20,0x00,0x00,0x00,0x00,0x00,
  0x20,0x00,0x01,0x00,0xff,0x00,0x08,0x00,0x00,0x00,0x00,0x20,0x00,0x00,0x00,0x00,
  0x00,0x20,0x00,0x01,0x00,0x00,0x08,0x41,0x00,0xa3,0x18,0x96,0xb5,0xff,0xff,0xff,
  0xff,0xff,0xff,0xff,0xff,0xff,0xff,0xdb,0xde,0x45,0x31,0xb7,0xb5,0x3c,0xef,0xd7,
  0xbd,0xe7,0x41,0x8b,0x52,0xff,0xff,0xff,0xff,0x7e,0xf7,0xff,0xff,0xff,0xff,0xff,
  0xff,0xff,0xff,0x19,0xc6,0xa3,0x18,0x00,0x00,0x00,0x00,0x20,0x00,0x00,0x00,0x00,
  0x00,0x20,0x00,0x01,0x00,0x00,0x08,0x00,0x00,0x00,0x00,0x20,0x00,0x00,0x00,0x00,
  0x00,0x20,0x00,0x01,0x00,0x00,0x08,0x00,0x00,0x00,0x00,0x20,0x00,0x00,0x00,0x00,
  0x00,0x20,0x00,0x01,0x00,0x00,0x08,0x00,0x00,0x00,0x00,0x20,0x00,0x00,0x00,0x00,
  0x00,0x20,0x00,0x01,0x00,0x00,0x08,0x00,0x00,0x00,0x00,0x20,0x00,0x00,0x00,0x00,
  0x00,0x20,0x00,0x01,0x00,0x00,0x08,0x00,0x00,0x00,0x00,0x20,0x00,0x00,0x00,0x00,
  0x00,0x20,0x00,0x01,0x00,0x00,0x08,0x00,0x00,0x00,0x00,0x20,0x00,0x00,0x00,0x00,
  0x00,0x20,0x00,0x01,0x00,0x00,0x08,0x00,0x00,0x00,0x00,0x20,0x00,0x00,0x00,0x00,
  0x00,0x00,0x00,0x00,0x00,0x01,0x00,0x00,0x00,0x00,0x00,0x00,0x08,0x00,0x00,0x00,
  0x00,0x00,0x00,0x00,0x00,0x01,0x00,0x00,0x00,0x00,0x00,0x00,0x08,0x00,0x00,0x00,
  0x00,0x00,0x00,0x00,0x00,0x01,0x00,0x00,0x00,0x00,0x00,0x00,0x08,0x00,0x00,0x00,
  0x00,0x82,0x10,0x7d,0xf7,0xff,0xff,0xff,0xff,0xff,0xff,0xff,0xff,0xff,0xff,0xff,
  0xff,0x55,0xad,0xff,0xa2,0x18,0x63,0x10,0x82,0x18,0xe4,0x20,0x41,0x10,0xe8,0x41,
  0x49,0x52,0x49,0x4a,0xdf,0xff,0xff,0xff,0xff,0xff,0xff,0xff,0xdb,0xe6,0xc4,0x18,
  0x00,0x00,0x00,0x00,0x00,0x00,0x01,0x00,0x00,0x00,0x00,0x00,0x00,0x08,0x00,0x00,
  0x00,0x00,0x00,0x00,0x00,0x00,0x01,0x00,0x00,0x00,0x00,0x00,0x00,0x08,0x00,0x00,
  0x00,0x00,0x00,0x00,0x00,0x00,0x01,0x00,0x00,0x00,0x00,0x00,0x00,0x08,0x00,0x00,
  0x00,0x00,0x00,0x00,0x00,0x00,0x01,0x00,0x00,0x00,0x00,0x00,0x00,0x08,0x00,0x00,
  0x00,0x00,0x00,0x00,0x00,0x00,0x01,0x00,0x00,0x00,0x00,0x00,0x00,0x08,0x00,0x00,
  0x00,0x00,0x00,0x00,0x00,0x00,0x01,0x00,0x00,0x00,0x00,0x00,0x00,0x08,0x00,0x00,
  0x00,0x00,0x00,0x00,0x00,0x00,0x01,0x00,0x00,0x00,0x00,0x00,0x00,0x08,0x00,0x00,
  0x00,0x00,0x00,0x00,0x00,0x00,0x00,0x00,0x00,0x00,0x20,0x00,0x00,0x00,0x00,0x00,
  0x01,0x00,0x00,0x08,0x20,0x00,0x00,0x00,0x00,0x00,0x20,0x00,0x00,0x00,0x00,0x00,
  0x01,0x00,0x00,0x08,0x20,0x00,0x00,0x00,0x00,0x00,0x20,0x00,0x00,0x00,0x00,0x00,
  0x01,0x00,0x00,0x08,0x20,0x00,0x00,0x00,0xa3,0x10,0xe7,0x41,0xdf,0xff,0xff,0xff,
  0xff,0xff,0xff,0xff,0xff,0xff,0xff,0xff,0xff,0xff,0xff,0xff,0x49,0x4a,0xc3,0x18,
  0xa7,0x51,0xe4,0x28,0xc7,0x39,0xf3,0xa4,0x52,0x8c,0xba,0xde,0xff,0xff,0xff,0xff,
  0xff,0xff,0xff,0xff,0xbb,0xd6,0xc3,0x18,0x00,0x00,0x20,0x00,0x00,0x00,0x00,0x00,
  0x01,0x00,0xff,0x00,0x08,0x20,0x00,0x00,0x00,0x00,0x00,0x20,0x00,0x00,0x00,0x00,
  0x00,0x01,0x00,0x00,0x08,0x20,0x00,0x00,0x00,0x00,0x00,0x20,0x00,0x00,0x00,0x00,
  0x00,0x01,0x00,0x00,0x08,0x20,0x00,0x00,0x00,0x00,0x00,0x20,0x00,0x00,0x00,0x00,
  0x00,0x01,0x00,0x00,0x08,0x20,0x00,0x00,0x00,0x00,0x00,0x20,0x00,0x00,0x00,0x00,
  0x00,0x01,0x00,0x00,0x08,0x20,0x00,0x00,0x00,0x00,0x00,0x20,0x00,0x00,0x00,0x00,
  0x00,0x01,0x00,0x00,0x08,0x20,0x00,0x00,0x00,0x00,0x00,0x20,0x00,0x00,0x00,0x00,
  0x00,0x01,0x00,0x00,0x08,0x20,0x00,0x00,0x00,0x00,0x00,0x20,0x00,0x00,0x00,0x00,
  0x00,0x00,0x00,0x01,0x00,0x00,0x00,0x00,0x00,0x00,0x08,0x00,0x00,0x00,0x00,0x00,
  0x00,0x00,0x00,0x01,0x00,0x00,0x00,0x00,0x00,0x00,0x08,0x00,0x00,0x00,0x00,0x00,
  0x00,0x00,0x00,0x01,0x00,0x00,0x00,0x00,0x00,0x00,0x08,0x00,0x00,0x00,0x00,0x00,
  0x00,0x41,0x10,0x77,0xb5,0xff,0xff,0xff,0xff,0xff,0xff,0xff,0xff,0xff,0xff,0xff,
  0xff,0xff,0xff,0xff,0xff,0x1c,0xe7,0xa7,0x51,0x45,0x51,0xc8,0x61,0x54,0xed,0xdb,
  0xfe,0x9d,0xff,0xff,0xff,0xff,0xff,0xff,0xff,0xff,0xff,0xff,0xff,0xae,0x7b,0x82,
  0x10,0x00,0x00,0x01,0x00,0x00,0x00,0x00,0x00,0x00,0x08,0x00,0x00,0x00,0x00,0x00,
  0x00,0x00,0x00,0x01,0x00,0x00,0x00,0x00,0x00,0x00,0x08,0x00,0x00,0x00,0x00,0x00,
  0x00,0x00,0x00,0x01,0x00,0x00,0x00,0x00,0x00,0x00,0x08,0x00,0x00,0x00,0x00,0x00,
  0x00,0xff,0x00,0x00,0x01,0x00,0x00,0x00,0x00,0x00,0x00,0x08,0x00,0x00,0x00,0x00,
  0x00,0x00,0x00,0x00,0x01,0x00,0x00,0x00,0x00,0x00,0x00,0x08,0x00,0x00,0x00,0x00,
  0x00,0x00,0x00,0x00,0x01,0x00,0x00,0x00,0x00,0x00,0x00,0x08,0x00,0x00,0x00,0x00,
  0x00,0x00,0x00,0x00,0x01,0x00,0x00,0x00,0x00,0x00,0x00,0x08,0x00,0x00,0x00,0x00,
  0x00,0x00,0x00,0x00,0x01,0x00,0x00,0x00,0x00,0x00,0x00,0x00,0x00,0x00,0x21,0x00,
  0x00,0x08,0x00,0x00,0x20,0x00,0x00,0x00,0x00,0x00,0x00,0x00,0x00,0x00,0x21,0x00,
  0x00,0x08,0x00,0x00,0x20,0x00,0x00,0x00,0x00,0x00,0x00,0x00,0x00,0x00,0x21,0x00,
  0x00,0x08,0x00,0x00,0x20,0x00,0x00,0x00,0x41,0x08,0xc7,0x39,0x3c,0xef,0xff,0xff,
  0xff,0xff,0xff,0xff,0xff,0xff,0xff,0xff,0xff,0xff,0xff,0xff,0x9e,0xff,0xb6,0xf5,
  0x70,0xf4,0x30,0xec,0xb1,0xf4,0x71,0xf4,0x50,0xf4,0x70,0xf4,0xd6,0xfd,0xdf,0xff,
  0xff,0xff,0xff,0xff,0xff,0xff,0x09,0x42,0x20,0x08,0x00,0x00,0x00,0x00,0x21,0x00,
  0x00,0x08,0x00,0x00,0x20,0x00,0x00,0x00,0x00,0x00,0x00,0x00,0x00,0x00,0x21,0x00,
  0x00,0x08,0x00,0x00,0x20,0x00,0x00,0x00,0x00,0x00,0x00,0x00,0x00,0x00,0x21,0x00,
  0x00,0x08,0x00,0x00,0x20,0x00,0x00,0x00,0x00,0x00,0x00,0x00,0x00,0x00,0x21,0x00,
  0x00,0x08,0x00,0x00,0x20,0x00,0x00,0x00,0x00,0x00,0x00,0x00,0x00,0x00,0x21,0x00,
  0x00,0x08,0x00,0x00,0x20,0x00,0x00,0x00,0x00,0x00,0x00,0x00,0x00,0x00,0x21,0x00,
  0xff,0x00,0x08,0x00,0x00,0x20,0x00,0x00,0x00,0x00,0x00,0x00,0x00,0x00,0x00,0x21,
  0x00,0x00,0x08,0x00,0x00,0x20,0x00,0x00,0x00,0x00,0x00,0x00,0x00,0x00,0x00,0x21,
  0x00,0x01,0x00,0x00,0x00,0x00,0x00,0x00,0x08,0x00,0x00,0x00,0x00,0x00,0x00,0x00,
  0x00,0x01,0x00,0x00,0x00,0x00,0x00,0x00,0x08,0x00,0x00,0x00,0x00,0x00,0x00,0x00,
  0x00,0x01,0x00,0x00,0x00,0x00,0x00,0x00,0x08,0x00,0x00,0x00,0x00,0x00,0x00,0x00,
  0x00,0x42,0x08,0x10,0x84,0xff,0xff,0xff,0xff,0xff,0xff,0xff,0xff,0xff,0xff,0xbf,
  0xff,0xd8,0xbd,0x9d,0xff,0x54,0xf5,0x2f,0xfc,0xf7,0xfd,0x99,0xfe,0x99,0xfe,0x99,
  0xfe,0x79,0xfe,0xf6,0xfd,0x50,0xec,0xf2,0xfc,0x9e,0xff,0xff,0xff,0xdf,0xff,0x30,
  0x9c,0x42,0x08,0x00,0x00,0x00,0x00,0x00,0x08,0x00,0x00,0x00,0x00,0x00,0x00,0x00,
  0x00,0x01,0x00,0x00,0x00,0x00,0x00,0x00,0x08,0x00,0x00,0x00,0x00,0x00,0x00,0x00,
  0x00,0x01,0x00,0x00,0x00,0x00,0x00,0x00,0x08,0x00,0x00,0x00,0x00,0x00,0x00,0x00,
  0x00,0x01,0x00,0x00,0x00,0x00,0x00,0x00,0x08,0x00,0x00,0x00,0x00,0x00,0x00,0x00,
  0x00,0x01,0x00,0x00,0x00,0x00,0x00,0x00,0x08,0x00,0x00,0x00,0x00,0x00,0x00,0x00,
  0x00,0x01,0x00,0x00,0x00,0x00,0x00,0x00,0x08,0x00,0x00,0x00,0x00,0x00,0x00,0x00,
  0x00,0x01,0x00,0x00,0x00,0x00,0x00,0x00,0x08,0x00,0x00,0x00,0x00,0x00,0x00,0x00,
  0x00,0x01,0x00,0x00,0x00,0x00,0x00,0x00,0x08,0x00,0x00,0x01,0x00,0x20,0x08,0xff,
  0x00,0x00,0x00,0x00,0x00,0x00,0x00,0x00,0x20,0x00,0x00,0x00,0x01,0x00,0x20,0x08,
  0x00,0x00,0x00,0x00,0x00,0x00,0x00,0x00,0x20,0x00,0x00,0x00,0x01,0x00,0x20,0x08,
  0x00,0x00,0x00,0x00,0x00,0x00,0x00,0x00,0x61,0x08,0x24,0x29,0xfc,0xe6,0xff,0xff,
  0xff,0xff,0xff,0xff,0xff,0xff,0xff,0xff,0xbe,0xf7,0x24,0x29,0xc8,0x41,0x50,0xe4,
  0xf7,0xfd,0x99,0xfe,0x9a,0xfe,0x79,0xfe,0x99,0xfe,0x99,0xfe,0x9a,0xfe,0x78,0xfe,
  0x91,0xec,0xf2,0xf4,0x79,0xfe,0xf3,0xfc,0x91,0xf4,0x6c,0xc3,0x91,0xf4,0xca,0x9a,
  0x82,0x20,0x00,0x00,0x00,0x00,0x00,0x00,0x20,0x00,0x00,0x00,0x01,0x00,0x20,0x08,
  0x00,0x00,0x00,0x00,0x00,0x00,0x00,0x00,0x20,0x00,0x00,0x00,0x01,0x00,0x20,0x08,
  0x00,0x00,0x00,0x00,0x00,0x00,0x00,0x00,0x20,0x00,0x00,0x00,0x01,0x00,0x20,0x08,
  0x00,0x00,0x00,0x00,0x00,0x00,0x00,0x00,0x20,0x00,0x00,0x00,0x01,0x00,0x20,0x08,
  0x00,0x00,0x00,0x00,0x00,0x00,0x00,0x00,0x20,0x00,0x00,0x00,0x01,0x00,0x20,0x08,
  0x00,0x00,0x00,0x00,0x00,0x00,0x00,0x00,0x20,0x00,0x00,0x00,0x01,0x00,0x20,0x08,
  0x00,0x00,0x00,0x00,0x00,0x00,0x00,0x00,0x20,0x00,0x00,0x00,0x01,0x00,0x20,0x08,
  0x00,0x00,0x00,0x00,0x00,0x08,0x00,0x00,0x00,0x00,0x00,0x00,0x00,0x00,0x01,0x00,
  0x00,0x00,0x00,0x00,0x00,0x08,0x00,0x00,0x00,0x00,0x00,0x00,0x00,0x00,0x01,0x00,
  0x00,0x00,0x00,0x00,0x00,0x08,0x00,0x00,0x00,0x00,0x00,0x00,0x00,0x00,0xff,0x01,
  0x00,0x41,0x10,0x52,0x8c,0xff,0xff,0xff,0xff,0xff,0xff,0xff,0xff,0xff,0xff,0xff,
  0xff,0xff,0xff,0x3d,0xe7,0x45,0x31,0x25,0x39,0x38,0xee,0x99,0xfe,0x79,0xfe,0x9a,
  0xfe,0x99,0xfe,0x9a,0xfe,0x99,0xfe,0x9a,0xfe,0x58,0xfe,0x50,0xec,0x0f,0xf4,0x34,
  0xfd,0xd5,0xfd,0xf7,0xf5,0xb5,0xfd,0xf3,0xf4,0xee,0xeb,0xc6,0x59,0x00,0x00,0x01,
  0x00,0x00,0x00,0x00,0x00,0x00,0x08,0x00,0x00,0x00,0x00,0x00,0x00,0x00,0x00,0x01,
  0x00,0x00,0x00,0x00,0x00,0x00,0x08,0x00,0x00,0x00,0x00,0x00,0x00,0x00,0x00,0x01,
  0x00,0x00,0x00,0x00,0x00,0x00,0x08,0x00,0x00,0x00,0x00,0x00,0x00,0x00,0x00,0x01,
  0x00,0x00,0x00,0x00,0x00,0x00,0x08,0x00,0x00,0x00,0x00,0x00,0x00,0x00,0x00,0x01,
  0x00,0x00,0x00,0x00,0x00,0x00,0x08,0x00,0x00,0x00,0x00,0x00,0x00,0x00,0x00,0x01,
  0x00,0x00,0x00,0x00,0x00,0x00,0x08,0x00,0x00,0x00,0x00,0x00,0x00,0x00,0x00,0x01,
  0x00,0x00,0x00,0x00,0x00,0x00,0x08,0x00,0x00,0x00,0x00,0x00,0x08,0x00,0x00,0x00,
  0x00,0x20,0x00,0x00,0x00,0x00,0x00,0x20,0x00,0x01,0x00,0x00,0x08,0x00,0x00,0x00,
  0x00,0x20,0x00,0x00,0x00,0x00,0x00,0x20,0x00,0x01,0x00,0x00,0x08,0x00,0x00,0x00,
  0x00,0x20,0x00,0x00,0x00,0x00,0x00,0xa2,0x10,0x25,0x29,0x3d,0xef,0xff,0xff,0xff,
  0xff,0xff,0xff,0xff,0xff,0xff,0xff,0xff,0xff,0xff,0xff,0xff,0xff,0x9e,0xf7,0x86,
  0x39,0x92,0xac,0x99,0xfe,0x99,0xfe,0x99,0xfe,0x7a,0xfe,0x99,0xfe,0xff,0x9a,0xfe,
  0x79,0xfe,0x99,0xfe,0xb5,0xfd,0x74,0xf5,0x99,0xfe,0x7a,0xfe,0x99,0xfe,0x9a,0xfe,
  0x79,0xfe,0x95,0xfd,0x4f,0xf4,0xe7,0x59,0x20,0x00,0x01,0x00,0x00,0x08,0x00,0x00,
  0x00,0x00,0x20,0x00,0x00,0x00,0x00,0x00,0x20,0x00,0x01,0x00,0x00,0x08,0x00,0x00,
  0x00,0x00,0x20,0x00,0x00,0x00,0x00,0x00,0x20,0x00,0x01,0x00,0x00,0x08,0x00,0x00,
  0x00,0x00,0x20,0x00,0x00,0x00,0x00,0x00,0x20,0x00,0x01,0x00,0x00,0x08,0x00,0x00,
  0x00,0x00,0x20,0x00,0x00,0x00,0x00,0x00,0x20,0x00,0x01,0x00,0x00,0x08,0x00,0x00,
  0x00,0x00,0x20,0x00,0x00,0x00,0x00,0x00,0x20,0x00,0x01,0x00,0x00,0x08,0x00,0x00,
  0x00,0x00,0x20,0x00,0x00,0x00,0x00,0x00,0x20,0x00,0x01,0x00,0x00,0x08,0x00,0x00,
  0x00,0x00,0x20,0x00,0x00,0x00,0x00,0x00,0x00,0x00,0x00,0x00,0x01,0x00,0x00,0x00,
  0x00,0x00,0x00,0x08,0x00,0x00,0x00,0x00,0x00,0x00,0x00,0x00,0x01,0x00,0x00,0x00,
  0x00,0x00,0x00,0x08,0x00,0x00,0x00,0x00,0x00,0x00,0x00,0x00,0x62,0x10,0xc3,0x18,
  0x82,0x10,0x76,0xb5,0xff,0xff,0xff,0xff,0xbf,0xf7,0xd7,0xc5,0xdf,0xff,0xff,0xff,
  0xff,0xff,0xff,0xff,0xff,0xff,0xff,0xff,0x31,0x84,0xe4,0x30,0x39,0xee,0x99,0xfe,
  0x9a,0xfe,0x99,0xfe,0x9a,0xfe,0x79,0xfe,0x99,0xfe,0x99,0xfe,0x7a,0xfe,0x99,0xfe,
  0x9a,0xfe,0x99,0xfe,0x9a,0xfe,0x79,0xfe,0x99,0xfe,0x79,0xfe,0xb2,0xf4,0x27,0x72,
  0x00,0x00,0x00,0x08,0x00,0x00,0x00,0x00,0x00,0x00,0x00,0x00,0xff,0x01,0x00,0x00,
  0x00,0x00,0x00,0x00,0x08,0x00,0x00,0x00,0x00,0x00,0x00,0x00,0x00,0x01,0x00,0x00,
  0x00,0x00,0x00,0x00,0x08,0x00,0x00,0x00,0x00,0x00,0x00,0x00,0x00,0x01,0x00,0x00,
  0x00,0x00,0x00,0x00,0x08,0x00,0x00,0x00,0x00,0x00,0x00,0x00,0x00,0x01,0x00,0x00,
  0x00,0x00,0x00,0x00,0x08,0x00,0x00,0x00,0x00,0x00,0x00,0x00,0x00,0x01,0x00,0x00,
  0x00,0x00,0x00,0x00,0x08,0x00,0x00,0x00,0x00,0x00,0x00,0x00,0x00,0x01,0x00,0x00,
  0x00,0x00,0x00,0x00,0x08,0x00,0x00,0x00,0x00,0x00,0x00,0x00,0x00,0x00,0x00,0x00,
  0x00,0x20,0x00,0x00,0x00,0x00,0x00,0x01,0x00,0x00,0x08,0x20,0x00,0x00,0x00,0x00,
  0x00,0x20,0x00,0x00,0x00,0x00,0x00,0x01,0x00,0x00,0x08,0x20,0x00,0x00,0x00,0x00,
  0x00,0x20,0x00,0xa3,0x18,0x41,0x08,0x25,0x29,0x45,0x31,0xff,0xff,0xff,0xff,0xff,
  0xff,0x7d,0xf7,0x25,0x29,0xc7,0x39,0x9f,0xf7,0xff,0xff,0xff,0xff,0xff,0xff,0xff,
  0xff,0x9e,0xf7,0x2d,0x6b,0x17,0xe6,0x9a,0xfe,0x79,0xfe,0x9a,0xfe,0x99,0xfe,0x9a,
  0xfe,0x99,0xfe,0x79,0xfe,0x99,0xfe,0x9a,0xfe,0x79,0xfe,0x9a,0xfe,0x99,0xfe,0x9a,
  0xfe,0x99,0xfe,0x79,0xfe,0xb5,0xfd,0x51,0xf4,0x00,0x08,0x20,0x00,0x00,0x00,0x00,
  0x00,0x20,0x00,0x00,0x00,0x00,0x00,0x01,0x00,0x00,0x08,0x20,0x00,0x00,0x00,0x00,
  0x00,0x20,0x00,0x00,0x00,0x00,0x00,0x01,0x00,0x00,0x08,0x20,0x00,0x00,0x00,0x00,
  0x00,0x20,0x00,0x00,0x00,0x00,0x00,0x01,0x00,0x00,0x08,0xff,0x20,0x00,0x00,0x00,
  0x00,0x00,0x20,0x00,0x00,0x00,0x00,0x00,0x01,0x00,0x00,0x08,0x20,0x00,0x00,0x00,
  0x00,0x00,0x20,0x00,0x00,0x00,0x00,0x00,0x01,0x00,0x00,0x08,0x20,0x00,0x00,0x00,
  0x00,0x00,0x20,0x00,0x00,0x00,0x00,0x00,0x01,0x00,0x00,0x08,0x20,0x00,0x00,0x00,
  0x00,0x00,0x20,0x00,0x00,0x00,0x00,0x00,0x00,0x00,0x01,0x00,0x00,0x00,0x00,0x00,
  0x00,0x08,0x00,0x00,0x00,0x00,0x00,0x00,0x00,0x00,0x01,0x00,0x00,0x00,0x00,0x00,
  0x00,0x08,0x00,0x00,0x00,0x00,0x00,0x00,0x00,0x00,0x62,0x10,0x86,0x31,0xd3,0x9c,
  0x45,0x31,0xec,0x5a,0xff,0xff,0xff,0xff,0xff,0xff,0xff,0xff,0x7d,0xf7,0x08,0x42,
  0x6e,0x73,0xff,0xff,0xff,0xff,0xff,0xff,0xff,0xff,0xff,0xff,0xb6,0xbd,0x35,0xc5,
  0x79,0xfe,0x9a,0xfe,0x99,0xfe,0x79,0xfe,0x99,0xfe,0x9a,0xfe,0x99,0xfe,0x9a,0xfe,
  0x99,0xfe,0x9a,0xfe,0x99,0xfe,0x79,0xfe,0x99,0xfe,0x9a,0xfe,0x99,0xfe,0x17,0xfe,
  0x2f,0xf4,0x00,0x00,0x00,0x00,0x00,0x00,0x00,0x00,0x01,0x00,0x00,0x00,0x00,0x00,
  0x00,0x08,0x00,0x00,0x00,0x00,0x00,0x00,0x00,0x00,0x01,0x00,0x00,0x00,0x00,0x00,
  0x00,0x08,0x00,0x00,0x00,0x00,0x00,0x00,0x00,0x00,0x01,0x00,0x00,0x00,0x00,0x00,
  0x00,0x08,0x00,0x00,0x00,0x00,0x00,0x00,0x00,0x00,0x01,0x00,0x00,0x00,0x00,0x00,
  0x00,0x08,0x00,0x00,0x00,0x00,0x00,0x00,0x00,0x00,0x01,0x00,0x00,0x00,0x00,0x00,
  0x00,0x08,0x00,0x00,0x00,0x00,0x00,0x00,0x00,0x00,0xff,0x01,0x00,0x00,0x00,0x00,
  0x00,0x00,0x08,0x00,0x00,0x00,0x00,0x00,0x00,0x00,0x00,0x01,0x00,0x00,0x00,0x00,
  0x00,0x00,0x00,0x00,0x00,0x21,0x00,0x00,0x08,0x00,0x00,0x20,0x00,0x00,0x00,0x00,
  0x00,0x00,0x00,0x00,0x00,0x21,0x00,0x00,0x08,0x00,0x00,0x20,0x00,0x00,0x00,0x00,
  0x00,0x00,0x00,0x00,0x00,0xa3,0x10,0x62,0x10,0xec,0x5a,0xbe,0xff,0xff,0xff,0xff,
  0xff,0xff,0xff,0xff,0xff,0xff,0xff,0x59,0xd6,0xc3,0x18,0xd3,0x9c,0x5e,0xef,0xff,
  0xff,0xff,0xff,0x1c,0xe7,0x86,0x31,0xec,0x8a,0xba,0xfe,0xb9,0xfe,0x9a,0xfe,0x99,
  0xfe,0x99,0xfe,0x79,0xfe,0xba,0xfe,0x99,0xfe,0x9a,0xfe,0x99,0xfe,0x7a,0xfe,0x99,
  0xfe,0x99,0xfe,0x79,0xfe,0x9a,0xfe,0x17,0xfe,0x30,0xec,0x20,0x00,0x00,0x00,0x00,
  0x00,0x00,0x00,0x00,0x00,0x21,0x00,0x00,0x08,0x00,0x00,0x20,0x00,0x00,0x00,0x00,
  0x00,0x00,0x00,0x00,0x00,0x21,0x00,0x00,0x08,0x00,0x00,0x20,0x00,0x00,0x00,0x00,
  0x00,0x00,0x00,0x00,0x00,0x21,0x00,0x00,0x08,0x00,0x00,0x20,0x00,0x00,0x00,0x00,
  0x00,0x00,0x00,0x00,0x00,0x21,0x00,0x00,0x08,0x00,0x00,0x20,0x00,0x00,0x00,0x00,
  0x00,0x00,0x00,0x00,0x00,0x21,0x00,0x00,0x08,0x00,0x00,0x20,0x00,0x00,0x00,0x00,
  0x00,0x00,0x00,0x00,0x00,0x21,0x00,0x00,0x08,0x00,0x00,0x20,0x00,0x00,0x00,0x00,
  0x00,0x00,0x00,0x00,0x00,0x21,0x00,0x01,0x00,0x00,0x00,0x00,0x00,0x00,0x08,0x00,
  0x00,0x00,0x00,0x00,0x00,0x00,0x00,0x01,0x00,0xff,0x00,0x00,0x00,0x00,0x00,0x08,
  0x00,0x00,0x00,0x00,0x00,0x00,0x00,0x00,0x01,0x00,0x00,0x00,0x00,0x00,0x04,0x29,
  0xc8,0x39,0xbe,0xff,0xff,0xff,0xff,0xff,0xff,0xff,0xff,0xff,0xff,0xff,0xff,0xff,
  0xff,0xff,0xd7,0xbd,0x25,0x29,0x45,0x31,0xfc,0xde,0x55,0xad,0xc8,0x39,0xa3,0x28,
  0x55,0xe5,0x99,0xfe,0x99,0xfe,0x99,0xfe,0x9a,0xfe,0x99,0xfe,0x9a,0xfe,0x99,0xfe,
  0x9a,0xfe,0x99,0xfe,0x99,0xfe,0x99,0xfe,0x9a,0xfe,0x99,0xfe,0x9a,0xfe,0x99,0xfe,
  0x75,0xfd,0x4f,0xf4,0x00,0x00,0x00,0x00,0x01,0x00,0x00,0x00,0x00,0x00,0x00,0x08,
  0x00,0x00,0x00,0x00,0x00,0x00,0x00,0x00,0x01,0x00,0x00,0x00,0x00,0x00,0x00,0x08,
  0x00,0x00,0x00,0x00,0x00,0x00,0x00,0x00,0x01,0x00,0x00,0x00,0x00,0x00,0x00,0x08,
  0x00,0x00,0x00,0x00,0x00,0x00,0x00,0x00,0x01,0x00,0x00,0x00,0x00,0x00,0x00,0x08,
  0x00,0x00,0x00,0x00,0x00,0x00,0x00,0x00,0x01,0x00,0x00,0x00,0x00,0x00,0x00,0x08,
  0x00,0x00,0x00,0x00,0x00,0x00,0x00,0x00,0x01,0x00,0x00,0x00,0x00,0x00,0x00,0x08,
  0x00,0x00,0x00,0x00,0x00,0x00,0x00,0x00,0x01,0x00,0x00,0x00,0x00,0x00,0x00,0x08,
  0x00,0x00,0x01,0x00,0x20,0x08,0x00,0x00,0x00,0x00,0x00,0x00,0x00,0x00,0x20,0x00,
  0x00,0x00,0x01,0x00,0x20,0x08,0x00,0x00,0x00,0x00,0x00,0x00,0x00,0x00,0x20,0x00,
  0x00,0x00,0x01,0x00,0xa2,0x18,0xc4,0x18,0xdb,0xde,0xff,0xff,0xff,0xff,0xff,0xff,
  0xff,0xff,0xff,0xff,0xff,0xff,0xff,0xff,0xff,0xff,0xff,0xff,0xff,0xbe,0xff,0x7e,
  0xef,0x38,0xce,0x46,0x29,0x4d,0x73,0xd3,0xc4,0x70,0xf4,0x59,0xfe,0x79,0xfe,0x99,
  0xfe,0x99,0xfe,0x9a,0xfe,0x99,0xfe,0x7a,0xfe,0x99,0xfe,0x9a,0xfe,0x79,0xfe,0x99,
  0xfe,0x99,0xfe,0x9a,0xfe,0x99,0xfe,0x59,0xfe,0x91,0xfc,0x6d,0xab,0x00,0x00,0x20,
  0x00,0x00,0x00,0x01,0x00,0x20,0x08,0x00,0x00,0x00,0x00,0x00,0x00,0x00,0x00,0x20,
  0x00,0x00,0x00,0x01,0x00,0x20,0x08,0x00,0x00,0x00,0x00,0x00,0x00,0x00,0x00,0x20,
  0x00,0x00,0x00,0x01,0x00,0x20,0x08,0x00,0x00,0x00,0x00,0x00,0x00,0x00,0x00,0x20,
  0x00,0x00,0x00,0x01,0x00,0x20,0x08,0x00,0x00,0x00,0x00,0x00,0x00,0x00,0x00,0x20,
  0x00,0x00,0x00,0x01,0x00,0x20,0x08,0x00,0x00,0x00,0x00,0x00,0x00,0x00,0x00,0x20,
  0x00,0x00,0x00,0x01,0x00,0x20,0x08,0x00,0x00,0x00,0x00,0x00,0x00,0x00,0x00,0x20,
  0x00,0x00,0x00,0x01,0x00,0x20,0x08,0x00,0x00,0x00,0x00,0x00,0x08,0x00,0x00,0x00,
  0x00,0x00,0x00,0x00,0x00,0x01,0x00,0x00,0x00,0x00,0x00,0x00,0x08,0x00,0x00,0x00,
  0x00,0x00,0x00,0x00,0x00,0x01,0x00,0x00,0x00,0x00,0x00,0x00,0x08,0x82,0x10,0xf0,
  0x83,0xff,0xff,0xff,0xff,0xff,0xff,0xff,0xff,0xff,0xff,0xff,0xff,0xff,0xff,0xff,
  0xff,0xff,0xff,0xff,0xff,0xff,0xff,0xff,0xff,0xff,0xff,0xdf,0xff,0xff,0xff,0xff,
  0xff,0xd2,0xec,0xd2,0xfc,0x79,0xfe,0x99,0xfe,0x7a,0xfe,0x99,0xfe,0x9a,0xfe,0x99,
  0xfe,0x99,0xfe,0x79,0xfe,0x9a,0xfe,0xff,0x99,0xfe,0x7a,0xfe,0x99,0xfe,0x79,0xfe,
  0x53,0xfd,0x50,0xf4,0x00,0x18,0x01,0x00,0x00,0x00,0x00,0x00,0x00,0x08,0x00,0x00,
  0x00,0x00,0x00,0x00,0x00,0x00,0x01,0x00,0x00,0x00,0x00,0x00,0x00,0x08,0x00,0x00,
  0x00,0x00,0x00,0x00,0x00,0x00,0x01,0x00,0x00,0x00,0x00,0x00,0x00,0x08,0x00,0x00,
  0x00,0x00,0x00,0x00,0x00,0x00,0x01,0x00,0x00,0x00,0x00,0x00,0x00,0x08,0x00,0x00,
  0x00,0x00,0x00,0x00,0x00,0x00,0x01,0x00,0x00,0x00,0x00,0x00,0x00,0x08,0x00,0x00,
  0x00,0x00,0x00,0x00,0x00,0x00,0x01,0x00,0x00,0x00,0x00,0x00,0x00,0x08,0x00,0x00,
  0x00,0x00,0x00,0x00,0x00,0x00,0x01,0x00,0x00,0x00,0x00,0x00,0x00,0x08,0x00,0x00,
  0x00,0x00,0x00,0x08,0x00,0x00,0x00,0x00,0x20,0x00,0x00,0x00,0x00,0x00,0x20,0x00,
  0x01,0x00,0x00,0x08,0x00,0x00,0x00,0x00,0x20,0x00,0x00,0x00,0x00,0x00,0x20,0x00,
  0x01,0x00,0x00,0x08,0x00,0x00,0xe4,0x20,0x5d,0xef,0xff,0xff,0xff,0xff,0xff,0xff,
  0xff,0xff,0xff,0xff,0xff,0xff,0xff,0xff,0xff,0xff,0xff,0xff,0xff,0xff,0xff,0xff,
  0xff,0xff,0xff,0xff,0xff,0xff,0xff,0xff,0xff,0xff,0x9d,0xff,0x50,0xec,0x33,0xfd,
  0x59,0xfe,0x99,0xfe,0x9a,0xfe,0x79,0xfe,0x9a,0xfe,0x99,0xfe,0x99,0xfe,0x99,0xfe,
  0x7a,0xfe,0x99,0xfe,0x38,0xfe,0xf2,0xfc,0x0f,0xec,0x24,0x41,0x00,0x00,0x20,0x00,
  0x01,0x00,0x00,0x08,0x00,0x00,0x00,0x00,0x20,0x00,0x00,0x00,0x00,0x00,0x20,0x00,
  0x01,0x00,0x00,0x08,0x00,0x00,0xff,0x00,0x00,0x20,0x00,0x00,0x00,0x00,0x00,0x20,
  0x00,0x01,0x00,0x00,0x08,0x00,0x00,0x00,0x00,0x20,0x00,0x00,0x00,0x00,0x00,0x20,
  0x00,0x01,0x00,0x00,0x08,0x00,0x00,0x00,0x00,0x20,0x00,0x00,0x00,0x00,0x00,0x20,
  0x00,0x01,0x00,0x00,0x08,0x00,0x00,0x00,0x00,0x20,0x00,0x00,0x00,0x00,0x00,0x20,
  0x00,0x01,0x00,0x00,0x08,0x00,0x00,0x00,0x00,0x20,0x00,0x00,0x00,0x00,0x00,0x20,
  0x00,0x01,0x00,0x00,0x08,0x00,0x00,0x00,0x00,0x20,0x00,0x00,0x00,0x00,0x00,0x00,
  0x00,0x00,0x00,0x01,0x00,0x00,0x00,0x00,0x00,0x00,0x08,0x00,0x00,0x00,0x00,0x00,
  0x00,0x00,0x00,0x01,0x00,0x00,0x00,0x00,0x00,0x00,0x08,0x00,0x00,0x00,0x00,0x83,
  0x10,0xd7,0xc5,0x19,0xc6,0x1c,0xe7,0xff,0xff,0xff,0xff,0xff,0xff,0xff,0xff,0xff,
  0xff,0xff,0xff,0xff,0xff,0xff,0xff,0xff,0xff,0xff,0xff,0xff,0xff,0xff,0xff,0xff,
  0xff,0xff,0xff,0xff,0xff,0x3b,0xff,0x71,0xec,0x12,0xfd,0x79,0xfe,0x79,0xfe,0x99,
  0xfe,0x99,0xfe,0x7a,0xfe,0x99,0xfe,0x99,0xfe,0x78,0xfe,0xb6,0xfd,0x70,0xf4,0xee,
  0xd3,0x82,0x20,0x01,0x00,0x00,0x00,0x00,0x00,0x00,0x08,0x00,0x00,0x00,0x00,0x00,
  0x00,0x00,0x00,0x01,0x00,0x00,0x00,0x00,0x00,0x00,0x08,0x00,0x00,0x00,0x00,0x00,
  0x00,0x00,0x00,0x01,0x00,0x00,0x00,0x00,0x00,0x00,0x08,0x00,0x00,0x00,0x00,0x00,
  0x00,0x00,0x00,0x01,0x00,0x00,0x00,0x00,0x00,0x00,0x08,0x00,0x00,0x00,0x00,0x00,
  0x00,0x00,0x00,0x01,0x00,0xff,0x00,0x00,0x00,0x00,0x00,0x08,0x00,0x00,0x00,0x00,
  0x00,0x00,0x00,0x00,0x01,0x00,0x00,0x00,0x00,0x00,0x00,0x08,0x00,0x00,0x00,0x00,
  0x00,0x00,0x00,0x00,0x01,0x00,0x00,0x00,0x00,0x00,0x00,0x08,0x00,0x00,0x00,0x00,
  0x00,0x00,0x00,0x00,0x00,0x00,0x00,0x00,0x20,0x00,0x00,0x00,0x00,0x00,0x01,0x00,
  0x00,0x08,0x20,0x00,0x00,0x00,0x00,0x00,0x20,0x00,0x00,0x00,0x00,0x00,0x01,0x00,
  0x00,0x08,0x20,0x00,0x00,0x00,0x00,0x00,0x20,0x00,0xa3,0x10,0x41,0x08,0xc8,0x39,
  0x72,0x94,0x1c,0xdf,0xbe,0xff,0xff,0xff,0xdf,0xff,0x76,0xb5,0x34,0xad,0xdc,0xde,
  0x96,0xbd,0x55,0xa5,0xf4,0xa4,0xfc,0xe6,0xff,0xff,0xff,0xff,0xff,0xff,0xff,0xff,
  0xfb,0xfe,0x91,0xe4,0xb1,0xfc,0x18,0xfe,0x99,0xfe,0x79,0xfe,0x99,0xfe,0x79,0xfe,
  0x95,0xfd,0x91,0xf4,0x2f,0xf4,0x50,0xcc,0xc6,0x51,0x00,0x00,0x00,0x00,0x01,0x00,
  0x00,0x08,0x20,0x00,0x00,0x00,0x00,0x00,0x20,0x00,0x00,0x00,0x00,0x00,0x01,0x00,
  0x00,0x08,0x20,0x00,0x00,0x00,0x00,0x00,0x20,0x00,0x00,0x00,0x00,0x00,0x01,0x00,
  0x00,0x08,0x20,0x00,0x00,0x00,0x00,0x00,0x20,0x00,0x00,0x00,0x00,0x00,0x01,0x00,
  0x00,0x08,0x20,0x00,0x00,0x00,0x00,0x00,0x20,0x00,0x00,0x00,0x00,0x00,0x01,0x00,
  0x00,0x08,0x20,0x00,0x00,0x00,0x00,0x00,0x20,0x00,0x00,0x00,0x00,0x00,0x01,0x00,
  0x00,0x08,0x20,0x00,0x00,0x00,0x00,0x00,0x20,0x00,0x00,0x00,0x00,0x00,0x01,0x00,
  0x00,0x08,0x20,0x00,0xff,0x00,0x00,0x00,0x00,0x20,0x00,0x00,0x00,0x00,0x00,0x00,
  0x00,0x01,0x00,0x00,0x00,0x00,0x00,0x00,0x08,0x00,0x00,0x00,0x00,0x00,0x00,0x00,
  0x00,0x01,0x00,0x00,0x00,0x00,0x00,0x00,0x08,0x00,0x00,0x00,0x00,0x00,0x00,0x00,
  0x00,0x01,0x00,0x00,0x00,0x02,0x00,0xe4,0x28,0x62,0x10,0xa3,0x18,0x25,0x29,0xcf,
  0x83,0x29,0x4a,0x61,0x10,0xe4,0x18,0x82,0x18,0xa3,0x18,0x41,0x10,0x62,0x08,0x82,
  0x18,0x46,0x29,0x10,0x84,0x7e,0xef,0xff,0xff,0xff,0xff,0x3c,0xff,0xd2,0xec,0x4f,
  0xf4,0x34,0xfd,0xf2,0xfc,0x91,0xf4,0x0f,0xf4,0x30,0xdc,0x68,0x82,0xc3,0x28,0x00,
  0x00,0x01,0x00,0x00,0x00,0x00,0x00,0x00,0x08,0x00,0x00,0x00,0x00,0x00,0x00,0x00,
  0x00,0x01,0x00,0x00,0x00,0x00,0x00,0x00,0x08,0x00,0x00,0x00,0x00,0x00,0x00,0x00,
  0x00,0x01,0x00,0x00,0x00,0x00,0x00,0x00,0x08,0x00,0x00,0x00,0x00,0x00,0x00,0x00,
  0x00,0x01,0x00,0x00,0x00,0x00,0x00,0x00,0x08,0x00,0x00,0x00,0x00,0x00,0x00,0x00,
  0x00,0x01,0x00,0x00,0x00,0x00,0x00,0x00,0x08,0x00,0x00,0x00,0x00,0x00,0x00,0x00,
  0x00,0x01,0x00,0x00,0x00,0x00,0x00,0x00,0x08,0x00,0x00,0x00,0x00,0x00,0x00,0x00,
  0x00,0x01,0x00,0x00,0x00,0x00,0x00,0x00,0x08,0x00,0x00,0x00,0x00,0x00,0x00,0x00,
  0x00,0x01,0x00,0x00,0x00,0x00,0x00,0x00,0x00,0x00,0x00,0x21,0x00,0x00,0x08,0x00,
  0x00,0x20,0x00,0x00,0x00,0x00,0x00,0x00,0x00,0x00,0x00,0x21,0x00,0x00,0x08,0x00,
  0x00,0x20,0x00,0xff,0x00,0x00,0x00,0x00,0x00,0x00,0x00,0x00,0x21,0x00,0x00,0x08,
  0x00,0x00,0x20,0x00,0x46,0x29,0x00,0x00,0x00,0x00,0x00,0x00,0x21,0x00,0x00,0x08,
  0x41,0x00,0x20,0x00,0x00,0x00,0x00,0x00,0x00,0x00,0x20,0x08,0x82,0x10,0x86,0x39,
  0xbf,0xf7,0xff,0xff,0xff,0xff,0xff,0xff,0x79,0xee,0x75,0xed,0x34,0xe5,0xf6,0xfd,
  0x51,0xa4,0x04,0x29,0x00,0x00,0x00,0x00,0x00,0x00,0x00,0x00,0x21,0x00,0x00,0x08,
  0x00,0x00,0x20,0x00,0x00,0x00,0x00,0x00,0x00,0x00,0x00,0x00,0x21,0x00,0x00,0x08,
  0x00,0x00,0x20,0x00,0x00,0x00,0x00,0x00,0x00,0x00,0x00,0x00,0x21,0x00,0x00,0x08,
  0x00,0x00,0x20,0x00,0x00,0x00,0x00,0x00,0x00,0x00,0x00,0x00,0x21,0x00,0x00,0x08,
  0x00,0x00,0x20,0x00,0x00,0x00,0x00,0x00,0x00,0x00,0x00,0x00,0x21,0x00,0x00,0x08,
  0x00,0x00,0x20,0x00,0x00,0x00,0x00,0x00,0x00,0x00,0x00,0x00,0x21,0x00,0x00,0x08,
  0x00,0x00,0x20,0x00,0x00,0x00,0x00,0x00,0x00,0x00,0x00,0x00,0x21,0x00,0x00,0x08,
  0x00,0x00,0x20,0x00,0x00,0x00,0x00,0x00,0x00,0x00,0x00,0x00,0x21,0x00,0x01,0x00,
  0x00,0x00,0x00,0x00,0x00,0x08,0x00,0x00,0x00,0x00,0x00,0x00,0x00,0x00,0x01,0x00,
  0x00,0x00,0x00,0x00,0x00,0x08,0x00,0x00,0x00,0x00,0x00,0x00,0x00,0x00,0x01,0x00,
  0x00,0x00,0x00,0x00,0x00,0x08,0x00,0x00,0x00,0x00,0x00,0x00,0x00,0x00,0x01,0x00,
  0x00,0x00,0x00,0x00,0x00,0x08,0x00,0x00,0x00,0x00,0x00,0x00,0x00,0x00,0x01,0x00,
  0x00,0x00,0xff,0x00,0x00,0x00,0x08,0xa3,0x18,0xae,0x7b,0xff,0xff,0xff,0xff,0xff,
  0xff,0xff,0xff,0xff,0xff,0xff,0xff,0xff,0xff,0xd7,0xbd,0x62,0x08,0x00,0x00,0x01,
  0x00,0x00,0x00,0x00,0x00,0x00,0x08,0x00,0x00,0x00,0x00,0x00,0x00,0x00,0x00,0x01,
  0x00,0x00,0x00,0x00,0x00,0x00,0x08,0x00,0x00,0x00,0x00,0x00,0x00,0x00,0x00,0x01,
  0x00,0x00,0x00,0x00,0x00,0x00,0x08,0x00,0x00,0x00,0x00,0x00,0x00,0x00,0x00,0x01,
  0x00,0x00,0x00,0x00,0x00,0x00,0x08,0x00,0x00,0x00,0x00,0x00,0x00,0x00,0x00,0x01,
  0x00,0x00,0x00,0x00,0x00,0x00,0x08,0x00,0x00,0x00,0x00,0x00,0x00,0x00,0x00,0x01,
  0x00,0x00,0x00,0x00,0x00,0x00,0x08,0x00,0x00,0x00,0x00,0x00,0x00,0x00,0x00,0x01,
  0x00,0x00,0x00,0x00,0x00,0x00,0x08,0x00,0x00,0x00,0x00,0x00,0x00,0x00,0x00,0x01,
  0x00,0x00,0x00,0x00,0x00,0x00,0x08,0x00,0x00,0x01,0x00,0x20,0x08,0x00,0x00,0x00,
  0x00,0x00,0x00,0x00,0x00,0x20,0x00,0x00,0x00,0x01,0x00,0x20,0x08,0x00,0x00,0x00,
  0x00,0x00,0x00,0x00,0x00,0x20,0x00,0x00,0x00,0x01,0x00,0x20,0x08,0x00,0x00,0x00,
  0x00,0x00,0x00,0x00,0x00,0x20,0x00,0x00,0x00,0x01,0x00,0x20,0x08,0x00,0x00,0x00,
  0x00,0x00,0x00,0x00,0x00,0x20,0x00,0x00,0x00,0x01,0x00,0x20,0x08,0x00,0x00,0x41,
  0x08,0x6a,0x4a,0x7e,0xf7,0xfc,0xde,0xbe,0xff,0xff,0xff,0xff,0xff,0xff,0xff,0xff,
  0xff,0x8f,0x73,0x42,0x10,0x20,0x00,0x00,0x00,0x01,0x00,0x20,0x08,0x00,0x00,0x00,
  0x00,0xff,0x00,0x00,0x00,0x00,0x20,0x00,0x00,0x00,0x01,0x00,0x20,0x08,0x00,0x00,
  0x00,0x00,0x00,0x00,0x00,0x00,0x20,0x00,0x00,0x00,0x01,0x00,0x20,0x08,0x00,0x00,
  0x00,0x00,0x00,0x00,0x00,0x00,0x20,0x00,0x00,0x00,0x01,0x00,0x20,0x08,0x00,0x00,
  0x00,0x00,0x00,0x00,0x00,0x00,0x20,0x00,0x00,0x00,0x01,0x00,0x20,0x08,0x00,0x00,
  0x00,0x00,0x00,0x00,0x00,0x00,0x20,0x00,0x00,0x00,0x01,0x00,0x20,0x08,0x00,0x00,
  0x00,0x00,0x00,0x00,0x00,0x00,0x20,0x00,0x00,0x00,0x01,0x00,0x20,0x08,0x00,0x00,
  0x00,0x00,0x00,0x00,0x00,0x00,0x20,0x00,0x00,0x00,0x01,0x00,0x20,0x08,0x00,0x00,
  0x00,0x00,0x00,0x08,0x00,0x00,0x00,0x00,0x00,0x00,0x00,0x00,0x01,0x00,0x00,0x00,
  0x00,0x00,0x00,0x08,0x00,0x00,0x00,0x00,0x00,0x00,0x00,0x00,0x01,0x00,0x00,0x00,
  0x00,0x00,0x00,0x08,0x00,0x00,0x00,0x00,0x00,0x00,0x00,0x00,0x01,0x00,0x00,0x00,
  0x00,0x00,0x00,0x08,0x00,0x00,0x00,0x00,0x00,0x00,0x00,0x00,0x01,0x00,0x00,0x00,
  0x00,0x00,0x00,0x08,0x00,0x00,0x00,0x00,0x00,0x00,0x00,0x00,0xe4,0x20,0x62,0x10,
  0x46,0x29,0x14,0xad,0xbb,0xd6,0xdf,0xff,0x1c,0xdf,0xc3,0x20,0x42,0x08,0x00,0x00,
  0x00,0x00,0x00,0x08,0x00,0x00,0x00,0x00,0x00,0x00,0x00,0x00,0x01,0x00,0x00,0x00,
  0x00,0x00,0x00,0x08,0x00,0x00,0x00,0x00,0x00,0x00,0x00,0x00,0x01,0x00,0x00,0x00,
  0x00,0x00,0x00,0x08,0x00,0x00,0x00,0x00,0x00,0x00,0x00,0x00,0x01,0x00,0x00,0x00,
  0xff,0x00,0x00,0x00,0x08,0x00,0x00,0x00,0x00,0x00,0x00,0x00,0x00,0x01,0x00,0x00,
  0x00,0x00,0x00,0x00,0x08,0x00,0x00,0x00,0x00,0x00,0x00,0x00,0x00,0x01,0x00,0x00,
  0x00,0x00,0x00,0x00,0x08,0x00,0x00,0x00,0x00,0x00,0x00,0x00,0x00,0x01,0x00,0x00,
  0x00,0x00,0x00,0x00,0x08,0x00,0x00,0x00,0x00,0x00,0x00,0x00,0x00,0x01,0x00,0x00,
  0x00,0x00,0x00,0x00,0x08,0x00,0x00,0x00,0x00,0x00,0x08,0x00,0x00,0x00,0x00,0x20,
  0x00,0x00,0x00,0x00,0x00,0x20,0x00,0x01,0x00,0x00,0x08,0x00,0x00,0x00,0x00,0x20,
  0x00,0x00,0x00,0x00,0x00,0x20,0x00,0x01,0x00,0x00,0x08,0x00,0x00,0x00,0x00,0x20,
  0x00,0x00,0x00,0x00,0x00,0x20,0x00,0x01,0x00,0x00,0x08,0x00,0x00,0x00,0x00,0x20,
  0x00,0x00,0x00,0x00,0x00,0x20,0x00,0x01,0x00,0x00,0x08,0x00,0x00,0x00,0x00,0x20,
  0x00,0x00,0x00,0x00,0x00,0x20,0x00,0x21,0x08,0x82,0x18,0x42,0x08,0x82,0x18,0x08,
  0x42,0x08,0x42,0xc3,0x10,0x20,0x00,0x01,0x00,0x00,0x08,0x00,0x00,0x00,0x00,0x20,
  0x00,0x00,0x00,0x00,0x00,0x20,0x00,0x01,0x00,0x00,0x08,0x00,0x00,0x00,0x00,0x20,
  0x00,0x00,0x00,0x00,0x00,0x20,0x00,0x01,0x00,0x00,0x08,0x00,0x00,0x00,0x00,0x20,
  0x00,0x00,0x00,0x00,0x00,0x20,0x00,0x01,0x00,0x00,0x08,0x00,0x00,0x00,0x00,0x20,
  0x00,0x00,0x00,0x00,0x00,0x20,0x00,0x01,0x00,0x00,0x08,0x00,0x00,0x00,0x00,0x20,
  0x00,0x00,0x00,0x00,0x00,0x20,0x00,0x01,0x00,0x00,0x08,0x00,0x00,0x00,0x00,0xff,
  0x20,0x00,0x00,0x00,0x00,0x00,0x20,0x00,0x01,0x00,0x00,0x08,0x00,0x00,0x00,0x00,
  0x20,0x00,0x00,0x00,0x00,0x00,0x20,0x00,0x01,0x00,0x00,0x08,0x00,0x00,0x00,0x00,
  0x20,0x00,0x00,0x00,0x00,0x00,0x00,0x00,0x00,0x00,0x01,0x00,0x00,0x00,0x00,0x00,
  0x00,0x08,0x00,0x00,0x00,0x00,0x00,0x00,0x00,0x00,0x01,0x00,0x00,0x00,0x00,0x00,
  0x00,0x08,0x00,0x00,0x00,0x00,0x00,0x00,0x00,0x00,0x01,0x00,0x00,0x00,0x00,0x00,
  0x00,0x08,0x00,0x00,0x00,0x00,0x00,0x00,0x00,0x00,0x01,0x00,0x00,0x00,0x00,0x00,
  0x00,0x08,0x00,0x00,0x00,0x00,0x00,0x00,0x00,0x00,0x01,0x00,0x00,0x00,0x00,0x00,
  0x00,0x08,0x00,0x00,0x00,0x00,0x00,0x00,0x41,0x10,0x01,0x00,0x00,0x00,0x00,0x00,
  0x00,0x08,0x00,0x00,0x00,0x00,0x00,0x00,0x00,0x00,0x01,0x00,0x00,0x00,0x00,0x00,
  0x00,0x08,0x00,0x00,0x00,0x00,0x00,0x00,0x00,0x00,0x01,0x00,0x00,0x00,0x00,0x00,
  0x00,0x08,0x00,0x00,0x00,0x00,0x00,0x00,0x00,0x00,0x01,0x00,0x00,0x00,0x00,0x00,
  0x00,0x08,0x00,0x00,0x00,0x00,0x00,0x00,0x00,0x00,0x01,0x00,0x00,0x00,0x00,0x00,
  0x00,0x08,0x00,0x00,0x00,0x00,0x00,0x00,0x00,0x00,0x01,0x00,0x00,0x00,0x00,0x00,
  0x00,0x08,0x00,0x00,0x00,0x00,0x00,0x00,0x00,0x00,0x01,0x00,0x00,0x00,0x00,0x00,
  0x00,0x08,0x00,0x00,0x00,0x00,0x00,0x00,0x00,0x00,0x01,0x00,0x00,0x00,0x00,0x00,
  0x00,0x08,0x00,0x00,0x00,0x00,0x00,0x00,0x00,0x00,0x00,0x00,0x00,0x00,0xff,0x20,
  0x00,0x00,0x00,0x00,0x00,0x01,0x00,0x00,0x08,0x20,0x00,0x00,0x00,0x00,0x00,0x20,
  0x00,0x00,0x00,0x00,0x00,0x01,0x00,0x00,0x08,0x20,0x00,0x00,0x00,0x00,0x00,0x20,
  0x00,0x00,0x00,0x00,0x00,0x01,0x00,0x00,0x08,0x20,0x00,0x00,0x00,0x00,0x00,0x20,
  0x00,0x00,0x00,0x00,0x00,0x01,0x00,0x00,0x08,0x20,0x00,0x00,0x00,0x00,0x00,0x20,
  0x00,0x00,0x00,0x00,0x00,0x01,0x00,0x00,0x08,0x20,0x00,0x00,0x00,0x00,0x00,0x20,
  0x00,0x00,0x00,0x00,0x00,0x01,0x00,0x00,0x08,0x20,0x00,0x00,0x00,0x00,0x00,0x20,
  0x00,0x00,0x00,0x00,0x00,0x01,0x00,0x00,0x08,0x20,0x00,0x00,0x00,0x00,0x00,0x20,
  0x00,0x00,0x00,0x00,0x00,0x01,0x00,0x00,0x08,0x20,0x00,0x00,0x00,0x00,0x00,0x20,
  0x00,0x00,0x00,0x00,0x00,0x01,0x00,0x00,0x08,0x20,0x00,0x00,0x00,0x00,0x00,0x20,
  0x00,0x00,0x00,0x00,0x00,0x01,0x00,0x00,0x08,0x20,0x00,0x00,0x00,0x00,0x00,0x20,
  0x00,0x00,0x00,0x00,0x00,0x01,0x00,0x00,0x08,0x20,0x00,0x00,0x00,0x00,0x00,0x20,
  0x00,0x00,0x00,0x00,0x00,0x01,0x00,0x00,0x08,0x20,0x00,0x00,0x00,0x00,0x00,0x20,
  0x00,0x00,0x00,0x00,0x00,0x01,0x00,0x00,0x08,0x20,0x00,0x00,0x00,0x00,0x00,0x20,
  0x00,0x00,0x00,0x00,0x00,0x00,0x00,0x01,0x00,0x00,0x00,0x00,0x00,0x00,0x08,0x00,
  0x00,0x00,0x00,0x00,0x00,0x00,0x00,0x01,0x00,0x00,0x00,0x00,0x00,0x00,0x08,0x00,
  0x00,0x00,0x00,0x00,0x00,0x00,0x00,0x01,0x00,0x00,0x00,0x00,0x00,0xff,0x00,0x08,
  0x00,0x00,0x00,0x00,0x00,0x00,0x00,0x00,0x01,0x00,0x00,0x00,0x00,0x00,0x00,0x08,
  0x00,0x00,0x00,0x00,0x00,0x00,0x00,0x00,0x01,0x00,0x00,0x00,0x00,0x00,0x00,0x08,
  0x00,0x00,0x00,0x00,0x00,0x00,0x00,0x00,0x01,0x00,0x00,0x00,0x00,0x00,0x00,0x08,
  0x00,0x00,0x00,0x00,0x00,0x00,0x00,0x00,0x01,0x00,0x00,0x00,0x00,0x00,0x00,0x08,
  0x00,0x00,0x00,0x00,0x00,0x00,0x00,0x00,0x01,0x00,0x00,0x00,0x00,0x00,0x00,0x08,
  0x00,0x00,0x00,0x00,0x00,0x00,0x00,0x00,0x01,0x00,0x00,0x00,0x00,0x00,0x00,0x08,
  0x00,0x00,0x00,0x00,0x00,0x00,0x00,0x00,0x01,0x00,0x00,0x00,0x00,0x00,0x00,0x08,
  0x00,0x00,0x00,0x00,0x00,0x00,0x00,0x00,0x01,0x00,0x00,0x00,0x00,0x00,0x00,0x08,
  0x00,0x00,0x00,0x00,0x00,0x00,0x00,0x00,0x01,0x00,0x00,0x00,0x00,0x00,0x00,0x08,
  0x00,0x00,0x00,0x00,0x00,0x00,0x00,0x00,0x01,0x00,0x00,0x00,0x00,0x00,0x00,0x08,
  0x00,0x00,0x00,0x00,0x00,0x00,0x00,0x00,0x01,0x00,0x00,0x00,0x00,0x00,0x00,0x00,
  0x00,0x00,0x21,0x00,0x00,0x08,0x00,0x00,0x20,0x00,0x00,0x00,0x00,0x00,0x00,0x00,
  0x00,0x00,0x21,0x00,0x00,0x08,0x00,0x00,0x20,0x00,0x00,0x00,0x00,0x00,0x00,0x00,
  0x00,0x00,0x21,0x00,0x00,0x08,0x00,0x00,0x20,0x00,0x00,0x00,0x00,0x00,0x00,0x00,
  0x00,0x00,0x21,0x00,0x00,0x08,0x00,0x00,0x20,0x00,0x00,0x00,0x00,0x00,0x00,0x00,
  0x00,0x00,0x21,0x00,0x00,0x08,0x00,0x00,0x20,0x00,0x00,0x00,0xff,0x00,0x00,0x00,
  0x00,0x00,0x00,0x21,0x00,0x00,0x08,0x00,0x00,0x20,0x00,0x00,0x00,0x00,0x00,0x00,
  0x00,0x00,0x00,0x21,0x00,0x00,0x08,0x00,0x00,0x20,0x00,0x00,0x00,0x00,0x00,0x00,
  0x00,0x00,0x00,0x21,0x00,0x00,0x08,0x00,0x00,0x20,0x00,0x00,0x00,0x00,0x00,0x00,
  0x00,0x00,0x00,0x21,0x00,0x00,0x08,0x00,0x00,0x20,0x00,0x00,0x00,0x00,0x00,0x00,
  0x00,0x00,0x00,0x21,0x00,0x00,0x08,0x00,0x00,0x20,0x00,0x00,0x00,0x00,0x00,0x00,
  0x00,0x00,0x00,0x21,0x00,0x00,0x08,0x00,0x00,0x20,0x00,0x00,0x00,0x00,0x00,0x00,
  0x00,0x00,0x00,0x21,0x00,0x00,0x08,0x00,0x00,0x20,0x00,0x00,0x00,0x00,0x00,0x00,
  0x00,0x00,0x00,0x21,0x00,0x00,0x08,0x00,0x00,0x20,0x00,0x00,0x00,0x00,0x00,0x00,
  0x00,0x00,0x00,0x21,0x00,0x01,0x00,0x00,0x00,0x00,0x00,0x00,0x08,0x00,0x00,0x00,
  0x00,0x00,0x00,0x00,0x00,0x01,0x00,0x00,0x00,0x00,0x00,0x00,0x08,0x00,0x00,0x00,
  0x00,0x00,0x00,0x00,0x00,0x01,0x00,0x00,0x00,0x00,0x00,0x00,0x08,0x00,0x00,0x00,
  0x00,0x00,0x00,0x00,0x00,0x01,0x00,0x00,0x00,0x00,0x00,0x00,0x08,0x00,0x00,0x00,
  0x00,0x00,0x00,0x00,0x00,0x01,0x00,0x00,0x00,0x00,0x00,0x00,0x08,0x00,0x00,0x00,
  0x00,0x00,0x00,0x00,0x00,0x01,0x00,0x00,0x00,0x00,0x00,0x00,0x08,0x00,0x00,0x00,
  0x00,0x00,0x00,0x00,0x00,0x01,0x00,0x00,0x00,0x00,0x00,0x00,0x08,0x00,0x00,0x00,
  0x00,0x00,0x00,0x00,0x00,0x01,0x00,0x00,0x00,0x00,0x00,0xff,0x00,0x08,0x00,0x00,
  0x00,0x00,0x00,0x00,0x00,0x00,0x01,0x00,0x00,0x00,0x00,0x00,0x00,0x08,0x00,0x00,
  0x00,0x00,0x00,0x00,0x00,0x00,0x01,0x00,0x00,0x00,0x00,0x00,0x00,0x08,0x00,0x00,
  0x00,0x00,0x00,0x00,0x00,0x00,0x01,0x00,0x00,0x00,0x00,0x00,0x00,0x08,0x00,0x00,
  0x00,0x00,0x00,0x00,0x00,0x00,0x01,0x00,0x00,0x00,0x00,0x00,0x00,0x08,0x00,0x00,
  0x00,0x00,0x00,0x00,0x00,0x00,0x01,0x00,0x00,0x00,0x00,0x00,0x00,0x08,0x00,0x00,
  0x00,0x00,0x00,0x00,0x00,0x00,0x01,0x00,0x00,0x00,0x00,0x00,0x00,0x08,0x00,0x00,
  0x01,0x00,0x20,0x08,0x00,0x00,0x00,0x00,0x00,0x00,0x00,0x00,0x20,0x00,0x00,0x00,
  0x01,0x00,0x20,0x08,0x00,0x00,0x00,0x00,0x00,0x00,0x00,0x00,0x20,0x00,0x00,0x00,
  0x01,0x00,0x20,0x08,0x00,0x00,0x00,0x00,0x00,0x00,0x00,0x00,0x20,0x00,0x00,0x00,
  0x01,0x00,0x20,0x08,0x00,0x00,0x00,0x00,0x00,0x00,0x00,0x00,0x20,0x00,0x00,0x00,
  0x01,0x00,0x20,0x08,0x00,0x00,0x00,0x00,0x00,0x00,0x00,0x00,0x20,0x00,0x00,0x00,
  0x01,0x00,0x20,0x08,0x00,0x00,0x00,0x00,0x00,0x00,0x00,0x00,0x20,0x00,0x00,0x00,
  0x01,0x00,0x20,0x08,0x00,0x00,0x00,0x00,0x00,0x00,0x00,0x00,0x20,0x00,0x00,0x00,
  0x01,0x00,0x20,0x08,0x00,0x00,0x00,0x00,0x00,0x00,0x00,0x00,0x20,0x00,0x00,0x00,
  0x01,0x00,0x20,0x08,0x00,0x00,0x00,0x00,0x00,0x00,0x00,0x00,0x20,0x00,0x00,0x00,
  0x01,0x00,0x20,0x08,0x00,0x00,0x00,0x00,0x00,0x00,0xff,0x00,0x00,0x20,0x00,0x00,
  0x00,0x01,0x00,0x20,0x08,0x00,0x00,0x00,0x00,0x00,0x00,0x00,0x00,0x20,0x00,0x00,
  0x00,0x01,0x00,0x20,0x08,0x00,0x00,0x00,0x00,0x00,0x00,0x00,0x00,0x20,0x00,0x00,
  0x00,0x01,0x00,0x20,0x08,0x00,0x00,0x00,0x00,0x00,0x00,0x00,0x00,0x20,0x00,0x00,
  0x00,0x01,0x00,0x20,0x08,0x00,0x00,0x00,0x00,0x00,0x08,0x00,0x00,0x00,0x00,0x00,
  0x00,0x00,0x00,0x01,0x00,0x00,0x00,0x00,0x00,0x00,0x08,0x00,0x00,0x00,0x00,0x00,
  0x00,0x00,0x00,0x01,0x00,0x00,0x00,0x00,0x00,0x00,0x08,0x00,0x00,0x00,0x00,0x00,
  0x00,0x00,0x00,0x01,0x00,0x00,0x00,0x00,0x00,0x00,0x08,0x00,0x00,0x00,0x00,0x00,
  0x00,0x00,0x00,0x01,0x00,0x00,0x00,0x00,0x00,0x00,0x08,0x00,0x00,0x00,0x00,0x00,
  0x00,0x00,0x00,0x01,0x00,0x00,0x00,0x00,0x00,0x00,0x08,0x00,0x00,0x00,0x00,0x00,
  0x00,0x00,0x00,0x01,0x00,0x00,0x00,0x00,0x00,0x00,0x08,0x00,0x00,0x00,0x00,0x00,
  0x00,0x00,0x00,0x01,0x00,0x00,0x00,0x00,0x00,0x00,0x08,0x00,0x00,0x00,0x00,0x00,
  0x00,0x00,0x00,0x01,0x00,0x00,0x00,0x00,0x00,0x00,0x08,0x00,0x00,0x00,0x00,0x00,
  0x00,0x00,0x00,0x01,0x00,0x00,0x00,0x00,0x00,0x00,0x08,0x00,0x00,0x00,0x00,0x00,
  0x00,0x00,0x00,0x01,0x00,0x00,0x00,0x00,0x00,0x00,0x08,0x00,0x00,0x00,0x00,0x00,
  0x00,0x00,0x00,0x01,0x00,0x00,0x00,0x00,0x00,0x00,0x08,0x00,0x00,0x00,0x00,0x00,
  0x00,0x00,0x00,0x01,0x00,0x00,0x00,0x00,0x00,0xff,0x00,0x08,0x00,0x00,0x00,0x00,
  0x00,0x00,0x00,0x00,0x01,0x00,0x00,0x00,0x00,0x00,0x00,0x08,0x00,0x00,0x00,0x00,
  0x00,0x08,0x00,0x00,0x00,0x00,0x20,0x00,0x00,0x00,0x00,0x00,0x20,0x00,0x01,0x00,
  0x00,0x08,0x00,0x00,0x00,0x00,0x20,0x00,0x00,0x00,0x00,0x00,0x20,0x00,0x01,0x00,
  0x00,0x08,0x00,0x00,0x00,0x00,0x20,0x00,0x00,0x00,0x00,0x00,0x20,0x00,0x01,0x00,
  0x00,0x08,0x00,0x00,0x00,0x00,0x20,0x00,0x00,0x00,0x00,0x00,0x20,0x00,0x01,0x00,
  0x00,0x08,0x00,0x00,0x00,0x00,0x20,0x00,0x00,0x00,0x00,0x00,0x20,0x00,0x01,0x00,
  0x00,0x08,0x00,0x00,0x00,0x00,0x20,0x00,0x00,0x00,0x00,0x00,0x20,0x00,0x01,0x00,
  0x00,0x08,0x00,0x00,0x00,0x00,0x20,0x00,0x00,0x00,0x00,0x00,0x20,0x00,0x01,0x00,
  0x00,0x08,0x00,0x00,0x00,0x00,0x20,0x00,0x00,0x00,0x00,0x00,0x20,0x00,0x01,0x00,
  0x00,0x08,0x00,0x00,0x00,0x00,0x20,0x00,0x00,0x00,0x00,0x00,0x20,0x00,0x01,0x00,
  0x00,0x08,0x00,0x00,0x00,0x00,0x20,0x00,0x00,0x00,0x00,0x00,0x20,0x00,0x01,0x00,
  0x00,0x08,0x00,0x00,0x00,0x00,0x20,0x00,0x00,0x00,0x00,0x00,0x20,0x00,0x01,0x00,
  0x00,0x08,0x00,0x00,0x00,0x00,0x20,0x00,0x00,0x00,0x00,0x00,0x20,0x00,0x01,0x00,
  0x00,0x08,0x00,0x00,0x00,0x00,0x20,0x00,0x00,0x00,0x00,0x00,0x20,0x00,0x01,0x00,
  0x00,0x08,0x00,0x00,0x00,0x00,0x20,0x00,0x00,0x00,0x00,0x00,0x00,0x00,0x00,0x00,
  0x01,0x00,0x00,0x00,0x00,0x00,0x00,0x08,0xff,0x00,0x00,0x00,0x00,0x00,0x00,0x00,
  0x00,0x01,0x00,0x00,0x00,0x00,0x00,0x00,0x08,0x00,0x00,0x00,0x00,0x00,0x00,0x00,
  0x00,0x01,0x00,0x00,0x00,0x00,0x00,0x00,0x08,0x00,0x00,0x00,0x00,0x00,0x00,0x00,
  0x00,0x01,0x00,0x00,0x00,0x00,0x00,0x00,0x08,0x00,0x00,0x00,0x00,0x00,0x00,0x00,
  0x00,0x01,0x00,0x00,0x00,0x00,0x00,0x00,0x08,0x00,0x00,0x00,0x00,0x00,0x00,0x00,
  0x00,0x01,0x00,0x00,0x00,0x00,0x00,0x00,0x08,0x00,0x00,0x00,0x00,0x00,0x00,0x00,
  0x00,0x01,0x00,0x00,0x00,0x00,0x00,0x00,0x08,0x00,0x00,0x00,0x00,0x00,0x00,0x00,
  0x00,0x01,0x00,0x00,0x00,0x00,0x00,0x00,0x08,0x00,0x00,0x00,0x00,0x00,0x00,0x00,
  0x00,0x01,0x00,0x00,0x00,0x00,0x00,0x00,0x08,0x00,0x00,0x00,0x00,0x00,0x00,0x00,
  0x00,0x01,0x00,0x00,0x00,0x00,0x00,0x00,0x08,0x00,0x00,0x00,0x00,0x00,0x00,0x00,
  0x00,0x01,0x00,0x00,0x00,0x00,0x00,0x00,0x08,0x00,0x00,0x00,0x00,0x00,0x00,0x00,
  0x00,0x01,0x00,0x00,0x00,0x00,0x00,0x00,0x08,0x00,0x00,0x00,0x00,0x00,0x00,0x00,
  0x00,0x01,0x00,0x00,0x00,0x00,0x00,0x00,0x08,0x00,0x00,0x00,0x00,0x00,0x00,0x00,
  0x00,0x00,0x00,0x00,0x00,0x20,0x00,0x00,0x00,0x00,0x00,0x01,0x00,0x00,0x08,0x20,
  0x00,0x00,0x00,0x00,0x00,0x20,0x00,0x00,0x00,0x00,0x00,0x01,0x00,0x00,0x08,0x20,
  0x00,0x00,0x00,0x00,0x00,0x20,0x00,0x00,0x00,0x00,0x00,0x01,0x00,0x00,0x08,0x20,
  0x00,0x00,0x00,0x00,0x00,0x20,0x00,0xff,0x00,0x00,0x00,0x00,0x01,0x00,0x00,0x08,
  0x20,0x00,0x00,0x00,0x00,0x00,0x20,0x00,0x00,0x00,0x00,0x00,0x01,0x00,0x00,0x08,
  0x20,0x00,0x00,0x00,0x00,0x00,0x20,0x00,0x00,0x00,0x00,0x00,0x01,0x00,0x00,0x08,
  0x20,0x00,0x00,0x00,0x00,0x00,0x20,0x00,0x00,0x00,0x00,0x00,0x01,0x00,0x00,0x08,
  0x20,0x00,0x00,0x00,0x00,0x00,0x20,0x00,0x00,0x00,0x00,0x00,0x01,0x00,0x00,0x08,
  0x20,0x00,0x00,0x00,0x00,0x00,0x20,0x00,0x00,0x00,0x00,0x00,0x01,0x00,0x00,0x08,
  0x20,0x00,0x00,0x00,0x00,0x00,0x20,0x00,0x00,0x00,0x00,0x00,0x01,0x00,0x00,0x08,
  0x20,0x00,0x00,0x00,0x00,0x00,0x20,0x00,0x00,0x00,0x00,0x00,0x01,0x00,0x00,0x08,
  0x20,0x00,0x00,0x00,0x00,0x00,0x20,0x00,0x00,0x00,0x00,0x00,0x01,0x00,0x00,0x08,
  0x20,0x00,0x00,0x00,0x00,0x00,0x20,0x00,0x00,0x00,0x00,0x00,0x01,0x00,0x00,0x08,
  0x20,0x00,0x00,0x00,0x00,0x00,0x20,0x00,0x00,0x00,0x00,0x00,0x00,0x00,0x01,0x00,
  0x00,0x00,0x00,0x00,0x00,0x08,0x00,0x00,0x00,0x00,0x00,0x00,0x00,0x00,0x01,0x00,
  0x00,0x00,0x00,0x00,0x00,0x08,0x00,0x00,0x00,0x00,0x00,0x00,0x00,0x00,0x01,0x00,
  0x00,0x00,0x00,0x00,0x00,0x08,0x00,0x00,0x00,0x00,0x00,0x00,0x00,0x00,0x01,0x00,
  0x00,0x00,0x00,0x00,0x00,0x08,0x00,0x00,0x00,0x00,0x00,0x00,0x00,0x00,0x01,0x00,
  0x00,0x00,0x00,0x00,0x00,0x08,0x00,0x00,0x00,0x00,0x00,0x00,0x00,0x00,0x01,0x00,
  0x00,0x00,0x00,0x00,0x00,0x08,0xff,0x00,0x00,0x00,0x00,0x00,0x00,0x00,0x00,0x01,
  0x00,0x00,0x00,0x00,0x00,0x00,0x08,0x00,0x00,0x00,0x00,0x00,0x00,0x00,0x00,0x01,
  0x00,0x00,0x00,0x00,0x00,0x00,0x08,0x00,0x00,0x00,0x00,0x00,0x00,0x00,0x00,0x01,
  0x00,0x00,0x00,0x00,0x00,0x00,0x08,0x00,0x00,0x00,0x00,0x00,0x00,0x00,0x00,0x01,
  0x00,0x00,0x00,0x00,0x00,0x00,0x08,0x00,0x00,0x00,0x00,0x00,0x00,0x00,0x00,0x01,
  0x00,0x00,0x00,0x00,0x00,0x00,0x08,0x00,0x00,0x00,0x00,0x00,0x00,0x00,0x00,0x01,
  0x00,0x00,0x00,0x00,0x00,0x00,0x08,0x00,0x00,0x00,0x00,0x00,0x00,0x00,0x00,0x01,
  0x00,0x00,0x00,0x00,0x00,0x00,0x08,0x00,0x00,0x00,0x00,0x00,0x00,0x00,0x00,0x01,
  0x00,0x00,0x00,0x00,0x00,0x00,0x00,0x00,0x00,0x21,0x00,0x00,0x08,0x00,0x00,0x20,
  0x00,0x00,0x00,0x00,0x00,0x00,0x00,0x00,0x00,0x21,0x00,0x00,0x08,0x00,0x00,0x20,
  0x00,0x00,0x00,0x00,0x00,0x00,0x00,0x00,0x00,0x21,0x00,0x00,0x08,0x00,0x00,0x20,
  0x00,0x00,0x00,0x00,0x00,0x00,0x00,0x00,0x00,0x21,0x00,0x00,0x08,0x00,0x00,0x20,
  0x00,0x00,0x00,0x00,0x00,0x00,0x00,0x00,0x00,0x21,0x00,0x00,0x08,0x00,0x00,0x20,
  0x00,0x00,0x00,0x00,0x00,0x00,0x00,0x00,0x00,0x21,0x00,0x00,0x08,0x00,0x00,0x20,
  0x00,0x00,0x00,0x00,0x00,0x00,0x00,0x00,0x00,0x21,0x00,0x00,0x08,0x00,0x00,0x20,
  0x00,0x00,0x00,0x00,0x00,0x00,0x00,0x00,0x00,0x21,0x00,0x00,0x08,0x00,0x00,0x20,
  0x00,0x00,0x00,0x00,0x00,0xff,0x00,0x00,0x00,0x00,0x21,0x00,0x00,0x08,0x00,0x00,
  0x20,0x00,0x00,0x00,0x00,0x00,0x00,0x00,0x00,0x00,0x21,0x00,0x00,0x08,0x00,0x00,
  0x20,0x00,0x00,0x00,0x00,0x00,0x00,0x00,0x00,0x00,0x21,0x00,0x00,0x08,0x00,0x00,
  0x20,0x00,0x00,0x00,0x00,0x00,0x00,0x00,0x00,0x00,0x21,0x00,0x00,0x08,0x00,0x00,
  0x20,0x00,0x00,0x00,0x00,0x00,0x00,0x00,0x00,0x00,0x21,0x00,0x00,0x08,0x00,0x00,
  0x20,0x00,0x00,0x00,0x00,0x00,0x00,0x00,0x00,0x00,0x21,0x00,0x01,0x00,0x00,0x00,
  0x00,0x00,0x00,0x08,0x00,0x00,0x00,0x00,0x00,0x00,0x00,0x00,0x01,0x00,0x00,0x00,
  0x00,0x00,0x00,0x08,0x00,0x00,0x00,0x00,0x00,0x00,0x00,0x00,0x01,0x00,0x00,0x00,
  0x00,0x00,0x00,0x08,0x00,0x00,0x00,0x00,0x00,0x00,0x00,0x00,0x01,0x00,0x00,0x00,
  0x00,0x00,0x00,0x08,0x00,0x00,0x00,0x00,0x00,0x00,0x00,0x00,0x01,0x00,0x00,0x00,
  0x00,0x00,0x00,0x08,0x00,0x00,0x00,0x00,0x00,0x00,0x00,0x00,0x01,0x00,0x00,0x00,
  0x00,0x00,0x00,0x08,0x00,0x00,0x00,0x00,0x00,0x00,0x00,0x00,0x01,0x00,0x00,0x00,
  0x00,0x00,0x00,0x08,0x00,0x00,0x00,0x00,0x00,0x00,0x00,0x00,0x01,0x00,0x00,0x00,
  0x00,0x00,0x00,0x08,0x00,0x00,0x00,0x00,0x00,0x00,0x00,0x00,0x01,0x00,0x00,0x00,
  0x00,0x00,0x00,0x08,0x00,0x00,0x00,0x00,0x00,0x00,0x00,0x00,0x01,0x00,0x00,0x00,
  0x00,0x00,0x00,0x08,0x00,0x00,0x00,0x00,0x00,0x00,0x00,0x00,0x01,0x00,0x00,0x00,
  0x00,0x00,0x00,0x08,0xff,0x00,0x00,0x00,0x00,0x00,0x00,0x00,0x00,0x01,0x00,0x00,
  0x00,0x00,0x00,0x00,0x08,0x00,0x00,0x00,0x00,0x00,0x00,0x00,0x00,0x01,0x00,0x00,
  0x00,0x00,0x00,0x00,0x08,0x00,0x00,0x00,0x00,0x00,0x00,0x00,0x00,0x01,0x00,0x00,
  0x00,0x00,0x00,0x00,0x08,0x00,0x00,0x01,0x00,0x20,0x08,0x00,0x00,0x00,0x00,0x00,
  0x00,0x00,0x00,0x20,0x00,0x00,0x00,0x01,0x00,0x20,0x08,0x00,0x00,0x00,0x00,0x00,
  0x00,0x00,0x00,0x20,0x00,0x00,0x00,0x01,0x00,0x20,0x08,0x00,0x00,0x00,0x00,0x00,
  0x00,0x00,0x00,0x20,0x00,0x00,0x00,0x01,0x00,0x20,0x08,0x00,0x00,0x00,0x00,0x00,
  0x00,0x00,0x00,0x20,0x00,0x00,0x00,0x01,0x00,0x20,0x08,0x00,0x00,0x00,0x00,0x00,
  0x00,0x00,0x00,0x20,0x00,0x00,0x00,0x01,0x00,0x20,0x08,0x00,0x00,0x00,0x00,0x00,
  0x00,0x00,0x00,0x20,0x00,0x00,0x00,0x01,0x00,0x20,0x08,0x00,0x00,0x00,0x00,0x00,
  0x00,0x00,0x00,0x20,0x00,0x00,0x00,0x01,0x00,0x20,0x08,0x00,0x00,0x00,0x00,0x00,
  0x00,0x00,0x00,0x20,0x00,0x00,0x00,0x01,0x00,0x20,0x08,0x00,0x00,0x00,0x00,0x00,
  0x00,0x00,0x00,0x20,0x00,0x00,0x00,0x01,0x00,0x20,0x08,0x00,0x00,0x00,0x00,0x00,
  0x00,0x00,0x00,0x20,0x00,0x00,0x00,0x01,0x00,0x20,0x08,0x00,0x00,0x00,0x00,0x00,
  0x00,0x00,0x00,0x20,0x00,0x00,0x00,0x01,0x00,0x20,0x08,0x00,0x00,0x00,0x00,0x00,
  0x00,0x00,0x00,0x20,0x00,0x00,0x00,0x01,0x00,0x20,0x08,0x00,0x00,0x00,0x00,0x00,
  0x00,0x00,0x00,0xff,0x20,0x00,0x00,0x00,0x01,0x00,0x20,0x08,0x00,0x00,0x00,0x00,
  0x00,0x08,0x00,0x00,0x00,0x00,0x00,0x00,0x00,0x00,0x01,0x00,0x00,0x00,0x00,0x00,
  0x00,0x08,0x00,0x00,0x00,0x00,0x00,0x00,0x00,0x00,0x01,0x00,0x00,0x00,0x00,0x00,
  0x00,0x08,0x00,0x00,0x00,0x00,0x00,0x00,0x00,0x00,0x01,0x00,0x00,0x00,0x00,0x00,
  0x00,0x08,0x00,0x00,0x00,0x00,0x00,0x00,0x00,0x00,0x01,0x00,0x00,0x00,0x00,0x00,
  0x00,0x08,0x00,0x00,0x00,0x00,0x00,0x00,0x00,0x00,0x01,0x00,0x00,0x00,0x00,0x00,
  0x00,0x08,0x00,0x00,0x00,0x00,0x00,0x00,0x00,0x00,0x01,0x00,0x00,0x00,0x00,0x00,
  0x00,0x08,0x00,0x00,0x00,0x00,0x00,0x00,0x00,0x00,0x01,0x00,0x00,0x00,0x00,0x00,
  0x00,0x08,0x00,0x00,0x00,0x00,0x00,0x00,0x00,0x00,0x01,0x00,0x00,0x00,0x00,0x00,
  0x00,0x08,0x00,0x00,0x00,0x00,0x00,0x00,0x00,0x00,0x01,0x00,0x00,0x00,0x00,0x00,
  0x00,0x08,0x00,0x00,0x00,0x00,0x00,0x00,0x00,0x00,0x01,0x00,0x00,0x00,0x00,0x00,
  0x00,0x08,0x00,0x00,0x00,0x00,0x00,0x00,0x00,0x00,0x01,0x00,0x00,0x00,0x00,0x00,
  0x00,0x08,0x00,0x00,0x00,0x00,0x00,0x00,0x00,0x00,0x01,0x00,0x00,0x00,0x00,0x00,
  0x00,0x08,0x00,0x00,0x00,0x00,0x00,0x00,0x00,0x00,0x01,0x00,0x00,0x00,0x00,0x00,
  0x00,0x08,0x00,0x00,0x00,0x00,0x00,0x08,0x00,0x00,0x00,0x00,0x20,0x00,0x00,0x00,
  0x00,0x00,0x20,0x00,0x01,0x00,0x00,0x08,0x00,0x00,0x00,0x00,0x20,0x00,0x00,0x00,
  0x00,0x00,0xff,0x20,0x00,0x01,0x00,0x00,0x08,0x00,0x00,0x00,0x00,0x20,0x00,0x00,
  0x00,0x00,0x00,0x20,0x00,0x01,0x00,0x00,0x08,0x00,0x00,0x00,0x00,0x20,0x00,0x00,
  0x00,0x00,0x00,0x20,0x00,0x01,0x00,0x00,0x08,0x00,0x00,0x00,0x00,0x20,0x00,0x00,
  0x00,0x00,0x00,0x20,0x00,0x01,0x00,0x00,0x08,0x00,0x00,0x00,0x00,0x20,0x00,0x00,
  0x00,0x00,0x00,0x20,0x00,0x01,0x00,0x00,0x08,0x00,0x00,0x00,0x00,0x20,0x00,0x00,
  0x00,0x00,0x00,0x20,0x00,0x01,0x00,0x00,0x08,0x00,0x00,0x00,0x00,0x20,0x00,0x00,
  0x00,0x00,0x00,0x20,0x00,0x01,0x00,0x00,0x08,0x00,0x00,0x00,0x00,0x20,0x00,0x00,
  0x00,0x00,0x00,0x20,0x00,0x01,0x00,0x00,0x08,0x00,0x00,0x00,0x00,0x20,0x00,0x00,
  0x00,0x00,0x00,0x20,0x00,0x01,0x00,0x00,0x08,0x00,0x00,0x00,0x00,0x20,0x00,0x00,
  0x00,0x00,0x00,0x20,0x00,0x01,0x00,0x00,0x08,0x00,0x00,0x00,0x00,0x20,0x00,0x00,
  0x00,0x00,0x00,0x20,0x00,0x01,0x00,0x00,0x08,0x00,0x00,0x00,0x00,0x20,0x00,0x00,
  0x00,0x00,0x00,0x20,0x00,0x01,0x00,0x00,0x08,0x00,0x00,0x00,0x00,0x20,0x00,0x00,
  0x00,0x00,0x00,0x00,0x00,0x00,0x00,0x01,0x00,0x00,0x00,0x00,0x00,0x00,0x08,0x00,
  0x00,0x00,0x00,0x00,0x00,0x00,0x00,0x01,0x00,0x00,0x00,0x00,0x00,0x00,0x08,0x00,
  0x00,0x00,0x00,0x00,0x00,0x00,0x00,0x01,0x00,0x00,0x00,0x00,0x00,0x00,0x08,0x00,
  0x00,0x00,0x00,0x00,0x00,0x00,0x00,0x01,0x00,0x00,0x00,0x00,0x00,0x00,0x08,0x00,
  0x00,0xff,0x00,0x00,0x00,0x00,0x00,0x00,0x01,0x00,0x00,0x00,0x00,0x00,0x00,0x08,
  0x00,0x00,0x00,0x00,0x00,0x00,0x00,0x00,0x01,0x00,0x00,0x00,0x00,0x00,0x00,0x08,
  0x00,0x00,0x00,0x00,0x00,0x00,0x00,0x00,0x01,0x00,0x00,0x00,0x00,0x00,0x00,0x08,
  0x00,0x00,0x00,0x00,0x00,0x00,0x00,0x00,0x01,0x00,0x00,0x00,0x00,0x00,0x00,0x08,
  0x00,0x00,0x00,0x00,0x00,0x00,0x00,0x00,0x01,0x00,0x00,0x00,0x00,0x00,0x00,0x08,
  0x00,0x00,0x00,0x00,0x00,0x00,0x00,0x00,0x01,0x00,0x00,0x00,0x00,0x00,0x00,0x08,
  0x00,0x00,0x00,0x00,0x00,0x00,0x00,0x00,0x01,0x00,0x00,0x00,0x00,0x00,0x00,0x08,
  0x00,0x00,0x00,0x00,0x00,0x00,0x00,0x00,0x01,0x00,0x00,0x00,0x00,0x00,0x00,0x08,
  0x00,0x00,0x00,0x00,0x00,0x00,0x00,0x00,0x01,0x00,0x00,0x00,0x00,0x00,0x00,0x08,
  0x00,0x00,0x00,0x00,0x00,0x00,0x00,0x00,0x00,0x00,0x00,0x00,0x20,0x00,0x00,0x00,
  0x00,0x00,0x01,0x00,0x00,0x08,0x20,0x00,0x00,0x00,0x00,0x00,0x20,0x00,0x00,0x00,
  0x00,0x00,0x01,0x00,0x00,0x08,0x20,0x00,0x00,0x00,0x00,0x00,0x20,0x00,0x00,0x00,
  0x00,0x00,0x01,0x00,0x00,0x08,0x20,0x00,0x00,0x00,0x00,0x00,0x20,0x00,0x00,0x00,
  0x00,0x00,0x01,0x00,0x00,0x08,0x20,0x00,0x00,0x00,0x00,0x00,0x20,0x00,0x00,0x00,
  0x00,0x00,0x01,0x00,0x00,0x08,0x20,0x00,0x00,0x00,0x00,0x00,0x20,0x00,0x00,0x00,
  0x00,0x00,0x01,0x00,0x00,0x08,0x20,0x00,0x00,0x00,0x00,0x00,0x20,0x00,0x00,0x00,
  0xff,0x00,0x00,0x01,0x00,0x00,0x08,0x20,0x00,0x00,0x00,0x00,0x00,0x20,0x00,0x00,
  0x00,0x00,0x00,0x01,0x00,0x00,0x08,0x20,0x00,0x00,0x00,0x00,0x00,0x20,0x00,0x00,
  0x00,0x00,0x00,0x01,0x00,0x00,0x08,0x20,0x00,0x00,0x00,0x00,0x00,0x20,0x00,0x00,
  0x00,0x00,0x00,0x01,0x00,0x00,0x08,0x20,0x00,0x00,0x00,0x00,0x00,0x20,0x00,0x00,
  0x00,0x00,0x00,0x01,0x00,0x00,0x08,0x20,0x00,0x00,0x00,0x00,0x00,0x20,0x00,0x00,
  0x00,0x00,0x00,0x01,0x00,0x00,0x08,0x20,0x00,0x00,0x00,0x00,0x00,0x20,0x00,0x00,
  0x00,0x00,0x00,0x01,0x00,0x00,0x08,0x20,0x00,0x00,0x00,0x00,0x00,0x20,0x00,0x00,
  0x00,0x00,0x00,0x00,0x00,0x01,0x00,0x00,0x00,0x00,0x00,0x00,0x08,0x00,0x00,0x00,
  0x00,0x00,0x00,0x00,0x00,0x01,0x00,0x00,0x00,0x00,0x00,0x00,0x08,0x00,0x00,0x00,
  0x00,0x00,0x00,0x00,0x00,0x01,0x00,0x00,0x00,0x00,0x00,0x00,0x08,0x00,0x00,0x00,
  0x00,0x00,0x00,0x00,0x00,0x01,0x00,0x00,0x00,0x00,0x00,0x00,0x08,0x00,0x00,0x00,
  0x00,0x00,0x00,0x00,0x00,0x01,0x00,0x00,0x00,0x00,0x00,0x00,0x08,0x00,0x00,0x00,
  0x00,0x00,0x00,0x00,0x00,0x01,0x00,0x00,0x00,0x00,0x00,0x00,0x08,0x00,0x00,0x00,
  0x00,0x00,0x00,0x00,0x00,0x01,0x00,0x00,0x00,0x00,0x00,0x00,0x08,0x00,0x00,0x00,
  0x00,0x00,0x00,0x00,0x00,0x01,0x00,0x00,0x00,0x00,0x00,0x00,0x08,0x00,0x00,0x00,
  0x00,0x00,0x00,0x00,0x00,0x01,0x00,0x00,0x00,0x00,0x00,0x00,0x08,0x00,0x00,0xff,
  0x00,0x00,0x00,0x00,0x00,0x00,0x01,0x00,0x00,0x00,0x00,0x00,0x00,0x08,0x00,0x00,
  0x00,0x00,0x00,0x00,0x00,0x00,0x01,0x00,0x00,0x00,0x00,0x00,0x00,0x08,0x00,0x00,
  0x00,0x00,0x00,0x00,0x00,0x00,0x01,0x00,0x00,0x00,0x00,0x00,0x00,0x08,0x00,0x00,
  0x00,0x00,0x00,0x00,0x00,0x00,0x01,0x00,0x00,0x00,0x00,0x00,0x00,0x08,0x00,0x00,
  0x00,0x00,0x00,0x00,0x00,0x00,0x01,0x00,0x00,0x00,0x00,0x00,0x00,0x00,0x00,0x00,
  0x21,0x00,0x00,0x08,0x00,0x00,0x20,0x00,0x00,0x00,0x00,0x00,0x00,0x00,0x00,0x00,
  0x21,0x00,0x00,0x08,0x00,0x00,0x20,0x00,0x00,0x00,0x00,0x00,0x00,0x00,0x00,0x00,
  0x21,0x00,0x00,0x08,0x00,0x00,0x20,0x00,0x00,0x00,0x00,0x00,0x00,0x00,0x00,0x00,
  0x21,0x00,0x00,0x08,0x00,0x00,0x20,0x00,0x00,0x00,0x00,0x00,0x00,0x00,0x00,0x00,
  0x21,0x00,0x00,0x08,0x00,0x00,0x20,0x00,0x00,0x00,0x00,0x00,0x00,0x00,0x00,0x00,
  0x21,0x00,0x00,0x08,0x00,0x00,0x20,0x00,0x00,0x00,0x00,0x00,0x00,0x00,0x00,0x00,
  0x21,0x00,0x00,0x08,0x00,0x00,0x20,0x00,0x00,0x00,0x00,0x00,0x00,0x00,0x00,0x00,
  0x21,0x00,0x00,0x08,0x00,0x00,0x20,0x00,0x00,0x00,0x00,0x00,0x00,0x00,0x00,0x00,
  0x21,0x00,0x00,0x08,0x00,0x00,0x20,0x00,0x00,0x00,0x00,0x00,0x00,0x00,0x00,0x00,
  0x21,0x00,0x00,0x08,0x00,0x00,0x20,0x00,0x00,0x00,0x00,0x00,0x00,0x00,0x00,0x00,
  0x21,0x00,0x00,0x08,0x00,0x00,0x20,0x00,0x00,0x00,0x00,0x00,0x00,0x00,0xff,0x00,
  0x00,0x21,0x00,0x00,0x08,0x00,0x00,0x20,0x00,0x00,0x00,0x00,0x00,0x00,0x00,0x00,
  0x00,0x21,0x00,0x00,0x08,0x00,0x00,0x20,0x00,0x00,0x00,0x00,0x00,0x00,0x00,0x00,
  0x00,0x21,0x00,0x01,0x00,0x00,0x00,0x00,0x00,0x00,0x08,0x00,0x00,0x00,0x00,0x00,
  0x00,0x00,0x00,0x01,0x00,0x00,0x00,0x00,0x00,0x00,0x08,0x00,0x00,0x00,0x00,0x00,
  0x00,0x00,0x00,0x01,0x00,0x00,0x00,0x00,0x00,0x00,0x08,0x00,0x00,0x00,0x00,0x00,
  0x00,0x00,0x00,0x01,0x00,0x00,0x00,0x00,0x00,0x00,0x08,0x00,0x00,0x00,0x00,0x00,
  0x00,0x00,0x00,0x01,0x00,0x00,0x00,0x00,0x00,0x00,0x08,0x00,0x00,0x00,0x00,0x00,
  0x00,0x00,0x00,0x01,0x00,0x00,0x00,0x00,0x00,0x00,0x08,0x00,0x00,0x00,0x00,0x00,
  0x00,0x00,0x00,0x01,0x00,0x00,0x00,0x00,0x00,0x00,0x08,0x00,0x00,0x00,0x00,0x00,
  0x00,0x00,0x00,0x01,0x00,0x00,0x00,0x00,0x00,0x00,0x08,0x00,0x00,0x00,0x00,0x00,
  0x00,0x00,0x00,0x01,0x00,0x00,0x00,0x00,0x00,0x00,0x08,0x00,0x00,0x00,0x00,0x00,
  0x00,0x00,0x00,0x01,0x00,0x00,0x00,0x00,0x00,0x00,0x08,0x00,0x00,0x00,0x00,0x00,
  0x00,0x00,0x00,0x01,0x00,0x00,0x00,0x00,0x00,0x00,0x08,0x00,0x00,0x00,0x00,0x00,
  0x00,0x00,0x00,0x01,0x00,0x00,0x00,0x00,0x00,0x00,0x08,0x00,0x00,0x00,0x00,0x00,
  0x00,0x00,0x00,0x01,0x00,0x00,0x00,0x00,0x00,0x00,0x08,0x00,0x00,0x00,0x00,0x00,
  0x00,0x00,0x00,0x01,0x00,0x00,0x00,0x00,0x00,0x00,0x08,0x00,0x00,0xff,0x01,0x00,
  0x20,0x08,0x00,0x00,0x00,0x00,0x00,0x00,0x00,0x00,0x20,0x00,0x00,0x00,0x01,0x00,
  0x20,0x08,0x00,0x00,0x00,0x00,0x00,0x00,0x00,0x00,0x20,0x00,0x00,0x00,0x01,0x00,
  0x20,0x08,0x00,0x00,0x00,0x00,0x00,0x00,0x00,0x00,0x20,0x00,0x00,0x00,0x01,0x00,
  0x20,0x08,0x00,0x00,0x00,0x00,0x00,0x00,0x00,0x00,0x20,0x00,0x00,0x00,0x01,0x00,
  0x20,0x08,0x00,0x00,0x00,0x00,0x00,0x00,0x00,0x00,0x20,0x00,0x00,0x00,0x01,0x00,
  0x20,0x08,0x00,0x00,0x00,0x00,0x00,0x00,0x00,0x00,0x20,0x00,0x00,0x00,0x01,0x00,
  0x20,0x08,0x00,0x00,0x00,0x00,0x00,0x00,0x00,0x00,0x20,0x00,0x00,0x00,0x01,0x00,
  0x20,0x08,0x00,0x00,0x00,0x00,0x00,0x00,0x00,0x00,0x20,0x00,0x00,0x00,0x01,0x00,
  0x20,0x08,0x00,0x00,0x00,0x00,0x00,0x00,0x00,0x00,0x20,0x00,0x00,0x00,0x01,0x00,
  0x20,0x08,0x00,0x00,0x00,0x00,0x00,0x00,0x00,0x00,0x20,0x00,0x00,0x00,0x01,0x00,
  0x20,0x08,0x00,0x00,0x00,0x00,0x00,0x00,0x00,0x00,0x20,0x00,0x00,0x00,0x01,0x00,
  0x20,0x08,0x00,0x00,0x00,0x00,0x00,0x00,0x00,0x00,0x20,0x00,0x00,0x00,0x01,0x00,
  0x20,0x08,0x00,0x00,0x00,0x00,0x00,0x00,0x00,0x00,0x20,0x00,0x00,0x00,0x01,0x00,
  0x20,0x08,0x00,0x00,0x00,0x00,0x00,0x08,0x00,0x00,0x00,0x00,0x00,0x00,0x00,0x00,
  0x01,0x00,0x00,0x00,0x00,0x00,0x00,0x08,0x00,0x00,0x00,0x00,0x00,0x00,0x00,0x00,
  0x01,0x00,0x00,0x00,0x00,0x00,0x00,0x08,0x00,0x00,0x00,0x00,0xff,0x00,0x00,0x00,
  0x00,0x01,0x00,0x00,0x00,0x00,0x00,0x00,0x08,0x00,0x00,0x00,0x00,0x00,0x00,0x00,
  0x00,0x01,0x00,0x00,0x00,0x00,0x00,0x00,0x08,0x00,0x00,0x00,0x00,0x00,0x00,0x00,
  0x00,0x01,0x00,0x00,0x00,0x00,0x00,0x00,0x08,0x00,0x00,0x00,0x00,0x00,0x00,0x00,
  0x00,0x01,0x00,0x00,0x00,0x00,0x00,0x00,0x08,0x00,0x00,0x00,0x00,0x00,0x00,0x00,
  0x00,0x01,0x00,0x00,0x00,0x00,0x00,0x00,0x08,0x00,0x00,0x00,0x00,0x00,0x00,0x00,
  0x00,0x01,0x00,0x00,0x00,0x00,0x00,0x00,0x08,0x00,0x00,0x00,0x00,0x00,0x00,0x00,
  0x00,0x01,0x00,0x00,0x00,0x00,0x00,0x00,0x08,0x00,0x00,0x00,0x00,0x00,0x00,0x00,
  0x00,0x01,0x00,0x00,0x00,0x00,0x00,0x00,0x08,0x00,0x00,0x00,0x00,0x00,0x00,0x00,
  0x00,0x01,0x00,0x00,0x00,0x00,0x00,0x00,0x08,0x00,0x00,0x00,0x00,0x00,0x00,0x00,
  0x00,0x01,0x00,0x00,0x00,0x00,0x00,0x00,0x08,0x00,0x00,0x00,0x00,0x00,0x00,0x00,
  0x00,0x01,0x00,0x00,0x00,0x00,0x00,0x00,0x08,0x00,0x00,0x00,0x00,0x00,0x08,0x00,
  0x00,0x00,0x00,0x20,0x00,0x00,0x00,0x00,0x00,0x20,0x00,0x01,0x00,0x00,0x08,0x00,
  0x00,0x00,0x00,0x20,0x00,0x00,0x00,0x00,0x00,0x20,0x00,0x01,0x00,0x00,0x08,0x00,
  0x00,0x00,0x00,0x20,0x00,0x00,0x00,0x00,0x00,0x20,0x00,0x01,0x00,0x00,0x08,0x00,
  0x00,0x00,0x00,0x20,0x00,0x00,0x00,0x00,0x00,0x20,0x00,0x01,0x00,0x00,0x08,0x00,
  0x00,0x00,0x00,0x20,0x00,0x00,0x00,0x00,0x00,0x20,0x00,0xff,0x01,0x00,0x00,0x08,
  0x00,0x00,0x00,0x00,0x20,0x00,0x00,0x00,0x00,0x00,0x20,0x00,0x01,0x00,0x00,0x08,
  0x00,0x00,0x00,0x00,0x20,0x00,0x00,0x00,0x00,0x00,0x20,0x00,0x01,0x00,0x00,0x08,
  0x00,0x00,0x00,0x00,0x20,0x00,0x00,0x00,0x00,0x00,0x20,0x00,0x01,0x00,0x00,0x08,
  0x00,0x00,0x00,0x00,0x20,0x00,0x00,0x00,0x00,0x00,0x20,0x00,0x01,0x00,0x00,0x08,
  0x00,0x00,0x00,0x00,0x20,0x00,0x00,0x00,0x00,0x00,0x20,0x00,0x01,0x00,0x00,0x08,
  0x00,0x00,0x00,0x00,0x20,0x00,0x00,0x00,0x00,0x00,0x20,0x00,0x01,0x00,0x00,0x08,
  0x00,0x00,0x00,0x00,0x20,0x00,0x00,0x00,0x00,0x00,0x20,0x00,0x01,0x00,0x00,0x08,
  0x00,0x00,0x00,0x00,0x20,0x00,0x00,0x00,0x00,0x00,0x20,0x00,0x01,0x00,0x00,0x08,
  0x00,0x00,0x00,0x00,0x20,0x00,0x00,0x00,0x00,0x00,0x00,0x00,0x00,0x00,0x01,0x00,
  0x00,0x00,0x00,0x00,0x00,0x08,0x00,0x00,0x00,0x00,0x00,0x00,0x00,0x00,0x01,0x00,
  0x00,0x00,0x00,0x00,0x00,0x08,0x00,0x00,0x00,0x00,0x00,0x00,0x00,0x00,0x01,0x00,
  0x00,0x00,0x00,0x00,0x00,0x08,0x00,0x00,0x00,0x00,0x00,0x00,0x00,0x00,0x01,0x00,
  0x00,0x00,0x00,0x00,0x00,0x08,0x00,0x00,0x00,0x00,0x00,0x00,0x00,0x00,0x01,0x00,
  0x00,0x00,0x00,0x00,0x00,0x08,0x00,0x00,0x00,0x00,0x00,0x00,0x00,0x00,0x01,0x00,
  0x00,0x00,0x00,0x00,0x00,0x08,0x00,0x00,0x00,0x00,0x00,0x00,0x00,0x00,0x01,0x00,
  0x00,0x00,0x00,0x00,0x00,0x08,0x00,0x00,0x00,0x00,0xff,0x00,0x00,0x00,0x00,0x01,
  0x00,0x00,0x00,0x00,0x00,0x00,0x08,0x00,0x00,0x00,0x00,0x00,0x00,0x00,0x00,0x01,
  0x00,0x00,0x00,0x00,0x00,0x00,0x08,0x00,0x00,0x00,0x00,0x00,0x00,0x00,0x00,0x01,
  0x00,0x00,0x00,0x00,0x00,0x00,0x08,0x00,0x00,0x00,0x00,0x00,0x00,0x00,0x00,0x01,
  0x00,0x00,0x00,0x00,0x00,0x00,0x08,0x00,0x00,0x00,0x00,0x00,0x00,0x00,0x00,0x01,
  0x00,0x00,0x00,0x00,0x00,0x00,0x08,0x00,0x00,0x00,0x00,0x00,0x00,0x00,0x00,0x01,
  0x00,0x00,0x00,0x00,0x00,0x00,0x08,0x00,0x00,0x00,0x00,0x00,0x00,0x00,0x00,0x00,
  0x00,0x00,0x00,0x20,0x00,0x00,0x00,0x00,0x00,0x01,0x00,0x00,0x08,0x20,0x00,0x00,
  0x00,0x00,0x00,0x20,0x00,0x00,0x00,0x00,0x00,0x01,0x00,0x00,0x08,0x20,0x00,0x00,
  0x00,0x00,0x00,0x20,0x00,0x00,0x00,0x00,0x00,0x01,0x00,0x00,0x08,0x20,0x00,0x00,
  0x00,0x00,0x00,0x20,0x00,0x00,0x00,0x00,0x00,0x01,0x00,0x00,0x08,0x20,0x00,0x00,
  0x00,0x00,0x00,0x20,0x00,0x00,0x00,0x00,0x00,0x01,0x00,0x00,0x08,0x20,0x00,0x00,
  0x00,0x00,0x00,0x20,0x00,0x00,0x00,0x00,0x00,0x01,0x00,0x00,0x08,0x20,0x00,0x00,
  0x00,0x00,0x00,0x20,0x00,0x00,0x00,0x00,0x00,0x01,0x00,0x00,0x08,0x20,0x00,0x00,
  0x00,0x00,0x00,0x20,0x00,0x00,0x00,0x00,0x00,0x01,0x00,0x00,0x08,0x20,0x00,0x00,
  0x00,0x00,0x00,0x20,0x00,0x00,0x00,0x00,0x00,0x01,0x00,0x00,0x08,0x20,0x00,0x00,
  0x00,0x00,0x00,0x20,0x00,0x00,0x00,0x00,0x00,0xff,0x01,0x00,0x00,0x08,0x20,0x00,
  0x00,0x00,0x00,0x00,0x20,0x00,0x00,0x00,0x00,0x00,0x01,0x00,0x00,0x08,0x20,0x00,
  0x00,0x00,0x00,0x00,0x20,0x00,0x00,0x00,0x00,0x00,0x01,0x00,0x00,0x08,0x20,0x00,
  0x00,0x00,0x00,0x00,0x20,0x00,0x00,0x00,0x00,0x00,0x01,0x00,0x00,0x08,0x20,0x00,
  0x00,0x00,0x00,0x00,0x20,0x00,0x00,0x00,0x00,0x00,0x00,0x00,0x01,0x00,0x00,0x00,
  0x00,0x00,0x00,0x08,0x00,0x00,0x00,0x00,0x00,0x00,0x00,0x00,0x01,0x00,0x00,0x00,
  0x00,0x00,0x00,0x08,0x00,0x00,0x00,0x00,0x00,0x00,0x00,0x00,0x01,0x00,0x00,0x00,
  0x00,0x00,0x00,0x08,0x00,0x00,0x00,0x00,0x00,0x00,0x00,0x00,0x01,0x00,0x00,0x00,
  0x00,0x00,0x00,0x08,0x00,0x00,0x00,0x00,0x00,0x00,0x00,0x00,0x01,0x00,0x00,0x00,
  0x00,0x00,0x00,0x08,0x00,0x00,0x00,0x00,0x00,0x00,0x00,0x00,0x01,0x00,0x00,0x00,
  0x00,0x00,0x00,0x08,0x00,0x00,0x00,0x00,0x00,0x00,0x00,0x00,0x01,0x00,0x00,0x00,
  0x00,0x00,0x00,0x08,0x00,0x00,0x00,0x00,0x00,0x00,0x00,0x00,0x01,0x00,0x00,0x00,
  0x00,0x00,0x00,0x08,0x00,0x00,0x00,0x00,0x00,0x00,0x00,0x00,0x01,0x00,0x00,0x00,
  0x00,0x00,0x00,0x08,0x00,0x00,0x00,0x00,0x00,0x00,0x00,0x00,0x01,0x00,0x00,0x00,
  0x00,0x00,0x00,0x08,0x00,0x00,0x00,0x00,0x00,0x00,0x00,0x00,0x01,0x00,0x00,0x00,
  0x00,0x00,0x00,0x08,0x00,0x00,0x00,0x00,0x00,0x00,0x00,0x00,0x01,0x00,0x00,0x00,
  0x00,0x00,0x00,0x08,0x00,0x00,0x00,0x00,0xff,0x00,0x00,0x00,0x00,0x01,0x00,0x00,
  0x00,0x00,0x00,0x00,0x08,0x00,0x00,0x00,0x00,0x00,0x00,0x00,0x00,0x01,0x00,0x00,
  0x00,0x00,0x00,0x00,0x00,0x00,0x00,0x21,0x00,0x00,0x08,0x00,0x00,0x20,0x00,0x00,
  0x00,0x00,0x00,0x00,0x00,0x00,0x00,0x21,0x00,0x00,0x08,0x00,0x00,0x20,0x00,0x00,
  0x00,0x00,0x00,0x00,0x00,0x00,0x00,0x21,0x00,0x00,0x08,0x00,0x00,0x20,0x00,0x00,
  0x00,0x00,0x00,0x00,0x00,0x00,0x00,0x21,0x00,0x00,0x08,0x00,0x00,0x20,0x00,0x00,
  0x00,0x00,0x00,0x00,0x00,0x00,0x00,0x21,0x00,0x00,0x08,0x00,0x00,0x20,0x00,0x00,
  0x00,0x00,0x00,0x00,0x00,0x00,0x00,0x21,0x00,0x00,0x08,0x00,0x00,0x20,0x00,0x00,
  0x00,0x00,0x00,0x00,0x00,0x00,0x00,0x21,0x00,0x00,0x08,0x00,0x00,0x20,0x00,0x00,
  0x00,0x00,0x00,0x00,0x00,0x00,0x00,0x21,0x00,0x00,0x08,0x00,0x00,0x20,0x00,0x00,
  0x00,0x00,0x00,0x00,0x00,0x00,0x00,0x21,0x00,0x00,0x08,0x00,0x00,0x20,0x00,0x00,
  0x00,0x00,0x00,0x00,0x00,0x00,0x00,0x21,0x00,0x00,0x08,0x00,0x00,0x20,0x00,0x00,
  0x00,0x00,0x00,0x00,0x00,0x00,0x00,0x21,0x00,0x00,0x08,0x00,0x00,0x20,0x00,0x00,
  0x00,0x00,0x00,0x00,0x00,0x00,0x00,0x21,0x00,0x00,0x08,0x00,0x00,0x20,0x00,0x00,
  0x00,0x00,0x00,0x00,0x00,0x00,0x00,0x21,0x00,0x00,0x08,0x00,0x00,0x20,0x00,0x00,
  0x00,0x00,0x00,0x00,0x00,0x00,0x00,0x21,0x00,0x01,0x00,0x00,0x00,0x00,0x00,0x00,
  0x08,0x00,0x00,0x00,0x00,0x00,0x00,0xff,0x00,0x00,0x01,0x00,0x00,0x00,0x00,0x00,
  0x00,0x08,0x00,0x00,0x00,0x00,0x00,0x00,0x00,0x00,0x01,0x00,0x00,0x00,0x00,0x00,
  0x00,0x08,0x00,0x00,0x00,0x00,0x00,0x00,0x00,0x00,0x01,0x00,0x00,0x00,0x00,0x00,
  0x00,0x08,0x00,0x00,0x00,0x00,0x00,0x00,0x00,0x00,0x01,0x00,0x00,0x00,0x00,0x00,
  0x00,0x08,0x00,0x00,0x00,0x00,0x00,0x00,0x00,0x00,0x01,0x00,0x00,0x00,0x00,0x00,
  0x00,0x08,0x00,0x00,0x00,0x00,0x00,0x00,0x00,0x00,0x01,0x00,0x00,0x00,0x00,0x00,
  0x00,0x08,0x00,0x00,0x00,0x00,0x00,0x00,0x00,0x00,0x01,0x00,0x00,0x00,0x00,0x00,
  0x00,0x08,0x00,0x00,0x00,0x00,0x00,0x00,0x00,0x00,0x01,0x00,0x00,0x00,0x00,0x00,
  0x00,0x08,0x00,0x00,0x00,0x00,0x00,0x00,0x00,0x00,0x01,0x00,0x00,0x00,0x00,0x00,
  0x00,0x08,0x00,0x00,0x00,0x00,0x00,0x00,0x00,0x00,0x01,0x00,0x00,0x00,0x00,0x00,
  0x00,0x08,0x00,0x00,0x00,0x00,0x00,0x00,0x00,0x00,0x01,0x00,0x00,0x00,0x00,0x00,
  0x00,0x08,0x00,0x00,0x00,0x00,0x00,0x00,0x00,0x00,0x01,0x00,0x00,0x00,0x00,0x00,
  0x00,0x08,0x00,0x00,0x00,0x00,0x00,0x00,0x00,0x00,0x01,0x00,0x00,0x00,0x00,0x00,
  0x00,0x08,0x00,0x00,0x01,0x00,0x20,0x08,0x00,0x00,0x00,0x00,0x00,0x00,0x00,0x00,
  0x20,0x00,0x00,0x00,0x01,0x00,0x20,0x08,0x00,0x00,0x00,0x00,0x00,0x00,0x00,0x00,
  0x20,0x00,0x00,0x00,0x01,0x00,0x20,0x08,0x00,0x00,0x00,0x00,0x00,0x00,0x00,0x00,
  0x20,0x00,0x00,0x00,0x01,0x00,0xff,0x20,0x08,0x00,0x00,0x00,0x00,0x00,0x00,0x00,
  0x00,0x20,0x00,0x00,0x00,0x01,0x00,0x20,0x08,0x00,0x00,0x00,0x00,0x00,0x00,0x00,
  0x00,0x20,0x00,0x00,0x00,0x01,0x00,0x20,0x08,0x00,0x00,0x00,0x00,0x00,0x00,0x00,
  0x00,0x20,0x00,0x00,0x00,0x01,0x00,0x20,0x08,0x00,0x00,0x00,0x00,0x00,0x00,0x00,
  0x00,0x20,0x00,0x00,0x00,0x01,0x00,0x20,0x08,0x00,0x00,0x00,0x00,0x00,0x00,0x00,
  0x00,0x20,0x00,0x00,0x00,0x01,0x00,0x20,0x08,0x00,0x00,0x00,0x00,0x00,0x00,0x00,
  0x00,0x20,0x00,0x00,0x00,0x01,0x00,0x20,0x08,0x00,0x00,0x00,0x00,0x00,0x00,0x00,
  0x00,0x20,0x00,0x00,0x00,0x01,0x00,0x20,0x08,0x00,0x00,0x00,0x00,0x00,0x00,0x00,
  0x00,0x20,0x00,0x00,0x00,0x01,0x00,0x20,0x08,0x00,0x00,0x00,0x00,0x00,0x00,0x00,
  0x00,0x20,0x00,0x00,0x00,0x01,0x00,0x20,0x08,0x00,0x00,0x00,0x00,0x00,0x00,0x00,
  0x00,0x20,0x00,0x00,0x00,0x01,0x00,0x20,0x08,0x00,0x00,0x00,0x00,0x00,0x08,0x00,
  0x00,0x00,0x00,0x00,0x00,0x00,0x00,0x01,0x00,0x00,0x00,0x00,0x00,0x00,0x08,0x00,
  0x00,0x00,0x00,0x00,0x00,0x00,0x00,0x01,0x00,0x00,0x00,0x00,0x00,0x00,0x08,0x00,
  0x00,0x00,0x00,0x00,0x00,0x00,0x00,0x01,0x00,0x00,0x00,0x00,0x00,0x00,0x08,0x00,
  0x00,0x00,0x00,0x00,0x00,0x00,0x00,0x01,0x00,0x00,0x00,0x00,0x00,0x00,0x08,0x00,
  0x00,0x00,0x00,0x00,0x00,0x00,0x00,0x01,0x00,0x00,0x00,0x00,0x00,0x00,0x08,0x00,
  0x00,0x00,0x00,0x00,0x00,0xbf,0x00,0x00,0x01,0x00,0x00,0x00,0x00,0x00,0x00,0x08,
  0x00,0x00,0x00,0x00,0x00,0x00,0x00,0x00,0x01,0x00,0x00,0x00,0x00,0x00,0x00,0x08,
  0x00,0x00,0x00,0x00,0x00,0x00,0x00,0x00,0x01,0x00,0x00,0x00,0x00,0x00,0x00,0x08,
  0x00,0x00,0x00,0x00,0x00,0x00,0x00,0x00,0x01,0x00,0x00,0x00,0x00,0x00,0x00,0x08,
  0x00,0x00,0x00,0x00,0x00,0x00,0x00,0x00,0x01,0x00,0x00,0x00,0x00,0x00,0x00,0x08,
  0x00,0x00,0x00,0x00,0x00,0x00,0x00,0x00,0x01,0x00,0x00,0x00,0x00,0x00,0x00,0x08,
  0x00,0x00,0x00,0x00,0x00,0x00,0x00,0x00,0x01,0x00,0x00,0x00,0x00,0x00,0x00,0x08,
  0x00,0x00,0x00,0x00,0x00,0x00,0x00,0x00,0x01,0x00,0x00,0x00,0x00,0x00,0x00,0x08,
  0x00,0x00,0x00,0x00,
};

const lv_image_dsc_t saved_item_image3D_111_00024_tresh_RLE = {
  .header.magic = LV_IMAGE_HEADER_MAGIC,
  .header.cf = LV_COLOR_FORMAT_RGB565,
  .header.stride = 216,
  .header.flags = 0 | LV_IMAGE_FLAGS_COMPRESSED,
  .header.w = 108,
  .header.h = 101,
  .data_size = sizeof(saved_item_image3D_111_00024_tresh_RLE_map),
  .data = saved_item_image3D_111_00024_tresh_RLE_map,
};
