#ifdef __has_include
    #if __has_include("lvgl.h")
        #ifndef LV_LVGL_H_INCLUDE_SIMPLE
            #define LV_LVGL_H_INCLUDE_SIMPLE
        #endif
    #endif
#endif

#if defined(LV_LVGL_H_INCLUDE_SIMPLE)
    #include "lvgl.h"
#else
    #include "lvgl/lvgl.h"
#endif


#ifndef LV_ATTRIBUTE_MEM_ALIGN
#define LV_ATTRIBUTE_MEM_ALIGN
#endif

#ifndef LV_ATTRIBUTE_IMAGE_SAVED_ITEM_IMAGE3D_111_00019_TRESH_RLE
#define LV_ATTRIBUTE_IMAGE_SAVED_ITEM_IMAGE3D_111_00019_TRESH_RLE
#endif

const LV_ATTRIBUTE_MEM_ALIGN LV_ATTRIBUTE_LARGE_CONST LV_ATTRIBUTE_IMAGE_SAVED_ITEM_IMAGE3D_111_00019_TRESH_RLE uint8_t saved_item_image3D_111_00019_tresh_RLE_map[] = {
  0x01,0x00,0x00,0x00,0x00,0x55,0x00,0x00,0x38,0x55,0x00,0x00,0xff,0x00,0x00,0x00,
  0x00,0x01,0x00,0x00,0x00,0x00,0x00,0x00,0x08,0x00,0x00,0x00,0x00,0x00,0x00,0x00,
  0x00,0x01,0x00,0x00,0x00,0x00,0x00,0x00,0x08,0x00,0x00,0x00,0x00,0x00,0x00,0x00,
  0x00,0x01,0x00,0x00,0x00,0x00,0x00,0x00,0x08,0x00,0x00,0x00,0x00,0x00,0x00,0x00,
  0x00,0x01,0x00,0x00,0x00,0x00,0x00,0x00,0x08,0x00,0x00,0x00,0x00,0x00,0x00,0x00,
  0x00,0x01,0x00,0x00,0x00,0x00,0x00,0x00,0x08,0x00,0x00,0x00,0x00,0x00,0x00,0x00,
  0x00,0x01,0x00,0x00,0x00,0x00,0x00,0x00,0x08,0x00,0x00,0x00,0x00,0x00,0x00,0x00,
  0x00,0x01,0x00,0x00,0x00,0x00,0x00,0x00,0x08,0x00,0x00,0x00,0x00,0x00,0x00,0x00,
  0x00,0x01,0x00,0x00,0x00,0x00,0x00,0x00,0x08,0x00,0x00,0x00,0x00,0x00,0x00,0x00,
  0x00,0x01,0x00,0x00,0x00,0x00,0x00,0x00,0x08,0x00,0x00,0x00,0x00,0x00,0x00,0x00,
  0x00,0x01,0x00,0x00,0x00,0x00,0x00,0x00,0x08,0x00,0x00,0x00,0x00,0x00,0x00,0x00,
  0x00,0x01,0x00,0x00,0x00,0x00,0x00,0x00,0x08,0x00,0x00,0x00,0x00,0x00,0x00,0x00,
  0x00,0x01,0x00,0x00,0x00,0x00,0x00,0x00,0x08,0x00,0x00,0x00,0x00,0x00,0x00,0x00,
  0x00,0x01,0x00,0x00,0x00,0x00,0x00,0x00,0x08,0x00,0x00,0x00,0x00,0x00,0x00,0x00,
  0x00,0x01,0x00,0x00,0x00,0x00,0x00,0x00,0x00,0x00,0x00,0x21,0x00,0x00,0x08,0x00,
  0x00,0x20,0x00,0x00,0x00,0x00,0x00,0x00,0x00,0x00,0x00,0x21,0x00,0x00,0x08,0x00,
  0x00,0x20,0x00,0x00,0x00,0x00,0x00,0x00,0x00,0x00,0x00,0xff,0x21,0x00,0x00,0x08,
  0x00,0x00,0x20,0x00,0x00,0x00,0x00,0x00,0x00,0x00,0x00,0x00,0x21,0x00,0x00,0x08,
  0x00,0x00,0x20,0x00,0x00,0x00,0x00,0x00,0x00,0x00,0x00,0x00,0x21,0x00,0x00,0x08,
  0x00,0x00,0x20,0x00,0x00,0x00,0x00,0x00,0x00,0x00,0x00,0x00,0x21,0x00,0x00,0x08,
  0x00,0x00,0x20,0x00,0x00,0x00,0x00,0x00,0x00,0x00,0x00,0x00,0x21,0x00,0x00,0x08,
  0x00,0x00,0x20,0x00,0x00,0x00,0x00,0x00,0x00,0x00,0x00,0x00,0x21,0x00,0x00,0x08,
  0x00,0x00,0x20,0x00,0x00,0x00,0x00,0x00,0x00,0x00,0x00,0x00,0x21,0x00,0x00,0x08,
  0x00,0x00,0x20,0x00,0x00,0x00,0x00,0x00,0x00,0x00,0x00,0x00,0x21,0x00,0x00,0x08,
  0x00,0x00,0x20,0x00,0x00,0x00,0x00,0x00,0x00,0x00,0x00,0x00,0x21,0x00,0x00,0x08,
  0x00,0x00,0x20,0x00,0x00,0x00,0x00,0x00,0x00,0x00,0x00,0x00,0x21,0x00,0x00,0x08,
  0x00,0x00,0x20,0x00,0x00,0x00,0x00,0x00,0x00,0x00,0x00,0x00,0x21,0x00,0x00,0x08,
  0x00,0x00,0x20,0x00,0x00,0x00,0x00,0x00,0x00,0x00,0x00,0x00,0x21,0x00,0x01,0x00,
  0x00,0x00,0x00,0x00,0x00,0x08,0x00,0x00,0x00,0x00,0x00,0x00,0x00,0x00,0x01,0x00,
  0x00,0x00,0x00,0x00,0x00,0x08,0x00,0x00,0x00,0x00,0x00,0x00,0x00,0x00,0x01,0x00,
  0x00,0x00,0x00,0x00,0x00,0x08,0x00,0x00,0x00,0x00,0x00,0x00,0x00,0x00,0x01,0x00,
  0x00,0x00,0x00,0x00,0x00,0x08,0x00,0x00,0x00,0x00,0x00,0x00,0x00,0x00,0x01,0x00,
  0x00,0x00,0x00,0x00,0x00,0x08,0x00,0x00,0x00,0x00,0xff,0x00,0x00,0x00,0x00,0x01,
  0x00,0x00,0x00,0x00,0x00,0x00,0x08,0x00,0x00,0x00,0x00,0x00,0x00,0x00,0x00,0x01,
  0x00,0x00,0x00,0x00,0x00,0x00,0x08,0x00,0x00,0x00,0x00,0x00,0x00,0x00,0x00,0x01,
  0x00,0x00,0x00,0x00,0x00,0x00,0x08,0x00,0x00,0x00,0x00,0x00,0x00,0x00,0x00,0x01,
  0x00,0x00,0x00,0x00,0x00,0x00,0x08,0x00,0x00,0x00,0x00,0x00,0x00,0x00,0x00,0x01,
  0x00,0x00,0x00,0x00,0x00,0x00,0x08,0x00,0x00,0x00,0x00,0x00,0x00,0x00,0x00,0x01,
  0x00,0x00,0x00,0x00,0x00,0x00,0x08,0x00,0x00,0x00,0x00,0x00,0x00,0x00,0x00,0x01,
  0x00,0x00,0x00,0x00,0x00,0x00,0x08,0x00,0x00,0x00,0x00,0x00,0x00,0x00,0x00,0x01,
  0x00,0x00,0x00,0x00,0x00,0x00,0x08,0x00,0x00,0x00,0x00,0x00,0x00,0x00,0x00,0x01,
  0x00,0x00,0x00,0x00,0x00,0x00,0x08,0x00,0x00,0x01,0x00,0x20,0x08,0x00,0x00,0x00,
  0x00,0x00,0x00,0x00,0x00,0x20,0x00,0x00,0x00,0x01,0x00,0x20,0x08,0x00,0x00,0x00,
  0x00,0x00,0x00,0x00,0x00,0x20,0x00,0x00,0x00,0x01,0x00,0x20,0x08,0x00,0x00,0x00,
  0x00,0x00,0x00,0x00,0x00,0x20,0x00,0x00,0x00,0x01,0x00,0x20,0x08,0x00,0x00,0x00,
  0x00,0x00,0x00,0x00,0x00,0x20,0x00,0x00,0x00,0x01,0x00,0x20,0x08,0x00,0x00,0x00,
  0x00,0x00,0x00,0x00,0x00,0x20,0x00,0x00,0x00,0x01,0x00,0x20,0x08,0x00,0x00,0x00,
  0x00,0x00,0x00,0x00,0x00,0x20,0x00,0x00,0x00,0x01,0x00,0x20,0x08,0x00,0x00,0x00,
  0x00,0x00,0x00,0x00,0x00,0x20,0x00,0x00,0x00,0xff,0x01,0x00,0x20,0x08,0x00,0x00,
  0x00,0x00,0x00,0x00,0x00,0x00,0x20,0x00,0x00,0x00,0x01,0x00,0x20,0x08,0x00,0x00,
  0x00,0x00,0x00,0x00,0x00,0x00,0x20,0x00,0x00,0x00,0x01,0x00,0x20,0x08,0x00,0x00,
  0x00,0x00,0x00,0x00,0x00,0x00,0x20,0x00,0x00,0x00,0x01,0x00,0x20,0x08,0x00,0x00,
  0x00,0x00,0x00,0x00,0x00,0x00,0x20,0x00,0x00,0x00,0x01,0x00,0x20,0x08,0x00,0x00,
  0x00,0x00,0x00,0x00,0x00,0x00,0x20,0x00,0x00,0x00,0x01,0x00,0x20,0x08,0x00,0x00,
  0x00,0x00,0x00,0x00,0x00,0x00,0x20,0x00,0x00,0x00,0x01,0x00,0x20,0x08,0x00,0x00,
  0x00,0x00,0x00,0x08,0x00,0x00,0x00,0x00,0x00,0x00,0x00,0x00,0x01,0x00,0x00,0x00,
  0x00,0x00,0x00,0x08,0x00,0x00,0x00,0x00,0x00,0x00,0x00,0x00,0x01,0x00,0x00,0x00,
  0x00,0x00,0x00,0x08,0x00,0x00,0x00,0x00,0x00,0x00,0x00,0x00,0x01,0x00,0x00,0x00,
  0x00,0x00,0x00,0x08,0x00,0x00,0x00,0x00,0x00,0x00,0x00,0x00,0x01,0x00,0x00,0x00,
  0x00,0x00,0x00,0x08,0x00,0x00,0x00,0x00,0x00,0x00,0x00,0x00,0x01,0x00,0x00,0x00,
  0x00,0x00,0x00,0x08,0x00,0x00,0x00,0x00,0x00,0x00,0x00,0x00,0x01,0x00,0x00,0x00,
  0x00,0x00,0x00,0x08,0x00,0x00,0x00,0x00,0x00,0x00,0x00,0x00,0x01,0x00,0x00,0x00,
  0x00,0x00,0x00,0x08,0x00,0x00,0x00,0x00,0x00,0x00,0x00,0x00,0x01,0x00,0x00,0x00,
  0x00,0x00,0x00,0x08,0x00,0x00,0x00,0x00,0x00,0x00,0x00,0x00,0x01,0x00,0x00,0x00,
  0x00,0x00,0x00,0x08,0x00,0x00,0x00,0x00,0xff,0x00,0x00,0x00,0x00,0x01,0x00,0x00,
  0x00,0x00,0x00,0x00,0x08,0x00,0x00,0x00,0x00,0x00,0x00,0x00,0x00,0x01,0x00,0x00,
  0x00,0x00,0x00,0x00,0x08,0x00,0x00,0x00,0x00,0x00,0x00,0x00,0x00,0x01,0x00,0x00,
  0x00,0x00,0x00,0x00,0x08,0x00,0x00,0x00,0x00,0x00,0x00,0x00,0x00,0x01,0x00,0x00,
  0x00,0x00,0x00,0x00,0x08,0x00,0x00,0x00,0x00,0x00,0x08,0x00,0x00,0x00,0x00,0x20,
  0x00,0x00,0x00,0x00,0x00,0x20,0x00,0x01,0x00,0x00,0x08,0x00,0x00,0x00,0x00,0x20,
  0x00,0x00,0x00,0x00,0x00,0x20,0x00,0x01,0x00,0x00,0x08,0x00,0x00,0x00,0x00,0x20,
  0x00,0x00,0x00,0x00,0x00,0x20,0x00,0x01,0x00,0x00,0x08,0x00,0x00,0x00,0x00,0x20,
  0x00,0x00,0x00,0x00,0x00,0x20,0x00,0x01,0x00,0x00,0x08,0x00,0x00,0x00,0x00,0x20,
  0x00,0x00,0x00,0x00,0x00,0x20,0x00,0x01,0x00,0x00,0x08,0x00,0x00,0x00,0x00,0x20,
  0x00,0x00,0x00,0x00,0x00,0x20,0x00,0x01,0x00,0x00,0x08,0x00,0x00,0x00,0x00,0x20,
  0x00,0x00,0x00,0x00,0x00,0x20,0x00,0x01,0x00,0x00,0x08,0x00,0x00,0x00,0x00,0x20,
  0x00,0x00,0x00,0x00,0x00,0x20,0x00,0x01,0x00,0x00,0x08,0x00,0x00,0x00,0x00,0x20,
  0x00,0x00,0x00,0x00,0x00,0x20,0x00,0x01,0x00,0x00,0x08,0x00,0x00,0x00,0x00,0x20,
  0x00,0x00,0x00,0x00,0x00,0x20,0x00,0x01,0x00,0x00,0x08,0x00,0x00,0x00,0x00,0x20,
  0x00,0x00,0x00,0x00,0x00,0x20,0x00,0x01,0x00,0x00,0x08,0x00,0x00,0x00,0x00,0x20,
  0x00,0x00,0x00,0x00,0x00,0x20,0x00,0xff,0x01,0x00,0x00,0x08,0x00,0x00,0x00,0x00,
  0x20,0x00,0x00,0x00,0x00,0x00,0x20,0x00,0x01,0x00,0x00,0x08,0x00,0x00,0x00,0x00,
  0x20,0x00,0x00,0x00,0x00,0x00,0x00,0x00,0x00,0x00,0x01,0x00,0x00,0x00,0x00,0x00,
  0x00,0x08,0x00,0x00,0x00,0x00,0x00,0x00,0x00,0x00,0x01,0x00,0x00,0x00,0x00,0x00,
  0x00,0x08,0x00,0x00,0x00,0x00,0x00,0x00,0x00,0x00,0x01,0x00,0x00,0x00,0x00,0x00,
  0x00,0x08,0x00,0x00,0x00,0x00,0x00,0x00,0x00,0x00,0x01,0x00,0x00,0x00,0x00,0x00,
  0x00,0x08,0x00,0x00,0x00,0x00,0x00,0x00,0x00,0x00,0x01,0x00,0x00,0x00,0x00,0x00,
  0x00,0x08,0x00,0x00,0x00,0x00,0x00,0x00,0x00,0x00,0x01,0x00,0x00,0x00,0x00,0x00,
  0x00,0x08,0x00,0x00,0x00,0x00,0x00,0x00,0x00,0x00,0x01,0x00,0x00,0x00,0x00,0x00,
  0x00,0x08,0x00,0x00,0x00,0x00,0x00,0x00,0x00,0x00,0x01,0x00,0x00,0x00,0x00,0x00,
  0x00,0x08,0x00,0x00,0x00,0x00,0x00,0x00,0x00,0x00,0x01,0x00,0x00,0x00,0x00,0x00,
  0x00,0x08,0x00,0x00,0x00,0x00,0x00,0x00,0x00,0x00,0x01,0x00,0x00,0x00,0x00,0x00,
  0x00,0x08,0x00,0x00,0x00,0x00,0x00,0x00,0x00,0x00,0x01,0x00,0x00,0x00,0x00,0x00,
  0x00,0x08,0x00,0x00,0x00,0x00,0x00,0x00,0x00,0x00,0x01,0x00,0x00,0x00,0x00,0x00,
  0x00,0x08,0x00,0x00,0x00,0x00,0x00,0x00,0x00,0x00,0x01,0x00,0x00,0x00,0x00,0x00,
  0x00,0x08,0x00,0x00,0x00,0x00,0x00,0x00,0x00,0x00,0x00,0x00,0x00,0x00,0x20,0x00,
  0x00,0x00,0x00,0x00,0x01,0x00,0xff,0x00,0x08,0x20,0x00,0x00,0x00,0x00,0x00,0x20,
  0x00,0x00,0x00,0x00,0x00,0x01,0x00,0x00,0x08,0x20,0x00,0x00,0x00,0x00,0x00,0x20,
  0x00,0x00,0x00,0x00,0x00,0x01,0x00,0x00,0x08,0x20,0x00,0x00,0x00,0x00,0x00,0x20,
  0x00,0x00,0x00,0x00,0x00,0x01,0x00,0x00,0x08,0x20,0x00,0x00,0x00,0x00,0x00,0x20,
  0x00,0x00,0x00,0x00,0x00,0x01,0x00,0x00,0x08,0x20,0x00,0x00,0x00,0x00,0x00,0x20,
  0x00,0x00,0x00,0x00,0x00,0x01,0x00,0x00,0x08,0x20,0x00,0x00,0x00,0x00,0x00,0x20,
  0x00,0x00,0x00,0x00,0x00,0x01,0x00,0x00,0x08,0x20,0x00,0x00,0x00,0x00,0x00,0x20,
  0x00,0x00,0x00,0x00,0x00,0x01,0x00,0x00,0x08,0x20,0x00,0x00,0x00,0x00,0x00,0x20,
  0x00,0x00,0x00,0x00,0x00,0x01,0x00,0x00,0x08,0x20,0x00,0x00,0x00,0x00,0x00,0x20,
  0x00,0x00,0x00,0x00,0x00,0x01,0x00,0x00,0x08,0x20,0x00,0x00,0x00,0x00,0x00,0x20,
  0x00,0x00,0x00,0x00,0x00,0x01,0x00,0x00,0x08,0x20,0x00,0x00,0x00,0x00,0x00,0x20,
  0x00,0x00,0x00,0x00,0x00,0x01,0x00,0x00,0x08,0x20,0x00,0x00,0x00,0x00,0x00,0x20,
  0x00,0x00,0x00,0x00,0x00,0x01,0x00,0x00,0x08,0x20,0x00,0x00,0x00,0x00,0x00,0x20,
  0x00,0x00,0x00,0x00,0x00,0x00,0x00,0x01,0x00,0x00,0x00,0x00,0x00,0x00,0x08,0x00,
  0x00,0x00,0x00,0x00,0x00,0x00,0x00,0x01,0x00,0x00,0x00,0x00,0x00,0x00,0x08,0x00,
  0x00,0x00,0x00,0x00,0x00,0x00,0x00,0x01,0x00,0x00,0x00,0x00,0x00,0x00,0x08,0x00,
  0x00,0x00,0x00,0x00,0x00,0xff,0x00,0x00,0x01,0x00,0x00,0x00,0x00,0x00,0x00,0x08,
  0x00,0x00,0x00,0x00,0x00,0x00,0x00,0x00,0x01,0x00,0x00,0x00,0x00,0x00,0x00,0x08,
  0x00,0x00,0x00,0x00,0x00,0x00,0x00,0x00,0x01,0x00,0x00,0x00,0x00,0x00,0x00,0x08,
  0x00,0x00,0x00,0x00,0x00,0x00,0x00,0x00,0x01,0x00,0x00,0x00,0x00,0x00,0x00,0x08,
  0x00,0x00,0x00,0x00,0x00,0x00,0x00,0x00,0x01,0x00,0x00,0x00,0x00,0x00,0x00,0x08,
  0x00,0x00,0x00,0x00,0x00,0x00,0x00,0x00,0x01,0x00,0x00,0x00,0x00,0x00,0x00,0x08,
  0x00,0x00,0x00,0x00,0x00,0x00,0x00,0x00,0x01,0x00,0x00,0x00,0x00,0x00,0x00,0x08,
  0x00,0x00,0x00,0x00,0x00,0x00,0x00,0x00,0x01,0x00,0x00,0x00,0x00,0x00,0x00,0x08,
  0x00,0x00,0x00,0x00,0x00,0x00,0x00,0x00,0x01,0x00,0x00,0x00,0x00,0x00,0x00,0x08,
  0x00,0x00,0x00,0x00,0x00,0x00,0x00,0x00,0x01,0x00,0x00,0x00,0x00,0x00,0x00,0x08,
  0x00,0x00,0x00,0x00,0x00,0x00,0x00,0x00,0x01,0x00,0x00,0x00,0x00,0x00,0x00,0x00,
  0x00,0x00,0x21,0x00,0x00,0x08,0x00,0x00,0x20,0x00,0x00,0x00,0x00,0x00,0x00,0x00,
  0x00,0x00,0x21,0x00,0x00,0x08,0x00,0x00,0x20,0x00,0x00,0x00,0x00,0x00,0x00,0x00,
  0x00,0x00,0x21,0x00,0x00,0x08,0x00,0x00,0x20,0x00,0x00,0x00,0x00,0x00,0x00,0x00,
  0x00,0x00,0x21,0x00,0x00,0x08,0x00,0x00,0x20,0x00,0x00,0x00,0x00,0x00,0x00,0x00,
  0x00,0x00,0x21,0x00,0x00,0x08,0x00,0x00,0x20,0x00,0x00,0x00,0x00,0x00,0x00,0x00,
  0x00,0x00,0x21,0x00,0xff,0x00,0x08,0x00,0x00,0x20,0x00,0x00,0x00,0x00,0x00,0x00,
  0x00,0x00,0x00,0x21,0x00,0x00,0x08,0x00,0x00,0x20,0x00,0x00,0x00,0x00,0x00,0x00,
  0x00,0x00,0x00,0x21,0x00,0x00,0x08,0x00,0x00,0x20,0x00,0x00,0x00,0x00,0x00,0x00,
  0x00,0x00,0x00,0x21,0x00,0x00,0x08,0x00,0x00,0x20,0x00,0x00,0x00,0x00,0x00,0x00,
  0x00,0x00,0x00,0x21,0x00,0x00,0x08,0x00,0x00,0x20,0x00,0x00,0x00,0x00,0x00,0x00,
  0x00,0x00,0x00,0x21,0x00,0x00,0x08,0x00,0x00,0x20,0x00,0x00,0x00,0x00,0x00,0x00,
  0x00,0x00,0x00,0x21,0x00,0x00,0x08,0x00,0x00,0x20,0x00,0x00,0x00,0x00,0x00,0x00,
  0x00,0x00,0x00,0x21,0x00,0x00,0x08,0x00,0x00,0x20,0x00,0x00,0x00,0x00,0x00,0x00,
  0x00,0x00,0x00,0x21,0x00,0x01,0x00,0x00,0x00,0x00,0x00,0x00,0x08,0x00,0x00,0x00,
  0x00,0x00,0x00,0x00,0x00,0x01,0x00,0x00,0x00,0x00,0x00,0x00,0x08,0x00,0x00,0x00,
  0x00,0x00,0x00,0x00,0x00,0x01,0x00,0x00,0x00,0x00,0x00,0x00,0x08,0x00,0x00,0x00,
  0x00,0x00,0x00,0x00,0x00,0x01,0x00,0x00,0x00,0x00,0x00,0x00,0x08,0x00,0x00,0x00,
  0x00,0x00,0x00,0x00,0x00,0x01,0x00,0x00,0x00,0x00,0x00,0x00,0x08,0x00,0x00,0x00,
  0x00,0x00,0x00,0x00,0x00,0x01,0x00,0x00,0x00,0x00,0x00,0x00,0x08,0x00,0x00,0x00,
  0x00,0x00,0x00,0x00,0x00,0x01,0x00,0x00,0x00,0x00,0x00,0x00,0x08,0x00,0x00,0x00,
  0x00,0x00,0x00,0x00,0x00,0x01,0x00,0x00,0x00,0x00,0x00,0x00,0x08,0x00,0x00,0x00,
  0x00,0x00,0x00,0xff,0x00,0x00,0x01,0x00,0x00,0x00,0x00,0x00,0x00,0x08,0x00,0x00,
  0x00,0x00,0x00,0x00,0x00,0x00,0x01,0x00,0x00,0x00,0x00,0x00,0x00,0x08,0x00,0x00,
  0x00,0x00,0x00,0x00,0x00,0x00,0x01,0x00,0x00,0x00,0x00,0x00,0x00,0x08,0x00,0x00,
  0x00,0x00,0x00,0x00,0x00,0x00,0x01,0x00,0x00,0x00,0x00,0x00,0x00,0x08,0x00,0x00,
  0x00,0x00,0x00,0x00,0x00,0x00,0x01,0x00,0x00,0x00,0x00,0x00,0x00,0x08,0x00,0x00,
  0x00,0x00,0x00,0x00,0x00,0x00,0x01,0x00,0x00,0x00,0x00,0x00,0x00,0x08,0x00,0x00,
  0x01,0x00,0x20,0x08,0x00,0x00,0x00,0x00,0x00,0x00,0x00,0x00,0x20,0x00,0x00,0x00,
  0x01,0x00,0x20,0x08,0x00,0x00,0x00,0x00,0x00,0x00,0x00,0x00,0x20,0x00,0x00,0x00,
  0x01,0x00,0x20,0x08,0x00,0x00,0x00,0x00,0x00,0x00,0x00,0x00,0x20,0x00,0x00,0x00,
  0x01,0x00,0x20,0x08,0x00,0x00,0x00,0x00,0x00,0x00,0x00,0x00,0x20,0x00,0x00,0x00,
  0x01,0x00,0x20,0x08,0x00,0x00,0x00,0x00,0x00,0x00,0x00,0x00,0x20,0x00,0x00,0x00,
  0x01,0x00,0x20,0x08,0x00,0x00,0x00,0x00,0x00,0x00,0x00,0x00,0x20,0x00,0x00,0x00,
  0x01,0x00,0x20,0x08,0x00,0x00,0x00,0x00,0x00,0x00,0x00,0x00,0x20,0x00,0x00,0x00,
  0x01,0x00,0x20,0x08,0x00,0x00,0x00,0x00,0x00,0x00,0x00,0x00,0x20,0x00,0x00,0x00,
  0x01,0x00,0x20,0x08,0x00,0x00,0x00,0x00,0x00,0x00,0x00,0x00,0x20,0x00,0x00,0x00,
  0x01,0x00,0x20,0x08,0x00,0x00,0x00,0x00,0x00,0x00,0x00,0x00,0x20,0x00,0x00,0x00,
  0x01,0x00,0xff,0x20,0x08,0x00,0x00,0x00,0x00,0x00,0x00,0x00,0x00,0x20,0x00,0x00,
  0x00,0x01,0x00,0x20,0x08,0x00,0x00,0x00,0x00,0x00,0x00,0x00,0x00,0x20,0x00,0x00,
  0x00,0x01,0x00,0x20,0x08,0x00,0x00,0x00,0x00,0x00,0x00,0x00,0x00,0x20,0x00,0x00,
  0x00,0x01,0x00,0x20,0x08,0x00,0x00,0x00,0x00,0x00,0x08,0x00,0x00,0x00,0x00,0x00,
  0x00,0x00,0x00,0x01,0x00,0x00,0x00,0x00,0x00,0x00,0x08,0x00,0x00,0x00,0x00,0x00,
  0x00,0x00,0x00,0x01,0x00,0x00,0x00,0x00,0x00,0x00,0x08,0x00,0x00,0x00,0x00,0x00,
  0x00,0x00,0x00,0x01,0x00,0x00,0x00,0x00,0x00,0x00,0x08,0x00,0x00,0x00,0x00,0x00,
  0x00,0x00,0x00,0x01,0x00,0x00,0x00,0x00,0x00,0x00,0x08,0x00,0x00,0x00,0x00,0x00,
  0x00,0x00,0x00,0x01,0x00,0x00,0x00,0x00,0x00,0x00,0x08,0x00,0x00,0x00,0x00,0x00,
  0x00,0x00,0x00,0x01,0x00,0x00,0x00,0x00,0x00,0x00,0x08,0x00,0x00,0x00,0x00,0x00,
  0x00,0x00,0x00,0x01,0x00,0x00,0x00,0x00,0x00,0x00,0x08,0x00,0x00,0x00,0x00,0x00,
  0x00,0x00,0x00,0x01,0x00,0x00,0x00,0x00,0x00,0x00,0x08,0x00,0x00,0x00,0x00,0x00,
  0x00,0x00,0x00,0x01,0x00,0x00,0x00,0x00,0x00,0x00,0x08,0x00,0x00,0x00,0x00,0x00,
  0x00,0x00,0x00,0x01,0x00,0x00,0x00,0x00,0x00,0x00,0x08,0x00,0x00,0x00,0x00,0x00,
  0x00,0x00,0x00,0x01,0x00,0x00,0x00,0x00,0x00,0x00,0x08,0x00,0x00,0x00,0x00,0x00,
  0x00,0x00,0x00,0x01,0x00,0x00,0x00,0x00,0x00,0x00,0x08,0x00,0x00,0x00,0x00,0x00,
  0x00,0xff,0x00,0x00,0x01,0x00,0x00,0x00,0x00,0x00,0x00,0x08,0x00,0x00,0x00,0x00,
  0x00,0x08,0x00,0x00,0x00,0x00,0x20,0x00,0x00,0x00,0x00,0x00,0x20,0x00,0x01,0x00,
  0x00,0x08,0x00,0x00,0x00,0x00,0x20,0x00,0x00,0x00,0x00,0x00,0x20,0x00,0x01,0x00,
  0x00,0x08,0x00,0x00,0x00,0x00,0x20,0x00,0x00,0x00,0x00,0x00,0x20,0x00,0x01,0x00,
  0x00,0x08,0x00,0x00,0x00,0x00,0x20,0x00,0x00,0x00,0x00,0x00,0x20,0x00,0x01,0x00,
  0x00,0x08,0x00,0x00,0x00,0x00,0x20,0x00,0x00,0x00,0x00,0x00,0x20,0x00,0x01,0x00,
  0x00,0x08,0x00,0x00,0x00,0x00,0x20,0x00,0x00,0x00,0x00,0x00,0x20,0x00,0x01,0x00,
  0x00,0x08,0x00,0x00,0x00,0x00,0x20,0x00,0x00,0x00,0x00,0x00,0x20,0x00,0x01,0x00,
  0x00,0x08,0x00,0x00,0x00,0x00,0x20,0x00,0x00,0x00,0x00,0x00,0x20,0x00,0x01,0x00,
  0x00,0x08,0x00,0x00,0x00,0x00,0x20,0x00,0x00,0x00,0x00,0x00,0x20,0x00,0x01,0x00,
  0x00,0x08,0x00,0x00,0x00,0x00,0x20,0x00,0x00,0x00,0x00,0x00,0x20,0x00,0x01,0x00,
  0x00,0x08,0x00,0x00,0x00,0x00,0x20,0x00,0x00,0x00,0x00,0x00,0x20,0x00,0x01,0x00,
  0x00,0x08,0x00,0x00,0x00,0x00,0x20,0x00,0x00,0x00,0x00,0x00,0x20,0x00,0x01,0x00,
  0x00,0x08,0x00,0x00,0x00,0x00,0x20,0x00,0x00,0x00,0x00,0x00,0x20,0x00,0x01,0x00,
  0x00,0x08,0x00,0x00,0x00,0x00,0x20,0x00,0x00,0x00,0x00,0x00,0x00,0x00,0x00,0x00,
  0x01,0x00,0x00,0x00,0x00,0x00,0x00,0x08,0x00,0x00,0x00,0x00,0x00,0x00,0x00,0x00,
  0xff,0x01,0x00,0x00,0x00,0x00,0x00,0x00,0x08,0x00,0x00,0x00,0x00,0x00,0x00,0x00,
  0x00,0x01,0x00,0x00,0x00,0x00,0x00,0x00,0x08,0x00,0x00,0x00,0x00,0x00,0x00,0x00,
  0x00,0x01,0x00,0x00,0x00,0x00,0x00,0x00,0x08,0x00,0x00,0x00,0x00,0x00,0x00,0x00,
  0x00,0x01,0x00,0x00,0x00,0x00,0x00,0x00,0x08,0x00,0x00,0x00,0x00,0x00,0x00,0x00,
  0x00,0x01,0x00,0x00,0x00,0x00,0x00,0x00,0x08,0x00,0x00,0x00,0x00,0x00,0x00,0x00,
  0x00,0x01,0x00,0x00,0x00,0x00,0x00,0x00,0x08,0x00,0x00,0x00,0x00,0x00,0x00,0x00,
  0x00,0x01,0x00,0x00,0x00,0x00,0x00,0x00,0x08,0x00,0x00,0x00,0x00,0x00,0x00,0x00,
  0x00,0x01,0x00,0x00,0x00,0x00,0x00,0x00,0x08,0x00,0x00,0x00,0x00,0x00,0x00,0x00,
  0x00,0x01,0x00,0x00,0x00,0x00,0x00,0x00,0x08,0x00,0x00,0x00,0x00,0x00,0x00,0x00,
  0x00,0x01,0x00,0x00,0x00,0x00,0x00,0x00,0x08,0x00,0x00,0x00,0x00,0x00,0x00,0x00,
  0x00,0x01,0x00,0x00,0x00,0x00,0x00,0x00,0x08,0x00,0x00,0x00,0x00,0x00,0x00,0x00,
  0x00,0x01,0x00,0x00,0x00,0x00,0x00,0x00,0x08,0x00,0x00,0x00,0x00,0x00,0x00,0x00,
  0x00,0x00,0x00,0x00,0x00,0x20,0x00,0x00,0x00,0x00,0x00,0x01,0x00,0x00,0x08,0x20,
  0x00,0x00,0x00,0x00,0x00,0x20,0x00,0x00,0x00,0x00,0x00,0x01,0x00,0x00,0x08,0x20,
  0x00,0x00,0x00,0x00,0x00,0x20,0x00,0x00,0x00,0x00,0x00,0x01,0x00,0x00,0x08,0x20,
  0x00,0x00,0x00,0x00,0x00,0x20,0x00,0x00,0x00,0x00,0x00,0x01,0x00,0x00,0x08,0xff,
  0x20,0x00,0x00,0x00,0x00,0x00,0x20,0x00,0x00,0x00,0x00,0x00,0x01,0x00,0x00,0x08,
  0x20,0x00,0x00,0x00,0x00,0x00,0x20,0x00,0x00,0x00,0x00,0x00,0x01,0x00,0x00,0x08,
  0x20,0x00,0x00,0x00,0x00,0x00,0x20,0x00,0x00,0x00,0x00,0x00,0x01,0x00,0x00,0x08,
  0x20,0x00,0x00,0x00,0x00,0x00,0x20,0x00,0x00,0x00,0x00,0x00,0x01,0x00,0x00,0x08,
  0x20,0x00,0x00,0x00,0x00,0x00,0x20,0x00,0x00,0x00,0x00,0x00,0x01,0x00,0x00,0x08,
  0x20,0x00,0x00,0x00,0x00,0x00,0x20,0x00,0x00,0x00,0x00,0x00,0x01,0x00,0x00,0x08,
  0x20,0x00,0x00,0x00,0x00,0x00,0x20,0x00,0x00,0x00,0x00,0x00,0x01,0x00,0x00,0x08,
  0x20,0x00,0x00,0x00,0x00,0x00,0x20,0x00,0x00,0x00,0x00,0x00,0x01,0x00,0x00,0x08,
  0x20,0x00,0x00,0x00,0x00,0x00,0x20,0x00,0x00,0x00,0x00,0x00,0x01,0x00,0x00,0x08,
  0x20,0x00,0x00,0x00,0x00,0x00,0x20,0x00,0x00,0x00,0x00,0x00,0x00,0x00,0x01,0x00,
  0x00,0x00,0x00,0x00,0x00,0x08,0x00,0x00,0x00,0x00,0x00,0x00,0x00,0x00,0x01,0x00,
  0x00,0x00,0x00,0x00,0x00,0x08,0x00,0x00,0x00,0x00,0x00,0x00,0x00,0x00,0x01,0x00,
  0x00,0x00,0x00,0x00,0x00,0x08,0x00,0x00,0x00,0x00,0x00,0x00,0x00,0x00,0x01,0x00,
  0x00,0x00,0x00,0x00,0x00,0x08,0x00,0x00,0x00,0x00,0x00,0x00,0x00,0x00,0x01,0x00,
  0x00,0x00,0x00,0x00,0x00,0x08,0x00,0x00,0x00,0x00,0x00,0x00,0x00,0x00,0x01,0x00,
  0x00,0x00,0x00,0x00,0x00,0x08,0x00,0x00,0x00,0x00,0x00,0x00,0x00,0x00,0xff,0x01,
  0x00,0x00,0x00,0x00,0x00,0x00,0x08,0x00,0x00,0x00,0x00,0x00,0x00,0x00,0x00,0x01,
  0x00,0x00,0x00,0x00,0x00,0x00,0x08,0x00,0x00,0x00,0x00,0x00,0x00,0x00,0x00,0x01,
  0x00,0x00,0x00,0x00,0x00,0x00,0x08,0x00,0x00,0x00,0x00,0x00,0x00,0x00,0x00,0x01,
  0x00,0x00,0x00,0x00,0x00,0x00,0x08,0x00,0x00,0x00,0x00,0x00,0x00,0x00,0x00,0x01,
  0x00,0x00,0x00,0x00,0x00,0x00,0x08,0x00,0x00,0x00,0x00,0x00,0x00,0x00,0x00,0x01,
  0x00,0x00,0x00,0x00,0x00,0x00,0x08,0x00,0x00,0x00,0x00,0x00,0x00,0x00,0x00,0x01,
  0x00,0x00,0x00,0x00,0x00,0x00,0x08,0x00,0x00,0x00,0x00,0x00,0x00,0x00,0x00,0x01,
  0x00,0x00,0x00,0x00,0x00,0x00,0x00,0x00,0x00,0x21,0x00,0x00,0x08,0x00,0x00,0x20,
  0x00,0x00,0x00,0x00,0x00,0x00,0x00,0x00,0x00,0x21,0x00,0x00,0x08,0x00,0x00,0x20,
  0x00,0x00,0x00,0x00,0x00,0x00,0x00,0x00,0x00,0x21,0x00,0x00,0x08,0x00,0x00,0x20,
  0x00,0x00,0x00,0x00,0x00,0x00,0x00,0x00,0x00,0x21,0x00,0x00,0x08,0x00,0x00,0x20,
  0x00,0x00,0x00,0x00,0x00,0x00,0x00,0x00,0x00,0x21,0x00,0x00,0x08,0x00,0x00,0x20,
  0x00,0x00,0x00,0x00,0x00,0x00,0x00,0x00,0x00,0x21,0x00,0x00,0x08,0x00,0x00,0x20,
  0x00,0x00,0x00,0x00,0x00,0x00,0x00,0x00,0x00,0x21,0x00,0x00,0x08,0x00,0x00,0x20,
  0x00,0x00,0x00,0x00,0x00,0x00,0x00,0x00,0x00,0x21,0x00,0x00,0x08,0x00,0x00,0x20,
  0x00,0x00,0x00,0x00,0x00,0x00,0x00,0x00,0x00,0x21,0x00,0x00,0x08,0xff,0x00,0x00,
  0x20,0x00,0x00,0x00,0x00,0x00,0x00,0x00,0x00,0x00,0x21,0x00,0x00,0x08,0x00,0x00,
  0x20,0x00,0x00,0x00,0x00,0x00,0x00,0x00,0x00,0x00,0x21,0x00,0x00,0x08,0x00,0x00,
  0x20,0x00,0x00,0x00,0x00,0x00,0x00,0x00,0x00,0x00,0x21,0x00,0x00,0x08,0x00,0x00,
  0x20,0x00,0x00,0x00,0x00,0x00,0x00,0x00,0x00,0x00,0x21,0x00,0x00,0x08,0x00,0x00,
  0x20,0x00,0x00,0x00,0x00,0x00,0x00,0x00,0x00,0x00,0x21,0x00,0x01,0x00,0x00,0x00,
  0x00,0x00,0x00,0x08,0x00,0x00,0x00,0x00,0x00,0x00,0x00,0x00,0x01,0x00,0x00,0x00,
  0x00,0x00,0x00,0x08,0x00,0x00,0x00,0x00,0x00,0x00,0x00,0x00,0x01,0x00,0x00,0x00,
  0x00,0x00,0x00,0x08,0x00,0x00,0x00,0x00,0x00,0x00,0x00,0x00,0x01,0x00,0x00,0x00,
  0x00,0x00,0x00,0x08,0x00,0x00,0x00,0x00,0x00,0x00,0x00,0x00,0x01,0x00,0x00,0x00,
  0x00,0x00,0x00,0x08,0x00,0x00,0x00,0x00,0x00,0x00,0x00,0x00,0x01,0x00,0x00,0x00,
  0x00,0x00,0x00,0x08,0x00,0x00,0x00,0x00,0x00,0x00,0x00,0x00,0x01,0x00,0x00,0x00,
  0x00,0x00,0x00,0x08,0x00,0x00,0x00,0x00,0x00,0x00,0x00,0x00,0x01,0x00,0x00,0x00,
  0x00,0x00,0x00,0x08,0x00,0x00,0x00,0x00,0x00,0x00,0x00,0x00,0x01,0x00,0x00,0x00,
  0x00,0x00,0x00,0x08,0x00,0x00,0x00,0x00,0x00,0x00,0x00,0x00,0x01,0x00,0x00,0x00,
  0x00,0x00,0x00,0x08,0x00,0x00,0x00,0x00,0x00,0x00,0x00,0x00,0x01,0x00,0x00,0x00,
  0x00,0x00,0x00,0x08,0x00,0x00,0x00,0x00,0x00,0x00,0x00,0x00,0xff,0x01,0x00,0x00,
  0x00,0x00,0x00,0x00,0x08,0x00,0x00,0x00,0x00,0x00,0x00,0x00,0x00,0x01,0x00,0x00,
  0x00,0x00,0x00,0x00,0x08,0x00,0x00,0x00,0x00,0x00,0x00,0x00,0x00,0x01,0x00,0x00,
  0x00,0x00,0x00,0x00,0x08,0x00,0x00,0x01,0x00,0x20,0x08,0x00,0x00,0x00,0x00,0x00,
  0x00,0x00,0x00,0x20,0x00,0x00,0x00,0x01,0x00,0x20,0x08,0x00,0x00,0x00,0x00,0x00,
  0x00,0x00,0x00,0x20,0x00,0x00,0x00,0x01,0x00,0x20,0x08,0x00,0x00,0x00,0x00,0x00,
  0x00,0x00,0x00,0x20,0x00,0x00,0x00,0x01,0x00,0x20,0x08,0x00,0x00,0x00,0x00,0x00,
  0x00,0x00,0x00,0x20,0x00,0x00,0x00,0x01,0x00,0x20,0x08,0x00,0x00,0x00,0x00,0x00,
  0x00,0x00,0x00,0x20,0x00,0x00,0x00,0x01,0x00,0x20,0x08,0x00,0x00,0x00,0x00,0x00,
  0x00,0x00,0x00,0x20,0x00,0x00,0x00,0x01,0x00,0x20,0x08,0x00,0x00,0x00,0x00,0x00,
  0x00,0x00,0x00,0x20,0x00,0x00,0x00,0x01,0x00,0x20,0x08,0x00,0x00,0x00,0x00,0x00,
  0x00,0x00,0x00,0x20,0x00,0x00,0x00,0x01,0x00,0x20,0x08,0x00,0x00,0x00,0x00,0x00,
  0x00,0x00,0x00,0x20,0x00,0x00,0x00,0x01,0x00,0x20,0x08,0x00,0x00,0x00,0x00,0x00,
  0x00,0x00,0x00,0x20,0x00,0x00,0x00,0x01,0x00,0x20,0x08,0x00,0x00,0x00,0x00,0x00,
  0x00,0x00,0x00,0x20,0x00,0x00,0x00,0x01,0x00,0x20,0x08,0x00,0x00,0x00,0x00,0x00,
  0x00,0x00,0x00,0x20,0x00,0x00,0x00,0x01,0x00,0x20,0x08,0x00,0x00,0x00,0x00,0x00,
  0x00,0x00,0x00,0x20,0x00,0x00,0x00,0x01,0x00,0x20,0x08,0xff,0x00,0x00,0x00,0x00,
  0x00,0x08,0x00,0x00,0x00,0x00,0x00,0x00,0x00,0x00,0x01,0x00,0x00,0x00,0x00,0x00,
  0x00,0x08,0x00,0x00,0x00,0x00,0x00,0x00,0x00,0x00,0x01,0x00,0x00,0x00,0x00,0x00,
  0x00,0x08,0x00,0x00,0x00,0x00,0x00,0x00,0x00,0x00,0x01,0x00,0x00,0x00,0x00,0x00,
  0x00,0x08,0x00,0x00,0x00,0x00,0x00,0x00,0x00,0x00,0x01,0x00,0x00,0x00,0x00,0x00,
  0x00,0x08,0x00,0x00,0x00,0x00,0x00,0x00,0x00,0x00,0x01,0x00,0x00,0x00,0x00,0x00,
  0x00,0x08,0x00,0x00,0x00,0x00,0x00,0x00,0x00,0x00,0x01,0x00,0x00,0x00,0x00,0x00,
  0x00,0x08,0x00,0x00,0x00,0x00,0x00,0x00,0x00,0x00,0x01,0x00,0x00,0x00,0x00,0x00,
  0x00,0x08,0x00,0x00,0x00,0x00,0x00,0x00,0x00,0x00,0x01,0x00,0x00,0x00,0x00,0x00,
  0x00,0x08,0x00,0x00,0x00,0x00,0x00,0x00,0x00,0x00,0x01,0x00,0x00,0x00,0x00,0x00,
  0x00,0x08,0x00,0x00,0x00,0x00,0x00,0x00,0x00,0x00,0x01,0x00,0x00,0x00,0x00,0x00,
  0x00,0x08,0x00,0x00,0x00,0x00,0x00,0x00,0x00,0x00,0x01,0x00,0x00,0x00,0x00,0x00,
  0x00,0x08,0x00,0x00,0x00,0x00,0x00,0x00,0x00,0x00,0x01,0x00,0x00,0x00,0x00,0x00,
  0x00,0x08,0x00,0x00,0x00,0x00,0x00,0x00,0x00,0x00,0x01,0x00,0x00,0x00,0x00,0x00,
  0x00,0x08,0x00,0x00,0x00,0x00,0x00,0x08,0x00,0x00,0x00,0x00,0x20,0x00,0x00,0x00,
  0x00,0x00,0x20,0x00,0x01,0x00,0x00,0x08,0x00,0x00,0x00,0x00,0x20,0x00,0x00,0x00,
  0x00,0x00,0x20,0x00,0x01,0x00,0x00,0x08,0x00,0x00,0xff,0x00,0x00,0x20,0x00,0x00,
  0x00,0x00,0x00,0x20,0x00,0x01,0x00,0x00,0x08,0x00,0x00,0x00,0x00,0x20,0x00,0x00,
  0x00,0x00,0x00,0x20,0x00,0x01,0x00,0x00,0x08,0x00,0x00,0x00,0x00,0x20,0x00,0x00,
  0x00,0x00,0x00,0x20,0x00,0x01,0x00,0x00,0x08,0x00,0x00,0x00,0x00,0x20,0x00,0x00,
  0x00,0x00,0x00,0x20,0x00,0x01,0x00,0x00,0x08,0x00,0x00,0x00,0x00,0x20,0x00,0x00,
  0x00,0x00,0x00,0x20,0x00,0x01,0x00,0x00,0x08,0x00,0x00,0x00,0x00,0x20,0x00,0x00,
  0x00,0x00,0x00,0x20,0x00,0x01,0x00,0x00,0x08,0x00,0x00,0x00,0x00,0x20,0x00,0x00,
  0x00,0x00,0x00,0x20,0x00,0x01,0x00,0x00,0x08,0x00,0x00,0x00,0x00,0x20,0x00,0x00,
  0x00,0x00,0x00,0x20,0x00,0x01,0x00,0x00,0x08,0x00,0x00,0x00,0x00,0x20,0x00,0x00,
  0x00,0x00,0x00,0x20,0x00,0x01,0x00,0x00,0x08,0x00,0x00,0x00,0x00,0x20,0x00,0x00,
  0x00,0x00,0x00,0x20,0x00,0x01,0x00,0x00,0x08,0x00,0x00,0x00,0x00,0x20,0x00,0x00,
  0x00,0x00,0x00,0x20,0x00,0x01,0x00,0x00,0x08,0x00,0x00,0x00,0x00,0x20,0x00,0x00,
  0x00,0x00,0x00,0x00,0x00,0x00,0x00,0x01,0x00,0x00,0x00,0x00,0x00,0x00,0x08,0x00,
  0x00,0x00,0x00,0x00,0x00,0x00,0x00,0x01,0x00,0x00,0x00,0x00,0x00,0x00,0x08,0x00,
  0x00,0x00,0x00,0x00,0x00,0x00,0x00,0x01,0x00,0x00,0x00,0x00,0x00,0x00,0x08,0x00,
  0x00,0x00,0x00,0x00,0x00,0x00,0x00,0x01,0x00,0x00,0x00,0x00,0x00,0x00,0x08,0x00,
  0x00,0x00,0x00,0x00,0x00,0x00,0x00,0x01,0x00,0xff,0x00,0x00,0x00,0x00,0x00,0x08,
  0x00,0x00,0x00,0x00,0x00,0x00,0x00,0x00,0x01,0x00,0x00,0x00,0x00,0x00,0x00,0x08,
  0x00,0x00,0x00,0x00,0x00,0x00,0x00,0x00,0x01,0x00,0x00,0x00,0x00,0x00,0x00,0x08,
  0x00,0x00,0x00,0x00,0x00,0x00,0x00,0x00,0x01,0x00,0x00,0x00,0x00,0x00,0x00,0x08,
  0x00,0x00,0x00,0x00,0x00,0x00,0x00,0x00,0x01,0x00,0x00,0x00,0x00,0x00,0x00,0x08,
  0x00,0x00,0x00,0x00,0x00,0x00,0x00,0x00,0x01,0x00,0x00,0x00,0x00,0x00,0x00,0x08,
  0x00,0x00,0x00,0x00,0x00,0x00,0x00,0x00,0x01,0x00,0x00,0x00,0x00,0x00,0x00,0x08,
  0x00,0x00,0x00,0x00,0x00,0x00,0x00,0x00,0x01,0x00,0x00,0x00,0x00,0x00,0x00,0x08,
  0x00,0x00,0x00,0x00,0x00,0x00,0x00,0x00,0x01,0x00,0x00,0x00,0x00,0x00,0x00,0x08,
  0x00,0x00,0x00,0x00,0x00,0x00,0x00,0x00,0x00,0x00,0x00,0x00,0x20,0x00,0x00,0x00,
  0x00,0x00,0x01,0x00,0x00,0x08,0x20,0x00,0x00,0x00,0x00,0x00,0x20,0x00,0x00,0x00,
  0x00,0x00,0x01,0x00,0x00,0x08,0x20,0x00,0x00,0x00,0x00,0x00,0x20,0x00,0x00,0x00,
  0x00,0x00,0x01,0x00,0x00,0x08,0x20,0x00,0x00,0x00,0x00,0x00,0x20,0x00,0x00,0x00,
  0x00,0x00,0x01,0x00,0x00,0x08,0x20,0x00,0x00,0x00,0x00,0x00,0x20,0x00,0x00,0x00,
  0x00,0x00,0x01,0x00,0x00,0x08,0x20,0x00,0x00,0x00,0x00,0x00,0x20,0x00,0x00,0x00,
  0x00,0x00,0x01,0x00,0x00,0x08,0x20,0x00,0x00,0x00,0x00,0x00,0x20,0x00,0x00,0x00,
  0x00,0x00,0x01,0x00,0x00,0x08,0x20,0x00,0xff,0x00,0x00,0x00,0x00,0x20,0x00,0x00,
  0x00,0x00,0x00,0x01,0x00,0x00,0x08,0x20,0x00,0x00,0x00,0x00,0x00,0x20,0x00,0x00,
  0x00,0x00,0x00,0x01,0x00,0x00,0x08,0x20,0x00,0x00,0x00,0x00,0x00,0x20,0x00,0x00,
  0x00,0x00,0x00,0x01,0x00,0x00,0x08,0x20,0x00,0x00,0x00,0x00,0x00,0x20,0x00,0x00,
  0x00,0x00,0x00,0x01,0x00,0x00,0x08,0x20,0x00,0x00,0x00,0x00,0x00,0x20,0x00,0x00,
  0x00,0x00,0x00,0x01,0x00,0x00,0x08,0x20,0x00,0x00,0x00,0x00,0x00,0x20,0x00,0x00,
  0x00,0x00,0x00,0x01,0x00,0x00,0x08,0x20,0x00,0x00,0x00,0x00,0x00,0x20,0x00,0x00,
  0x00,0x00,0x00,0x00,0x00,0x01,0x00,0x00,0x00,0x00,0x00,0x00,0x08,0x00,0x00,0x00,
  0x00,0x00,0x00,0x00,0x00,0x01,0x00,0x00,0x00,0x00,0x00,0x00,0x08,0x00,0x00,0x00,
  0x00,0x00,0x00,0x00,0x00,0x01,0x00,0x00,0x00,0x00,0x00,0x00,0x08,0x00,0x00,0x00,
  0x00,0x00,0x00,0x00,0x00,0x01,0x00,0x00,0x00,0x00,0x00,0x00,0x08,0x00,0x00,0x00,
  0x00,0x00,0x00,0x00,0x00,0x01,0x00,0x00,0x00,0x00,0x00,0x00,0x08,0x00,0x00,0x00,
  0x00,0x00,0x00,0x00,0x00,0x01,0x00,0x00,0x00,0x00,0x00,0x00,0x08,0x00,0x00,0x00,
  0x00,0x00,0x00,0x00,0x00,0x01,0x00,0x00,0x00,0x00,0x00,0x00,0x08,0x00,0x00,0x00,
  0x00,0x00,0x00,0x00,0x00,0x01,0x00,0x00,0x00,0x00,0x00,0x00,0x08,0x00,0x00,0x00,
  0x00,0x00,0x00,0x00,0x00,0x01,0x00,0x00,0x00,0x00,0x00,0x00,0x08,0x00,0x00,0x00,
  0x00,0x00,0x00,0x00,0x00,0x01,0x00,0xff,0x00,0x00,0x00,0x00,0x00,0x08,0x00,0x00,
  0x00,0x00,0x00,0x00,0x00,0x00,0x01,0x00,0x00,0x00,0x00,0x00,0x00,0x08,0x00,0x00,
  0x00,0x00,0x00,0x00,0x00,0x00,0x01,0x00,0x00,0x00,0x00,0x00,0x00,0x08,0x00,0x00,
  0x00,0x00,0x00,0x00,0x00,0x00,0x01,0x00,0x00,0x00,0x00,0x00,0x00,0x08,0x00,0x00,
  0x00,0x00,0x00,0x00,0x00,0x00,0x01,0x00,0x00,0x00,0x00,0x00,0x00,0x00,0x00,0x00,
  0x21,0x00,0x00,0x08,0x00,0x00,0x20,0x00,0x00,0x00,0x00,0x00,0x00,0x00,0x00,0x00,
  0x21,0x00,0x00,0x08,0x00,0x00,0x20,0x00,0x00,0x00,0x00,0x00,0x00,0x00,0x00,0x00,
  0x21,0x00,0x00,0x08,0x00,0x00,0x20,0x00,0x00,0x00,0x00,0x00,0x00,0x00,0x00,0x00,
  0x21,0x00,0x00,0x08,0x00,0x00,0x20,0x00,0x00,0x00,0x00,0x00,0x00,0x00,0x00,0x00,
  0x21,0x00,0x00,0x08,0x00,0x00,0x20,0x00,0x00,0x00,0x00,0x00,0x00,0x00,0x00,0x00,
  0x21,0x00,0x00,0x08,0x00,0x00,0x20,0x00,0x00,0x00,0x00,0x00,0x00,0x00,0x00,0x00,
  0x21,0x00,0x00,0x08,0x00,0x00,0x20,0x00,0x00,0x00,0x00,0x00,0x00,0x00,0x00,0x00,
  0x21,0x00,0x00,0x08,0x00,0x00,0x20,0x00,0x00,0x00,0x00,0x00,0x00,0x00,0x00,0x00,
  0x21,0x00,0x00,0x08,0x00,0x00,0x20,0x00,0x00,0x00,0x00,0x00,0x00,0x00,0x00,0x00,
  0x21,0x00,0x00,0x08,0x00,0x00,0x20,0x00,0x00,0x00,0x00,0x00,0x00,0x00,0x00,0x00,
  0x21,0x00,0x00,0x08,0x00,0x00,0x20,0x00,0x00,0x00,0x00,0x00,0x00,0x00,0x00,0x00,
  0x21,0x00,0x00,0x08,0x00,0x00,0xff,0x20,0x00,0x00,0x00,0x00,0x00,0x00,0x00,0x00,
  0x00,0x21,0x00,0x00,0x08,0x00,0x00,0x20,0x00,0x00,0x00,0x00,0x00,0x00,0x00,0x00,
  0x00,0x21,0x00,0x01,0x00,0x00,0x00,0x00,0x00,0x00,0x08,0x00,0x00,0x00,0x00,0x00,
  0x00,0x00,0x00,0x01,0x00,0x00,0x00,0x00,0x00,0x00,0x08,0x00,0x00,0x00,0x00,0x00,
  0x00,0x00,0x00,0x01,0x00,0x00,0x00,0x00,0x00,0x00,0x08,0x00,0x00,0x00,0x00,0x00,
  0x00,0x00,0x00,0x01,0x00,0x00,0x00,0x00,0x00,0x00,0x08,0x00,0x00,0x00,0x00,0x00,
  0x00,0x00,0x00,0x01,0x00,0x00,0x00,0x00,0x00,0x00,0x08,0x00,0x00,0x00,0x00,0x00,
  0x00,0x00,0x00,0x01,0x00,0x00,0x00,0x00,0x00,0x00,0x08,0x00,0x00,0x00,0x00,0x00,
  0x00,0x00,0x00,0x01,0x00,0x00,0x00,0x00,0x00,0x00,0x08,0x00,0x00,0x00,0x00,0x00,
  0x00,0x00,0x00,0x01,0x00,0x00,0x00,0x00,0x00,0x00,0x08,0x00,0x00,0x00,0x00,0x00,
  0x00,0x00,0x00,0x01,0x00,0x00,0x00,0x00,0x00,0x00,0x08,0x00,0x00,0x00,0x00,0x00,
  0x00,0x00,0x00,0x01,0x00,0x00,0x00,0x00,0x00,0x00,0x08,0x00,0x00,0x00,0x00,0x00,
  0x00,0x00,0x00,0x01,0x00,0x00,0x00,0x00,0x00,0x00,0x08,0x00,0x00,0x00,0x00,0x00,
  0x00,0x00,0x00,0x01,0x00,0x00,0x00,0x00,0x00,0x00,0x08,0x00,0x00,0x00,0x00,0x00,
  0x00,0x00,0x00,0x01,0x00,0x00,0x00,0x00,0x00,0x00,0x08,0x00,0x00,0x00,0x00,0x00,
  0x00,0x00,0x00,0x01,0x00,0x00,0x00,0x00,0x00,0x00,0x08,0x00,0x00,0x01,0x00,0x20,
  0x08,0x00,0x00,0x00,0x00,0xff,0x00,0x00,0x00,0x00,0x20,0x00,0x00,0x00,0x01,0x00,
  0x20,0x08,0x00,0x00,0x00,0x00,0x00,0x00,0x00,0x00,0x20,0x00,0x00,0x00,0x01,0x00,
  0x20,0x08,0x00,0x00,0x00,0x00,0x00,0x00,0x00,0x00,0x20,0x00,0x00,0x00,0x01,0x00,
  0x20,0x08,0x00,0x00,0x00,0x00,0x00,0x00,0x00,0x00,0x20,0x00,0x00,0x00,0x01,0x00,
  0x20,0x08,0x00,0x00,0x00,0x00,0x00,0x00,0x00,0x00,0x20,0x00,0x00,0x00,0x01,0x00,
  0x20,0x08,0x00,0x00,0x00,0x00,0x00,0x00,0x00,0x00,0x20,0x00,0x00,0x00,0x01,0x00,
  0x20,0x08,0x00,0x00,0x00,0x00,0x00,0x00,0x00,0x00,0x20,0x00,0x00,0x00,0x01,0x00,
  0x20,0x08,0x00,0x00,0x00,0x00,0x00,0x00,0x00,0x00,0x20,0x00,0x00,0x00,0x01,0x00,
  0x20,0x08,0x00,0x00,0x00,0x00,0x00,0x00,0x00,0x00,0x20,0x00,0x00,0x00,0x01,0x00,
  0x20,0x08,0x00,0x00,0x00,0x00,0x00,0x00,0x00,0x00,0x20,0x00,0x00,0x00,0x01,0x00,
  0x20,0x08,0x00,0x00,0x00,0x00,0x00,0x00,0x00,0x00,0x20,0x00,0x00,0x00,0x01,0x00,
  0x20,0x08,0x00,0x00,0x00,0x00,0x00,0x00,0x00,0x00,0x20,0x00,0x00,0x00,0x01,0x00,
  0x20,0x08,0x00,0x00,0x00,0x00,0x00,0x00,0x00,0x00,0x20,0x00,0x00,0x00,0x01,0x00,
  0x20,0x08,0x00,0x00,0x00,0x00,0x00,0x08,0x00,0x00,0x00,0x00,0x00,0x00,0x00,0x00,
  0x01,0x00,0x00,0x00,0x00,0x00,0x00,0x08,0x00,0x00,0x00,0x00,0x00,0x00,0x00,0x00,
  0x01,0x00,0x00,0x00,0x00,0x00,0x00,0x08,0x00,0x00,0x00,0x00,0x00,0x00,0x00,0x00,
  0x01,0x00,0x00,0x00,0xff,0x00,0x00,0x00,0x08,0x00,0x00,0x00,0x00,0x00,0x00,0x00,
  0x00,0x01,0x00,0x00,0x00,0x00,0x00,0x00,0x08,0x00,0x00,0x00,0x00,0x00,0x00,0x00,
  0x00,0x01,0x00,0x00,0x00,0x00,0x00,0x00,0x08,0x00,0x00,0x00,0x00,0x00,0x00,0x00,
  0x00,0x01,0x00,0x00,0x00,0x00,0x00,0x00,0x08,0x00,0x00,0x00,0x00,0x00,0x00,0x00,
  0x00,0x01,0x00,0x00,0x00,0x00,0x00,0x00,0x08,0x00,0x00,0x00,0x00,0x00,0x00,0x00,
  0x00,0x01,0x00,0x00,0x00,0x00,0x00,0x00,0x08,0x00,0x00,0x00,0x00,0x00,0x00,0x00,
  0x00,0x01,0x00,0x00,0x00,0x00,0x00,0x00,0x08,0x00,0x00,0x00,0x00,0x00,0x00,0x00,
  0x00,0x01,0x00,0x00,0x00,0x00,0x00,0x00,0x08,0x00,0x00,0x00,0x00,0x00,0x00,0x00,
  0x00,0x01,0x00,0x00,0x00,0x00,0x00,0x00,0x08,0x00,0x00,0x00,0x00,0x00,0x00,0x00,
  0x00,0x01,0x00,0x00,0x00,0x00,0x00,0x00,0x08,0x00,0x00,0x00,0x00,0x00,0x00,0x00,
  0x00,0x01,0x00,0x00,0x00,0x00,0x00,0x00,0x08,0x00,0x00,0x00,0x00,0x00,0x08,0x00,
  0x00,0x00,0x00,0x20,0x00,0x00,0x00,0x00,0x00,0x20,0x00,0x01,0x00,0x00,0x08,0x00,
  0x00,0x00,0x00,0x20,0x00,0x00,0x00,0x00,0x00,0x20,0x00,0x01,0x00,0x00,0x08,0x00,
  0x00,0x00,0x00,0x20,0x00,0x00,0x00,0x00,0x00,0x20,0x00,0x01,0x00,0x00,0x08,0x00,
  0x00,0x00,0x00,0x20,0x00,0x00,0x00,0x00,0x00,0x20,0x00,0x01,0x00,0x00,0x08,0x00,
  0x00,0x00,0x00,0x20,0x00,0x00,0x00,0x00,0x00,0x20,0x00,0x01,0x00,0x00,0x08,0x00,
  0x00,0x00,0x00,0xff,0x20,0x00,0x00,0x00,0x00,0x00,0x20,0x00,0x01,0x00,0x00,0x08,
  0x00,0x00,0x00,0x00,0x20,0x00,0x00,0x00,0x00,0x00,0x20,0x00,0x01,0x00,0x00,0x08,
  0x00,0x00,0x00,0x00,0x20,0x00,0x00,0x00,0x00,0x00,0x20,0x00,0x01,0x00,0x00,0x08,
  0x00,0x00,0x00,0x00,0x20,0x00,0x00,0x00,0x00,0x00,0x20,0x00,0x01,0x00,0x00,0x08,
  0x00,0x00,0x00,0x00,0x20,0x00,0x00,0x00,0x00,0x00,0x20,0x00,0x01,0x00,0x00,0x08,
  0x00,0x00,0x00,0x00,0x20,0x00,0x00,0x00,0x00,0x00,0x20,0x00,0x01,0x00,0x00,0x08,
  0x00,0x00,0x00,0x00,0x20,0x00,0x00,0x00,0x00,0x00,0x20,0x00,0x01,0x00,0x00,0x08,
  0x00,0x00,0x00,0x00,0x20,0x00,0x00,0x00,0x00,0x00,0x20,0x00,0x01,0x00,0x00,0x08,
  0x00,0x00,0x00,0x00,0x20,0x00,0x00,0x00,0x00,0x00,0x00,0x00,0x00,0x00,0x01,0x00,
  0x00,0x00,0x00,0x00,0x00,0x08,0x00,0x00,0x00,0x00,0x00,0x00,0x00,0x00,0x01,0x00,
  0x00,0x00,0x00,0x00,0x00,0x08,0x00,0x00,0x00,0x00,0x00,0x00,0x00,0x00,0x01,0x00,
  0x00,0x00,0x00,0x00,0x00,0x08,0x00,0x00,0x00,0x00,0x00,0x00,0x00,0x00,0x01,0x00,
  0x00,0x00,0x00,0x00,0x00,0x08,0x00,0x00,0x00,0x00,0x00,0x00,0x00,0x00,0x01,0x00,
  0x00,0x00,0x00,0x00,0x00,0x08,0x00,0x00,0x00,0x00,0x00,0x00,0x00,0x00,0x01,0x00,
  0x00,0x00,0x00,0x00,0x00,0x08,0x00,0x00,0x00,0x00,0x00,0x00,0x00,0x00,0x01,0x00,
  0x00,0x00,0x00,0x00,0x00,0x08,0x00,0x00,0x00,0x00,0x00,0x00,0x00,0x00,0x01,0x00,
  0x00,0x00,0xff,0x00,0x00,0x00,0x08,0x00,0x00,0x00,0x00,0x00,0x00,0x00,0x00,0x01,
  0x00,0x00,0x00,0x00,0x00,0x00,0x08,0x00,0x00,0x00,0x00,0x00,0x00,0x00,0x00,0x01,
  0x00,0x00,0x00,0x00,0x00,0x00,0x08,0x00,0x00,0x00,0x00,0x00,0x00,0x00,0x00,0x01,
  0x00,0x00,0x00,0x00,0x00,0x00,0x08,0x00,0x00,0x00,0x00,0x00,0x00,0x00,0x00,0x01,
  0x00,0x00,0x00,0x00,0x00,0x00,0x08,0x00,0x00,0x00,0x00,0x00,0x00,0x00,0x00,0x01,
  0x00,0x00,0x00,0x00,0x00,0x00,0x08,0x00,0x00,0x00,0x00,0x00,0x00,0x00,0x00,0x00,
  0x00,0x00,0x00,0x20,0x00,0x00,0x00,0x00,0x00,0x01,0x00,0x00,0x08,0x20,0x00,0x00,
  0x00,0x00,0x00,0x20,0x00,0x00,0x00,0x00,0x00,0x01,0x00,0x00,0x08,0x20,0x00,0x00,
  0x00,0x00,0x00,0x20,0x00,0x00,0x00,0x00,0x00,0x01,0x00,0x00,0x08,0x20,0x00,0x00,
  0x00,0x00,0x00,0x20,0x00,0x00,0x00,0x00,0x00,0x01,0x00,0x00,0x08,0x20,0x00,0x00,
  0x00,0x00,0x00,0x20,0x00,0x00,0x00,0x00,0x00,0x01,0x00,0x00,0x08,0x20,0x00,0x00,
  0x00,0x00,0x00,0x20,0x00,0x00,0x00,0x00,0x00,0x01,0x00,0x00,0x08,0x20,0x00,0x00,
  0x00,0x00,0x00,0x20,0x00,0x00,0x00,0x00,0x00,0x01,0x00,0x00,0x08,0x20,0x00,0x00,
  0x00,0x00,0x00,0x20,0x00,0x00,0x00,0x00,0x00,0x01,0x00,0x00,0x08,0x20,0x00,0x00,
  0x00,0x00,0x00,0x20,0x00,0x00,0x00,0x00,0x00,0x01,0x00,0x00,0x08,0x20,0x00,0x00,
  0x00,0x00,0x00,0x20,0x00,0x00,0x00,0x00,0x00,0x01,0x00,0x00,0x08,0x20,0x00,0x00,
  0x00,0xff,0x00,0x00,0x20,0x00,0x00,0x00,0x00,0x00,0x01,0x00,0x00,0x08,0x20,0x00,
  0x00,0x00,0x00,0x00,0x20,0x00,0x00,0x00,0x00,0x00,0x01,0x00,0x00,0x08,0x20,0x00,
  0x00,0x00,0x00,0x00,0x20,0x00,0x00,0x00,0x00,0x00,0x01,0x00,0x00,0x08,0x20,0x00,
  0x00,0x00,0x00,0x00,0x20,0x00,0x00,0x00,0x00,0x00,0x00,0x00,0x01,0x00,0x00,0x00,
  0x00,0x00,0x00,0x08,0x00,0x00,0x00,0x00,0x00,0x00,0x00,0x00,0x01,0x00,0x00,0x00,
  0x00,0x00,0x00,0x08,0x00,0x00,0x00,0x00,0x00,0x00,0x00,0x00,0x01,0x00,0x00,0x00,
  0x00,0x00,0x00,0x08,0x00,0x00,0x00,0x00,0x00,0x00,0x00,0x00,0x01,0x00,0x00,0x00,
  0x00,0x00,0x00,0x08,0x00,0x00,0x00,0x00,0x00,0x00,0x00,0x00,0x01,0x00,0x00,0x00,
  0x00,0x00,0x00,0x08,0x00,0x00,0x00,0x00,0x00,0x00,0x00,0x00,0x01,0x00,0x00,0x00,
  0x00,0x00,0x00,0x08,0x00,0x00,0x00,0x00,0x00,0x00,0x00,0x00,0x01,0x00,0x00,0x00,
  0x00,0x00,0x00,0x08,0x00,0x00,0x00,0x00,0x00,0x00,0x00,0x00,0x01,0x00,0x00,0x00,
  0x00,0x00,0x00,0x08,0x00,0x00,0x00,0x00,0x00,0x00,0x00,0x00,0x01,0x00,0x00,0x00,
  0x00,0x00,0x00,0x08,0x00,0x00,0x00,0x00,0x00,0x00,0x00,0x00,0x01,0x00,0x00,0x00,
  0x00,0x00,0x00,0x08,0x00,0x00,0x00,0x00,0x00,0x00,0x00,0x00,0x01,0x00,0x00,0x00,
  0x00,0x00,0x00,0x08,0x00,0x00,0x00,0x00,0x00,0x00,0x00,0x00,0x01,0x00,0x00,0x00,
  0x00,0x00,0x00,0x08,0x00,0x00,0x00,0x00,0x00,0x00,0x00,0x00,0x01,0x00,0x00,0x00,
  0xff,0x00,0x00,0x00,0x08,0x00,0x00,0x00,0x00,0x00,0x00,0x00,0x00,0x01,0x00,0x00,
  0x00,0x00,0x00,0x00,0x00,0x00,0x00,0x21,0x00,0x00,0x08,0x00,0x00,0x20,0x00,0x00,
  0x00,0x00,0x00,0x00,0x00,0x00,0x00,0x21,0x00,0x00,0x08,0x00,0x00,0x20,0x00,0x00,
  0x00,0x00,0x00,0x00,0x00,0x00,0x00,0x21,0x00,0x00,0x08,0x00,0x00,0x20,0x00,0x00,
  0x00,0x00,0x00,0x00,0x00,0x00,0x00,0x21,0x00,0x00,0x08,0x00,0x00,0x20,0x00,0x00,
  0x00,0x00,0x00,0x00,0x00,0x00,0x00,0x21,0x00,0x00,0x08,0x00,0x00,0x20,0x00,0x00,
  0x00,0x00,0x00,0x00,0x00,0x00,0x00,0x21,0x00,0x00,0x08,0x00,0x00,0x20,0x00,0x00,
  0x00,0x00,0x00,0x00,0x00,0x00,0x00,0x21,0x00,0x00,0x08,0x00,0x00,0x20,0x00,0x00,
  0x00,0x00,0x00,0x00,0x00,0x00,0x00,0x21,0x00,0x00,0x08,0x00,0x00,0x20,0x00,0x00,
  0x00,0x00,0x00,0x00,0x00,0x00,0x00,0x21,0x00,0x00,0x08,0x00,0x00,0x20,0x00,0x00,
  0x00,0x00,0x00,0x00,0x00,0x00,0x00,0x21,0x00,0x00,0x08,0x00,0x00,0x20,0x00,0x00,
  0x00,0x00,0x00,0x00,0x00,0x00,0x00,0x21,0x00,0x00,0x08,0x00,0x00,0x20,0x00,0x00,
  0x00,0x00,0x00,0x00,0x00,0x00,0x00,0x21,0x00,0x00,0x08,0x00,0x00,0x20,0x00,0x00,
  0x00,0x00,0x00,0x00,0x00,0x00,0x00,0x21,0x00,0x00,0x08,0x00,0x00,0x20,0x00,0x00,
  0x00,0x00,0x00,0x00,0x00,0x00,0x00,0x21,0x00,0x01,0x00,0x00,0x00,0x00,0x00,0x00,
  0x08,0x00,0x00,0x00,0x00,0x00,0x00,0x00,0x00,0x01,0x00,0x00,0x00,0x00,0x00,0xff,
  0x00,0x08,0x00,0x00,0x00,0x00,0x00,0x00,0x00,0x00,0x01,0x00,0x00,0x00,0x00,0x00,
  0x00,0x08,0x00,0x00,0x00,0x00,0x00,0x00,0x00,0x00,0x01,0x00,0x00,0x00,0x00,0x00,
  0x00,0x08,0x00,0x00,0x00,0x00,0x00,0x00,0x00,0x00,0x01,0x00,0x00,0x00,0x00,0x00,
  0x00,0x08,0x00,0x00,0x00,0x00,0x00,0x00,0x00,0x00,0x01,0x00,0x00,0x00,0x00,0x00,
  0x00,0x08,0x00,0x00,0x00,0x00,0x00,0x00,0x00,0x00,0x01,0x00,0x00,0x00,0x00,0x00,
  0x00,0x08,0x00,0x00,0x00,0x00,0x00,0x00,0x00,0x00,0x01,0x00,0x00,0x00,0x00,0x00,
  0x00,0x08,0x00,0x00,0x00,0x00,0x00,0x00,0x00,0x00,0x01,0x00,0x00,0x00,0x00,0x00,
  0x00,0x08,0x00,0x00,0x00,0x00,0x00,0x00,0x00,0x00,0x01,0x00,0x00,0x00,0x00,0x00,
  0x00,0x08,0x00,0x00,0x00,0x00,0x00,0x00,0x00,0x00,0x01,0x00,0x00,0x00,0x00,0x00,
  0x00,0x08,0x00,0x00,0x00,0x00,0x00,0x00,0x00,0x00,0x01,0x00,0x00,0x00,0x00,0x00,
  0x00,0x08,0x00,0x00,0x00,0x00,0x00,0x00,0x00,0x00,0x01,0x00,0x00,0x00,0x00,0x00,
  0x00,0x08,0x00,0x00,0x00,0x00,0x00,0x00,0x00,0x00,0x01,0x00,0x00,0x00,0x00,0x00,
  0x00,0x08,0x00,0x00,0x01,0x00,0x20,0x08,0x00,0x00,0x00,0x00,0x00,0x00,0x00,0x00,
  0x20,0x00,0x00,0x00,0x01,0x00,0x20,0x08,0x00,0x00,0x00,0x00,0x00,0x00,0x00,0x00,
  0x20,0x00,0x00,0x00,0x01,0x00,0x20,0x08,0x00,0x00,0x00,0x00,0x00,0x00,0x00,0x00,
  0xa3,0x10,0x82,0x10,0x83,0x10,0x04,0x21,0x00,0x00,0x00,0x00,0x00,0x00,0xff,0x00,
  0x00,0x20,0x00,0x40,0x08,0x41,0x08,0xe3,0x20,0x41,0x08,0x40,0x08,0x00,0x00,0x00,
  0x00,0x20,0x00,0x00,0x00,0x01,0x00,0x20,0x08,0x21,0x00,0x20,0x08,0x00,0x00,0x00,
  0x00,0x20,0x00,0x00,0x00,0x01,0x00,0x20,0x08,0x00,0x00,0x00,0x00,0x00,0x00,0x00,
  0x00,0x20,0x00,0x00,0x00,0x01,0x00,0x20,0x08,0x00,0x00,0x00,0x00,0x00,0x00,0x00,
  0x00,0x20,0x00,0x00,0x00,0x01,0x00,0x20,0x08,0x00,0x00,0x00,0x00,0x00,0x00,0x00,
  0x00,0x20,0x00,0x00,0x00,0x01,0x00,0x20,0x08,0x00,0x00,0x00,0x00,0x00,0x00,0x00,
  0x00,0x20,0x00,0x00,0x00,0x01,0x00,0x20,0x08,0x00,0x00,0x00,0x00,0x00,0x00,0x00,
  0x00,0x20,0x00,0x00,0x00,0x01,0x00,0x20,0x08,0x00,0x00,0x00,0x00,0x00,0x00,0x00,
  0x00,0x20,0x00,0x00,0x00,0x01,0x00,0x20,0x08,0x00,0x00,0x00,0x00,0x00,0x00,0x00,
  0x00,0x20,0x00,0x00,0x00,0x01,0x00,0x20,0x08,0x00,0x00,0x00,0x00,0x00,0x08,0x00,
  0x00,0x00,0x00,0x00,0x00,0x00,0x00,0x01,0x00,0x00,0x00,0x00,0x00,0x00,0x08,0x00,
  0x00,0x00,0x00,0x00,0x00,0x00,0x00,0x01,0x00,0x00,0x00,0x00,0x00,0x00,0x08,0x00,
  0x00,0x00,0x00,0x00,0x00,0x00,0x00,0xa3,0x18,0x6d,0x73,0x97,0xb5,0x10,0x84,0x0d,
  0x63,0x86,0x39,0x62,0x08,0xc3,0x20,0x83,0x10,0x81,0x10,0x42,0x08,0xe3,0x20,0x8b,
  0x52,0x8a,0x52,0xe8,0x39,0x31,0x8c,0x2d,0x63,0xa3,0x18,0xc4,0x18,0x41,0x08,0xc4,
  0x18,0xc3,0x20,0xc3,0x18,0xc3,0x20,0xe4,0x20,0xc3,0x18,0x00,0x00,0xff,0x00,0x08,
  0x00,0x00,0x00,0x00,0x00,0x00,0x00,0x00,0x01,0x00,0x00,0x00,0x00,0x00,0x00,0x08,
  0x00,0x00,0x00,0x00,0x00,0x00,0x00,0x00,0x01,0x00,0x00,0x00,0x00,0x00,0x00,0x08,
  0x00,0x00,0x00,0x00,0x00,0x00,0x00,0x00,0x01,0x00,0x00,0x00,0x00,0x00,0x00,0x08,
  0x00,0x00,0x00,0x00,0x00,0x00,0x00,0x00,0x01,0x00,0x00,0x00,0x00,0x00,0x00,0x08,
  0x00,0x00,0x00,0x00,0x00,0x00,0x00,0x00,0x01,0x00,0x00,0x00,0x00,0x00,0x00,0x08,
  0x00,0x00,0x00,0x00,0x00,0x00,0x00,0x00,0x01,0x00,0x00,0x00,0x00,0x00,0x00,0x08,
  0x00,0x00,0x00,0x00,0x00,0x00,0x00,0x00,0x01,0x00,0x00,0x00,0x00,0x00,0x00,0x08,
  0x00,0x00,0x00,0x00,0x00,0x08,0x00,0x00,0x00,0x00,0x20,0x00,0x00,0x00,0x00,0x00,
  0x20,0x00,0x01,0x00,0x00,0x08,0x00,0x00,0x00,0x00,0x20,0x00,0x00,0x00,0x00,0x00,
  0x20,0x00,0x01,0x00,0x00,0x08,0x00,0x00,0x00,0x00,0x20,0x00,0x00,0x00,0x41,0x08,
  0x0c,0x63,0xbf,0xf7,0xff,0xff,0xff,0xff,0xff,0xff,0xff,0xff,0x96,0xb5,0xd7,0xbd,
  0x0b,0x63,0xed,0x62,0x5d,0xef,0x1d,0xe7,0xff,0xff,0xff,0xff,0xff,0xff,0xff,0xff,
  0xde,0xff,0x97,0xbd,0xc7,0x41,0xa3,0x10,0x82,0x18,0x35,0xa5,0xbf,0xff,0x19,0xc6,
  0xae,0x73,0xc4,0x18,0x41,0x08,0x00,0x00,0x00,0x00,0x20,0x00,0x00,0x00,0x00,0x00,
  0x20,0x00,0x01,0x00,0x00,0x08,0x00,0x00,0x00,0x00,0x20,0x00,0x00,0x00,0x00,0x00,
  0x20,0x00,0x01,0x00,0x00,0x08,0x00,0x00,0x00,0x00,0x20,0x00,0xff,0x00,0x00,0x00,
  0x00,0x20,0x00,0x01,0x00,0x00,0x08,0x00,0x00,0x00,0x00,0x20,0x00,0x00,0x00,0x00,
  0x00,0x20,0x00,0x01,0x00,0x00,0x08,0x00,0x00,0x00,0x00,0x20,0x00,0x00,0x00,0x00,
  0x00,0x20,0x00,0x01,0x00,0x00,0x08,0x00,0x00,0x00,0x00,0x20,0x00,0x00,0x00,0x00,
  0x00,0x20,0x00,0x01,0x00,0x00,0x08,0x00,0x00,0x00,0x00,0x20,0x00,0x00,0x00,0x00,
  0x00,0x20,0x00,0x01,0x00,0x00,0x08,0x00,0x00,0x00,0x00,0x20,0x00,0x00,0x00,0x00,
  0x00,0x00,0x00,0x00,0x00,0x01,0x00,0x00,0x00,0x00,0x00,0x00,0x08,0x00,0x00,0x00,
  0x00,0x00,0x00,0x00,0x00,0x01,0x00,0x00,0x00,0x00,0x00,0x00,0x08,0x00,0x00,0x00,
  0x00,0x00,0x00,0x00,0x00,0x01,0x00,0x41,0x08,0x18,0xc6,0xff,0xff,0xff,0xff,0xff,
  0xff,0xff,0xff,0xff,0xff,0xff,0xff,0xff,0xff,0xff,0xff,0xff,0xff,0xff,0xff,0xff,
  0xff,0xff,0xff,0xff,0xff,0xff,0xff,0xff,0xff,0xff,0xff,0xff,0xff,0xdf,0xff,0x9a,
  0xde,0x10,0x84,0x45,0x31,0x1d,0xe7,0xff,0xff,0xbf,0xf7,0x69,0x52,0xc4,0x18,0x00,
  0x00,0x00,0x00,0x00,0x00,0x01,0x00,0x00,0x00,0x00,0x00,0x00,0x08,0x00,0x00,0x00,
  0x00,0x00,0x00,0x00,0x00,0x01,0x00,0x00,0x00,0x00,0x00,0x00,0x08,0x00,0x00,0x00,
  0x00,0x00,0x00,0x00,0x00,0x01,0x00,0x00,0x00,0x00,0x00,0x00,0x08,0x00,0x00,0x00,
  0x00,0x00,0x00,0x00,0x00,0x01,0x00,0x00,0x00,0x00,0x00,0x00,0x08,0x00,0x00,0x00,
  0x00,0x00,0x00,0x00,0x00,0x01,0x00,0x00,0x00,0x00,0x00,0xad,0x00,0x08,0x00,0x00,
  0x00,0x00,0x00,0x00,0x00,0x00,0x01,0x00,0x00,0x00,0x00,0x00,0x00,0x08,0x00,0x00,
  0x00,0x00,0x00,0x00,0x00,0x00,0x01,0x00,0x00,0x00,0x00,0x00,0x00,0x08,0x00,0x00,
  0x00,0x00,0x00,0x00,0x00,0x00,0x00,0x00,0x00,0x00,0x20,0x00,0x00,0x00,0x00,0x00,
  0x01,0x00,0x00,0x08,0x20,0x00,0x00,0x00,0x00,0x00,0x20,0x00,0x00,0x00,0x00,0x00,
  0x01,0x00,0x00,0x08,0x20,0x00,0x00,0x00,0x00,0x00,0x20,0x00,0x00,0x00,0x00,0x00,
  0xa3,0x10,0x35,0xad,0xff,0xff,0x13,0xff,0xff,0xda,0x9b,0xd6,0xff,0xff,0xff,0xff,
  0xff,0xff,0x5d,0xef,0xa7,0x39,0xe4,0x18,0x20,0x00,0x00,0x00,0x00,0x00,0x01,0x00,
  0x00,0x08,0x20,0x00,0x00,0x00,0x00,0x00,0x20,0x00,0x00,0x00,0x00,0x00,0x01,0x00,
  0x00,0x08,0x20,0x00,0x00,0x00,0x00,0x00,0x20,0x00,0x00,0x00,0x00,0x00,0x01,0x00,
  0x00,0x08,0x20,0x00,0x00,0x00,0x00,0x00,0x20,0x00,0x00,0x00,0x00,0x00,0x01,0x00,
  0x00,0x08,0x20,0x00,0x00,0x00,0x00,0x00,0x20,0x00,0x00,0x00,0x00,0x00,0x01,0x00,
  0x00,0x08,0x20,0x00,0x00,0x00,0x00,0x00,0x20,0x00,0x00,0x00,0x00,0x00,0x01,0x00,
  0x00,0x08,0x20,0x00,0x00,0x00,0x00,0x00,0x20,0x00,0x00,0x00,0x00,0x00,0x01,0x00,
  0x00,0x08,0x20,0x00,0x00,0x00,0x00,0x00,0x20,0x00,0x00,0x00,0x00,0x00,0x00,0x00,
  0x01,0x00,0x00,0x00,0x00,0x00,0x00,0x08,0x00,0x00,0x00,0x00,0x00,0x00,0x00,0x00,
  0x01,0x00,0x00,0x00,0x00,0x00,0x00,0x08,0x00,0x00,0x00,0x00,0x00,0x00,0x00,0x00,
  0x01,0x00,0x00,0x00,0x00,0x00,0x41,0x10,0x29,0x4a,0x9e,0xf7,0xff,0xff,0x17,0xff,
  0xff,0xd9,0xd3,0x9c,0xe3,0x20,0x01,0x00,0x00,0x00,0x00,0x00,0x00,0x08,0x00,0x00,
  0x00,0x00,0x00,0x00,0x00,0x00,0x01,0x00,0x00,0x00,0x00,0x00,0x00,0x08,0x00,0x00,
  0x00,0x00,0x00,0x00,0x00,0x00,0x01,0x00,0x00,0x00,0x00,0x00,0x00,0x08,0x00,0x00,
  0x00,0x00,0x00,0x00,0x00,0x00,0x01,0x00,0x00,0x00,0x00,0x00,0x00,0x08,0x00,0x00,
  0x00,0x00,0x00,0x00,0x00,0x00,0x01,0x00,0x00,0x00,0x00,0x00,0x00,0x08,0x00,0x00,
  0x00,0x00,0x00,0x00,0x00,0x00,0x01,0x00,0x00,0x00,0x00,0x00,0x00,0x08,0x00,0x00,
  0x00,0x00,0x00,0x00,0x00,0x00,0x01,0x00,0x00,0x00,0x00,0x00,0x00,0x08,0x00,0x00,
  0x00,0x00,0x00,0x00,0x00,0x00,0x01,0x00,0x00,0x00,0x00,0x00,0x00,0x00,0x00,0x00,
  0x21,0x00,0x00,0x08,0x00,0x00,0x20,0x00,0x00,0x00,0x00,0x00,0x00,0x00,0x00,0x00,
  0x21,0x00,0x00,0x08,0x00,0x00,0x20,0x00,0x00,0x00,0x00,0x00,0x00,0x00,0x00,0x00,
  0x21,0x00,0x00,0x08,0x00,0x00,0x04,0x21,0xe8,0x41,0x10,0x84,0x31,0x84,0xd7,0xc5,
  0x19,0xc6,0xff,0xff,0x13,0xff,0xff,0xff,0x8e,0x7b,0xc4,0x18,0x00,0x00,0x21,0x00,
  0x00,0x08,0x00,0x00,0x20,0x00,0x00,0x00,0x00,0x00,0x00,0x00,0x00,0x00,0x21,0x00,
  0x00,0x08,0x00,0x00,0x20,0x00,0x00,0x00,0x00,0x00,0x00,0x00,0x00,0x00,0x21,0x00,
  0x00,0x08,0x00,0x00,0x20,0x00,0x00,0x00,0x00,0x00,0x00,0x00,0x00,0x00,0x21,0x00,
  0x00,0x08,0x00,0x00,0x20,0x00,0x00,0x00,0x00,0x00,0x00,0x00,0x00,0x00,0x21,0x00,
  0x00,0x08,0x00,0x00,0x20,0x00,0x00,0x00,0x00,0x00,0x00,0x00,0x00,0x00,0x21,0x00,
  0x00,0x08,0x00,0x00,0x20,0x00,0x00,0x00,0x00,0x00,0x00,0x00,0x00,0x00,0x21,0x00,
  0x00,0x08,0x00,0x00,0x20,0x00,0x00,0x00,0x00,0x00,0x00,0x00,0x00,0x00,0x21,0x00,
  0x01,0x00,0x00,0x00,0x00,0x00,0x00,0x08,0x00,0x00,0x00,0x00,0x00,0x00,0x00,0x00,
  0x01,0x00,0x00,0x00,0x00,0x00,0x00,0x08,0x00,0x00,0x00,0x00,0x00,0x00,0x00,0x00,
  0x01,0x00,0x00,0x00,0x00,0x00,0x00,0x08,0x00,0x00,0x00,0x00,0x00,0x00,0x82,0x18,
  0x66,0x29,0x62,0x10,0x42,0x08,0xcf,0x83,0xff,0xff,0xff,0xff,0xff,0xff,0xff,0xff,
  0xff,0xff,0xfb,0xe6,0xff,0xff,0xff,0xff,0xff,0xff,0xff,0xff,0xff,0xff,0xff,0xff,
  0xff,0xff,0xff,0xff,0xff,0xff,0xff,0xff,0xff,0xff,0xff,0xff,0xff,0xff,0x79,0xd6,
  0x25,0x29,0x00,0x00,0x00,0x00,0x00,0x08,0x00,0x00,0x00,0x00,0x00,0x00,0x00,0x00,
  0x01,0x00,0x00,0x00,0x00,0x00,0x00,0x08,0x00,0x00,0x00,0x00,0x00,0x00,0x00,0x00,
  0x01,0x00,0x00,0x00,0x00,0x00,0xff,0x00,0x08,0x00,0x00,0x00,0x00,0x00,0x00,0x00,
  0x00,0x01,0x00,0x00,0x00,0x00,0x00,0x00,0x08,0x00,0x00,0x00,0x00,0x00,0x00,0x00,
  0x00,0x01,0x00,0x00,0x00,0x00,0x00,0x00,0x08,0x00,0x00,0x00,0x00,0x00,0x00,0x00,
  0x00,0x01,0x00,0x00,0x00,0x00,0x00,0x00,0x08,0x00,0x00,0x00,0x00,0x00,0x00,0x00,
  0x00,0x01,0x00,0x00,0x00,0x00,0x00,0x00,0x08,0x00,0x00,0x00,0x00,0x00,0x00,0x00,
  0x00,0x01,0x00,0x00,0x00,0x00,0x00,0x00,0x08,0x00,0x00,0x01,0x00,0x20,0x08,0x00,
  0x00,0x00,0x00,0x00,0x00,0x00,0x00,0x20,0x00,0x00,0x00,0x01,0x00,0x20,0x08,0x00,
  0x00,0x00,0x00,0x00,0x00,0x00,0x00,0x20,0x00,0x00,0x00,0x01,0x00,0x20,0x08,0x00,
  0x00,0x00,0x00,0x00,0x00,0x00,0x00,0x20,0x00,0x00,0x00,0x42,0x08,0x45,0x31,0x9f,
  0xf7,0xff,0xff,0xff,0xff,0xff,0xff,0xff,0xff,0xff,0xff,0x8f,0x73,0xd3,0x9c,0xff,
  0xff,0xff,0xff,0xdf,0xff,0x1c,0xef,0xbf,0xf7,0xff,0xff,0xbf,0xff,0xd7,0xbd,0xbf,
  0xf7,0xff,0xff,0xff,0xff,0xdf,0xff,0x6a,0x4a,0x24,0x29,0x01,0x00,0x20,0x08,0x00,
  0x00,0x00,0x00,0x00,0x00,0x00,0x00,0x20,0x00,0x00,0x00,0x01,0x00,0x20,0x08,0x00,
  0x00,0x00,0x00,0x00,0x00,0x00,0x00,0x20,0x00,0x00,0x00,0x01,0x00,0x20,0x08,0x00,
  0x00,0x00,0x00,0x00,0x00,0x00,0x00,0x20,0x00,0x00,0x00,0x01,0x00,0x20,0x08,0x00,
  0x00,0x00,0x00,0x00,0x00,0x00,0x00,0x20,0x00,0x00,0x00,0x01,0x00,0x20,0x08,0x00,
  0x00,0x00,0x00,0x00,0x00,0xff,0x00,0x00,0x20,0x00,0x00,0x00,0x01,0x00,0x20,0x08,
  0x00,0x00,0x00,0x00,0x00,0x00,0x00,0x00,0x20,0x00,0x00,0x00,0x01,0x00,0x20,0x08,
  0x00,0x00,0x00,0x00,0x00,0x00,0x00,0x00,0x20,0x00,0x00,0x00,0x01,0x00,0x20,0x08,
  0x00,0x00,0x00,0x00,0x00,0x08,0x00,0x00,0x00,0x00,0x00,0x00,0x00,0x00,0x01,0x00,
  0x00,0x00,0x00,0x00,0x00,0x08,0x00,0x00,0x00,0x00,0x00,0x00,0x00,0x00,0x01,0x00,
  0x00,0x00,0x00,0x00,0x00,0x08,0x00,0x00,0x00,0x00,0x00,0x00,0x00,0x00,0x01,0x00,
  0x00,0x00,0x00,0x00,0x61,0x10,0x6a,0x4a,0xff,0xff,0xff,0xff,0xff,0xff,0xff,0xff,
  0xff,0xff,0xff,0xff,0xff,0xff,0xff,0xff,0xff,0xff,0xff,0xff,0xd7,0xc5,0x62,0x10,
  0x0c,0x63,0xff,0xff,0xbe,0xff,0x6e,0x6b,0x7d,0xf7,0xff,0xff,0xff,0xff,0xdf,0xff,
  0x49,0x52,0x83,0x10,0x00,0x08,0x00,0x00,0x00,0x00,0x00,0x00,0x00,0x00,0x01,0x00,
  0x00,0x00,0x00,0x00,0x00,0x08,0x00,0x00,0x00,0x00,0x00,0x00,0x00,0x00,0x01,0x00,
  0x00,0x00,0x00,0x00,0x00,0x08,0x00,0x00,0x00,0x00,0x00,0x00,0x00,0x00,0x01,0x00,
  0x00,0x00,0x00,0x00,0x00,0x08,0x00,0x00,0x00,0x00,0x00,0x00,0x00,0x00,0x01,0x00,
  0x00,0x00,0x00,0x00,0x00,0x08,0x00,0x00,0x00,0x00,0x00,0x00,0x00,0x00,0x01,0x00,
  0x00,0x00,0x00,0x00,0x00,0x08,0x00,0x00,0x00,0x00,0x00,0x00,0x00,0x00,0x01,0x00,
  0x00,0x00,0x00,0x00,0x00,0x08,0x00,0x00,0x00,0x00,0x00,0x00,0x00,0x00,0x01,0x00,
  0x00,0x00,0x00,0x00,0xff,0x00,0x08,0x00,0x00,0x00,0x00,0x00,0x08,0x00,0x00,0x00,
  0x00,0x20,0x00,0x00,0x00,0x00,0x00,0x20,0x00,0x01,0x00,0x00,0x08,0x00,0x00,0x00,
  0x00,0x20,0x00,0x00,0x00,0x00,0x00,0x20,0x00,0x01,0x00,0x00,0x08,0x00,0x00,0x00,
  0x00,0x20,0x00,0x00,0x00,0x00,0x00,0x20,0x00,0x01,0x00,0x00,0x08,0x83,0x10,0x6a,
  0x52,0xff,0xff,0xff,0xff,0xff,0xff,0xff,0xff,0xff,0xff,0xff,0xff,0xbf,0xf7,0xff,
  0xff,0xff,0xff,0xff,0xff,0xfc,0xde,0x44,0x29,0xb8,0xbd,0xff,0xff,0xff,0xff,0xff,
  0xff,0xff,0xff,0xff,0xff,0xff,0xff,0xff,0xff,0x4a,0x52,0x62,0x10,0x00,0x00,0x00,
  0x00,0x20,0x00,0x00,0x00,0x00,0x00,0x20,0x00,0x01,0x00,0x00,0x08,0x00,0x00,0x00,
  0x00,0x20,0x00,0x00,0x00,0x00,0x00,0x20,0x00,0x01,0x00,0x00,0x08,0x00,0x00,0x00,
  0x00,0x20,0x00,0x00,0x00,0x00,0x00,0x20,0x00,0x01,0x00,0x00,0x08,0x00,0x00,0x00,
  0x00,0x20,0x00,0x00,0x00,0x00,0x00,0x20,0x00,0x01,0x00,0x00,0x08,0x00,0x00,0x00,
  0x00,0x20,0x00,0x00,0x00,0x00,0x00,0x20,0x00,0x01,0x00,0x00,0x08,0x00,0x00,0x00,
  0x00,0x20,0x00,0x00,0x00,0x00,0x00,0x20,0x00,0x01,0x00,0x00,0x08,0x00,0x00,0x00,
  0x00,0x20,0x00,0x00,0x00,0x00,0x00,0x20,0x00,0x01,0x00,0x00,0x08,0x00,0x00,0x00,
  0x00,0x20,0x00,0x00,0x00,0x00,0x00,0x00,0x00,0x00,0x00,0x01,0x00,0x00,0x00,0x00,
  0x00,0x00,0x08,0x00,0x00,0x00,0x00,0x00,0x00,0x00,0x00,0x01,0x00,0x00,0x00,0x00,
  0x00,0x00,0x08,0xff,0x00,0x00,0x00,0x00,0x00,0x00,0x00,0x00,0x01,0x00,0x00,0x00,
  0x00,0x00,0x00,0x08,0x41,0x00,0xa3,0x18,0x92,0x94,0xff,0xff,0xff,0xff,0xff,0xff,
  0xff,0xff,0xff,0xff,0xff,0xff,0xec,0x62,0x0c,0x63,0x7a,0xd6,0x97,0xb5,0x8a,0x52,
  0x62,0x08,0x14,0xad,0xbf,0xf7,0x14,0xad,0xdb,0xde,0xff,0xff,0xff,0xff,0xff,0xff,
  0xff,0xff,0x55,0xb5,0x83,0x10,0x00,0x00,0x00,0x00,0x00,0x00,0x01,0x00,0x00,0x00,
  0x00,0x00,0x00,0x08,0x00,0x00,0x00,0x00,0x00,0x00,0x00,0x00,0x01,0x00,0x00,0x00,
  0x00,0x00,0x00,0x08,0x00,0x00,0x00,0x00,0x00,0x00,0x00,0x00,0x01,0x00,0x00,0x00,
  0x00,0x00,0x00,0x08,0x00,0x00,0x00,0x00,0x00,0x00,0x00,0x00,0x01,0x00,0x00,0x00,
  0x00,0x00,0x00,0x08,0x00,0x00,0x00,0x00,0x00,0x00,0x00,0x00,0x01,0x00,0x00,0x00,
  0x00,0x00,0x00,0x08,0x00,0x00,0x00,0x00,0x00,0x00,0x00,0x00,0x01,0x00,0x00,0x00,
  0x00,0x00,0x00,0x08,0x00,0x00,0x00,0x00,0x00,0x00,0x00,0x00,0x01,0x00,0x00,0x00,
  0x00,0x00,0x00,0x08,0x00,0x00,0x00,0x00,0x00,0x00,0x00,0x00,0x00,0x00,0x00,0x00,
  0x20,0x00,0x00,0x00,0x00,0x00,0x01,0x00,0x00,0x08,0x20,0x00,0x00,0x00,0x00,0x00,
  0x20,0x00,0x00,0x00,0x00,0x00,0x01,0x00,0x00,0x08,0x20,0x00,0x00,0x00,0x00,0x00,
  0x20,0x00,0x00,0x00,0x00,0x00,0x01,0x00,0x00,0x08,0x20,0x00,0x00,0x00,0x21,0x08,
  0x92,0x9c,0xff,0xff,0xff,0xff,0xff,0xff,0xff,0xff,0xff,0xff,0xff,0xff,0xdb,0xde,
  0x29,0x4a,0xff,0x41,0x08,0x61,0x18,0x05,0x31,0xe4,0x20,0x82,0x08,0xa2,0x18,0xc4,
  0x18,0x75,0xb5,0xff,0xff,0xff,0xff,0xff,0xff,0xff,0xff,0xf4,0x9c,0xc3,0x18,0x00,
  0x00,0x20,0x00,0x00,0x00,0x00,0x00,0x01,0x00,0x00,0x08,0x20,0x00,0x00,0x00,0x00,
  0x00,0x20,0x00,0x00,0x00,0x00,0x00,0x01,0x00,0x00,0x08,0x20,0x00,0x00,0x00,0x00,
  0x00,0x20,0x00,0x00,0x00,0x00,0x00,0x01,0x00,0x00,0x08,0x20,0x00,0x00,0x00,0x00,
  0x00,0x20,0x00,0x00,0x00,0x00,0x00,0x01,0x00,0x00,0x08,0x20,0x00,0x00,0x00,0x00,
  0x00,0x20,0x00,0x00,0x00,0x00,0x00,0x01,0x00,0x00,0x08,0x20,0x00,0x00,0x00,0x00,
  0x00,0x20,0x00,0x00,0x00,0x00,0x00,0x01,0x00,0x00,0x08,0x20,0x00,0x00,0x00,0x00,
  0x00,0x20,0x00,0x00,0x00,0x00,0x00,0x01,0x00,0x00,0x08,0x20,0x00,0x00,0x00,0x00,
  0x00,0x20,0x00,0x00,0x00,0x00,0x00,0x00,0x00,0x01,0x00,0x00,0x00,0x00,0x00,0x00,
  0x08,0x00,0x00,0x00,0x00,0x00,0x00,0x00,0x00,0x01,0x00,0x00,0x00,0x00,0x00,0x00,
  0x08,0x00,0x00,0x00,0x00,0x00,0x00,0x00,0x00,0x01,0x00,0x00,0x00,0x00,0x00,0x00,
  0x08,0x00,0x00,0x00,0x00,0x00,0x00,0xc3,0x18,0x9e,0xf7,0xff,0xff,0xff,0xff,0xff,
  0xff,0xff,0xff,0xff,0xff,0xff,0xff,0xff,0xff,0xf8,0xc5,0x82,0x10,0x66,0x39,0x45,
  0x39,0xa3,0x18,0x75,0xb5,0xbb,0xde,0x5d,0xef,0xff,0xff,0xff,0xff,0xff,0xff,0xff,
  0xff,0xff,0xff,0x0c,0x63,0xe4,0x18,0x00,0x00,0x01,0x00,0x00,0x00,0x00,0x00,0x00,
  0x08,0xff,0x00,0x00,0x00,0x00,0x00,0x00,0x00,0x00,0x01,0x00,0x00,0x00,0x00,0x00,
  0x00,0x08,0x00,0x00,0x00,0x00,0x00,0x00,0x00,0x00,0x01,0x00,0x00,0x00,0x00,0x00,
  0x00,0x08,0x00,0x00,0x00,0x00,0x00,0x00,0x00,0x00,0x01,0x00,0x00,0x00,0x00,0x00,
  0x00,0x08,0x00,0x00,0x00,0x00,0x00,0x00,0x00,0x00,0x01,0x00,0x00,0x00,0x00,0x00,
  0x00,0x08,0x00,0x00,0x00,0x00,0x00,0x00,0x00,0x00,0x01,0x00,0x00,0x00,0x00,0x00,
  0x00,0x08,0x00,0x00,0x00,0x00,0x00,0x00,0x00,0x00,0x01,0x00,0x00,0x00,0x00,0x00,
  0x00,0x08,0x00,0x00,0x00,0x00,0x00,0x00,0x00,0x00,0x01,0x00,0x00,0x00,0x00,0x00,
  0x00,0x00,0x00,0x00,0x21,0x00,0x00,0x08,0x00,0x00,0x20,0x00,0x00,0x00,0x00,0x00,
  0x00,0x00,0x00,0x00,0x21,0x00,0x00,0x08,0x00,0x00,0x20,0x00,0x00,0x00,0x00,0x00,
  0x00,0x00,0x00,0x00,0x21,0x00,0x00,0x08,0x00,0x00,0x20,0x00,0x00,0x00,0x41,0x10,
  0x09,0x42,0x5d,0xf7,0xff,0xff,0xff,0xff,0xff,0xff,0xff,0xff,0xff,0xff,0xff,0xff,
  0xff,0xff,0xff,0xff,0x92,0xa4,0x66,0x59,0x29,0x7a,0xad,0xbb,0x55,0xf5,0xf7,0xfd,
  0xda,0xfe,0xde,0xff,0xff,0xff,0xff,0xff,0xff,0xff,0xbe,0xf7,0x87,0x31,0x41,0x08,
  0x00,0x00,0x00,0x00,0x21,0x00,0x00,0x08,0x00,0x00,0x20,0x00,0x00,0x00,0x00,0x00,
  0x00,0x00,0x00,0x00,0x21,0x00,0x00,0x08,0x00,0x00,0x20,0x00,0x00,0x00,0x00,0x00,
  0x00,0x00,0x00,0x00,0x21,0x00,0x00,0x08,0x00,0x00,0x20,0x00,0x00,0x00,0x00,0x00,
  0xff,0x00,0x00,0x00,0x00,0x21,0x00,0x00,0x08,0x00,0x00,0x20,0x00,0x00,0x00,0x00,
  0x00,0x00,0x00,0x00,0x00,0x21,0x00,0x00,0x08,0x00,0x00,0x20,0x00,0x00,0x00,0x00,
  0x00,0x00,0x00,0x00,0x00,0x21,0x00,0x00,0x08,0x00,0x00,0x20,0x00,0x00,0x00,0x00,
  0x00,0x00,0x00,0x00,0x00,0x21,0x00,0x00,0x08,0x00,0x00,0x20,0x00,0x00,0x00,0x00,
  0x00,0x00,0x00,0x00,0x00,0x21,0x00,0x01,0x00,0x00,0x00,0x00,0x00,0x00,0x08,0x00,
  0x00,0x00,0x00,0x00,0x00,0x00,0x00,0x01,0x00,0x00,0x00,0x00,0x00,0x00,0x08,0x00,
  0x00,0x00,0x00,0x00,0x00,0x00,0x00,0x01,0x00,0x00,0x00,0x00,0x00,0x00,0x08,0x00,
  0x00,0x00,0x00,0x00,0x00,0x00,0x00,0x62,0x10,0x92,0x9c,0xff,0xff,0xff,0xff,0xff,
  0xff,0xff,0xff,0xff,0xff,0xff,0xff,0xff,0xff,0xff,0xff,0xfb,0xfe,0xb1,0xfc,0x30,
  0xf4,0x90,0xf4,0xf3,0xf4,0xd2,0xf4,0x71,0xec,0x2f,0xf4,0xf3,0xf4,0x5c,0xff,0xff,
  0xff,0xff,0xff,0x9e,0xf7,0xc7,0x41,0x01,0x00,0x00,0x00,0x00,0x00,0x00,0x08,0x00,
  0x00,0x00,0x00,0x00,0x00,0x00,0x00,0x01,0x00,0x00,0x00,0x00,0x00,0x00,0x08,0x00,
  0x00,0x00,0x00,0x00,0x00,0x00,0x00,0x01,0x00,0x00,0x00,0x00,0x00,0x00,0x08,0x00,
  0x00,0x00,0x00,0x00,0x00,0x00,0x00,0x01,0x00,0x00,0x00,0x00,0x00,0x00,0x08,0x00,
  0x00,0x00,0x00,0x00,0x00,0x00,0x00,0x01,0x00,0x00,0x00,0x00,0x00,0x00,0x08,0x00,
  0x00,0x00,0x00,0x00,0x00,0x00,0x00,0x01,0x00,0x00,0x00,0x00,0x00,0x00,0x08,0xff,
  0x00,0x00,0x00,0x00,0x00,0x00,0x00,0x00,0x01,0x00,0x00,0x00,0x00,0x00,0x00,0x08,
  0x00,0x00,0x00,0x00,0x00,0x00,0x00,0x00,0x01,0x00,0x00,0x00,0x00,0x00,0x00,0x08,
  0x00,0x00,0x01,0x00,0x20,0x08,0x00,0x00,0x00,0x00,0x00,0x00,0x00,0x00,0x20,0x00,
  0x00,0x00,0x01,0x00,0x20,0x08,0x00,0x00,0x00,0x00,0x00,0x00,0x00,0x00,0x20,0x00,
  0x00,0x00,0x01,0x00,0x20,0x08,0x00,0x00,0x00,0x00,0x00,0x00,0x00,0x00,0x20,0x00,
  0x45,0x29,0x5e,0xef,0xff,0xff,0xff,0xff,0xff,0xff,0xff,0xff,0xff,0xff,0x1c,0xdf,
  0x3c,0xef,0x3d,0xff,0x70,0xf4,0xf3,0xf4,0x58,0xfe,0x79,0xfe,0x79,0xfe,0x99,0xfe,
  0x99,0xfe,0x38,0xfe,0xd1,0xf4,0x71,0xf4,0x1b,0xff,0x9e,0xff,0x79,0xfe,0x13,0xed,
  0xc6,0x61,0xeb,0x9a,0xa5,0x59,0x62,0x08,0x00,0x00,0x00,0x00,0x00,0x00,0x20,0x00,
  0x00,0x00,0x01,0x00,0x20,0x08,0x00,0x00,0x00,0x00,0x00,0x00,0x00,0x00,0x20,0x00,
  0x00,0x00,0x01,0x00,0x20,0x08,0x00,0x00,0x00,0x00,0x00,0x00,0x00,0x00,0x20,0x00,
  0x00,0x00,0x01,0x00,0x20,0x08,0x00,0x00,0x00,0x00,0x00,0x00,0x00,0x00,0x20,0x00,
  0x00,0x00,0x01,0x00,0x20,0x08,0x00,0x00,0x00,0x00,0x00,0x00,0x00,0x00,0x20,0x00,
  0x00,0x00,0x01,0x00,0x20,0x08,0x00,0x00,0x00,0x00,0x00,0x00,0x00,0x00,0x20,0x00,
  0x00,0x00,0x01,0x00,0x20,0x08,0x00,0x00,0x00,0x00,0x00,0x00,0x00,0x00,0x20,0x00,
  0x00,0x00,0x01,0x00,0x20,0x08,0x00,0x00,0x00,0x00,0x00,0x08,0x00,0x00,0xff,0x00,
  0x00,0x00,0x00,0x00,0x00,0x01,0x00,0x00,0x00,0x00,0x00,0x00,0x08,0x00,0x00,0x00,
  0x00,0x00,0x00,0x00,0x00,0x01,0x00,0x00,0x00,0x00,0x00,0x00,0x08,0x00,0x00,0x00,
  0x00,0x00,0x00,0x00,0x00,0x01,0x00,0x41,0x10,0x2d,0x63,0xff,0xff,0xff,0xff,0xff,
  0xff,0xff,0xff,0xff,0xff,0xff,0xff,0xef,0x83,0xa3,0x10,0xef,0xab,0xb2,0xf4,0x78,
  0xfe,0x99,0xfe,0x79,0xfe,0x7a,0xfe,0x99,0xfe,0x9a,0xfe,0x99,0xfe,0x79,0xfe,0x12,
  0xf5,0x50,0xf4,0x70,0xfc,0x30,0xf4,0xb1,0xf4,0x13,0xed,0xd2,0xf4,0x50,0xec,0xcd,
  0xdb,0xc7,0x59,0x00,0x00,0x01,0x00,0x00,0x00,0x00,0x00,0x00,0x08,0x00,0x00,0x00,
  0x00,0x00,0x00,0x00,0x00,0x01,0x00,0x00,0x00,0x00,0x00,0x00,0x08,0x00,0x00,0x00,
  0x00,0x00,0x00,0x00,0x00,0x01,0x00,0x00,0x00,0x00,0x00,0x00,0x08,0x00,0x00,0x00,
  0x00,0x00,0x00,0x00,0x00,0x01,0x00,0x00,0x00,0x00,0x00,0x00,0x08,0x00,0x00,0x00,
  0x00,0x00,0x00,0x00,0x00,0x01,0x00,0x00,0x00,0x00,0x00,0x00,0x08,0x00,0x00,0x00,
  0x00,0x00,0x00,0x00,0x00,0x01,0x00,0x00,0x00,0x00,0x00,0x00,0x08,0x00,0x00,0x00,
  0x00,0x00,0x00,0x00,0x00,0x01,0x00,0x00,0x00,0x00,0x00,0x00,0x08,0x00,0x00,0x00,
  0x00,0x00,0x08,0x00,0x00,0x00,0x00,0x20,0x00,0x00,0x00,0x00,0x00,0x20,0x00,0x01,
  0x00,0x00,0x08,0x00,0x00,0x00,0x00,0x20,0x00,0x00,0x00,0x00,0x00,0x20,0x00,0x01,
  0x00,0x00,0x08,0x00,0x00,0x00,0x00,0x20,0x00,0x00,0x00,0x00,0x00,0xff,0x20,0x00,
  0x83,0x10,0xdb,0xde,0xff,0xff,0xff,0xff,0xff,0xff,0xff,0xff,0xff,0xff,0xff,0xff,
  0xff,0xff,0x0c,0x6b,0x83,0x10,0x2c,0x8b,0x9a,0xfe,0x99,0xfe,0x99,0xfe,0x99,0xfe,
  0x9a,0xfe,0x99,0xfe,0x9a,0xfe,0x79,0xfe,0x79,0xfe,0x70,0xf4,0xb2,0xf4,0x78,0xfe,
  0x7a,0xfe,0x99,0xfe,0x9a,0xfe,0x78,0xfe,0x33,0xf5,0x2f,0xf4,0x08,0x5a,0x20,0x00,
  0x01,0x00,0x00,0x08,0x00,0x00,0x00,0x00,0x20,0x00,0x00,0x00,0x00,0x00,0x20,0x00,
  0x01,0x00,0x00,0x08,0x00,0x00,0x00,0x00,0x20,0x00,0x00,0x00,0x00,0x00,0x20,0x00,
  0x01,0x00,0x00,0x08,0x00,0x00,0x00,0x00,0x20,0x00,0x00,0x00,0x00,0x00,0x20,0x00,
  0x01,0x00,0x00,0x08,0x00,0x00,0x00,0x00,0x20,0x00,0x00,0x00,0x00,0x00,0x20,0x00,
  0x01,0x00,0x00,0x08,0x00,0x00,0x00,0x00,0x20,0x00,0x00,0x00,0x00,0x00,0x20,0x00,
  0x01,0x00,0x00,0x08,0x00,0x00,0x00,0x00,0x20,0x00,0x00,0x00,0x00,0x00,0x20,0x00,
  0x01,0x00,0x00,0x08,0x00,0x00,0x00,0x00,0x20,0x00,0x00,0x00,0x00,0x00,0x00,0x00,
  0x00,0x00,0x01,0x00,0x00,0x00,0x00,0x00,0x00,0x08,0x00,0x00,0x00,0x00,0x00,0x00,
  0x00,0x00,0x01,0x00,0x00,0x00,0x00,0x00,0x00,0x08,0x00,0x00,0x00,0x00,0x00,0x00,
  0x00,0x00,0x01,0x00,0x00,0x00,0x42,0x08,0x2d,0x6b,0xff,0xff,0xff,0xff,0xff,0xff,
  0xff,0xff,0xff,0xff,0xff,0xff,0xff,0xff,0xff,0xff,0xff,0xff,0x55,0xad,0xa3,0x18,
  0x18,0xee,0x9a,0xfe,0x99,0xfe,0x9a,0xfe,0x99,0xfe,0x9a,0xfe,0xff,0x79,0xfe,0x99,
  0xfe,0x99,0xfe,0x38,0xfe,0x57,0xfe,0x79,0xfe,0x99,0xfe,0x9a,0xfe,0x79,0xfe,0x99,
  0xfe,0x79,0xfe,0xd3,0xf4,0xa9,0x92,0x00,0x00,0x00,0x08,0x00,0x00,0x00,0x00,0x00,
  0x00,0x00,0x00,0x01,0x00,0x00,0x00,0x00,0x00,0x00,0x08,0x00,0x00,0x00,0x00,0x00,
  0x00,0x00,0x00,0x01,0x00,0x00,0x00,0x00,0x00,0x00,0x08,0x00,0x00,0x00,0x00,0x00,
  0x00,0x00,0x00,0x01,0x00,0x00,0x00,0x00,0x00,0x00,0x08,0x00,0x00,0x00,0x00,0x00,
  0x00,0x00,0x00,0x01,0x00,0x00,0x00,0x00,0x00,0x00,0x08,0x00,0x00,0x00,0x00,0x00,
  0x00,0x00,0x00,0x01,0x00,0x00,0x00,0x00,0x00,0x00,0x08,0x00,0x00,0x00,0x00,0x00,
  0x00,0x00,0x00,0x01,0x00,0x00,0x00,0x00,0x00,0x00,0x08,0x00,0x00,0x00,0x00,0x00,
  0x00,0x00,0x00,0x00,0x00,0x00,0x00,0x20,0x00,0x00,0x00,0x00,0x00,0x01,0x00,0x00,
  0x08,0x20,0x00,0x00,0x00,0x00,0x00,0x20,0x00,0x00,0x00,0x00,0x00,0x01,0x00,0x00,
  0x08,0x20,0x00,0x00,0x00,0x00,0x00,0x20,0x00,0x00,0x00,0x00,0x00,0x83,0x10,0x82,
  0x18,0x1c,0xdf,0xff,0xff,0xff,0xff,0xff,0xff,0xff,0xff,0xff,0xff,0xff,0xff,0xff,
  0xff,0xff,0xff,0xff,0xff,0xbf,0xf7,0x86,0x31,0x6a,0x6a,0x99,0xfe,0x9a,0xfe,0x79,
  0xfe,0x9a,0xfe,0x99,0xfe,0x9a,0xfe,0x99,0xfe,0x79,0xfe,0x99,0xfe,0x9a,0xfe,0x79,
  0xfe,0x9a,0xfe,0x99,0xfe,0x9a,0xfe,0x99,0xfe,0x79,0xfe,0xf6,0xfd,0x30,0xec,0x00,
  0x08,0x20,0x00,0x00,0x00,0x00,0x00,0x20,0x00,0x00,0x00,0xff,0x00,0x00,0x01,0x00,
  0x00,0x08,0x20,0x00,0x00,0x00,0x00,0x00,0x20,0x00,0x00,0x00,0x00,0x00,0x01,0x00,
  0x00,0x08,0x20,0x00,0x00,0x00,0x00,0x00,0x20,0x00,0x00,0x00,0x00,0x00,0x01,0x00,
  0x00,0x08,0x20,0x00,0x00,0x00,0x00,0x00,0x20,0x00,0x00,0x00,0x00,0x00,0x01,0x00,
  0x00,0x08,0x20,0x00,0x00,0x00,0x00,0x00,0x20,0x00,0x00,0x00,0x00,0x00,0x01,0x00,
  0x00,0x08,0x20,0x00,0x00,0x00,0x00,0x00,0x20,0x00,0x00,0x00,0x00,0x00,0x01,0x00,
  0x00,0x08,0x20,0x00,0x00,0x00,0x00,0x00,0x20,0x00,0x00,0x00,0x00,0x00,0x00,0x00,
  0x01,0x00,0x00,0x00,0x00,0x00,0x00,0x08,0x00,0x00,0x00,0x00,0x00,0x00,0x00,0x00,
  0x01,0x00,0x00,0x00,0x00,0x00,0x00,0x08,0x00,0x00,0x00,0x00,0x00,0x00,0x00,0x00,
  0x01,0x00,0x61,0x10,0x45,0x21,0x62,0x10,0xf0,0x83,0xff,0xff,0xff,0xff,0xff,0xff,
  0xd0,0x7b,0x2c,0x6b,0x3d,0xe7,0xff,0xff,0xff,0xff,0xff,0xff,0xff,0xff,0xff,0xff,
  0x39,0xc6,0x8e,0x73,0x9a,0xf6,0x99,0xfe,0x9a,0xfe,0x99,0xfe,0x79,0xfe,0x99,0xfe,
  0x9a,0xfe,0x99,0xfe,0x9a,0xfe,0x79,0xfe,0x9a,0xfe,0x99,0xfe,0x79,0xfe,0x99,0xfe,
  0x9a,0xfe,0x99,0xfe,0x58,0xfe,0x2f,0xf4,0xa3,0x18,0x00,0x00,0x00,0x00,0x00,0x00,
  0x01,0x00,0x00,0x00,0x00,0x00,0x00,0x08,0x00,0x00,0x00,0x00,0x00,0x00,0x00,0x00,
  0x01,0x00,0x00,0x00,0x00,0x00,0x00,0x08,0x00,0x00,0x00,0x00,0x00,0x00,0x00,0x00,
  0x01,0x00,0x00,0x00,0x00,0x00,0x00,0x08,0x00,0x00,0xff,0x00,0x00,0x00,0x00,0x00,
  0x00,0x01,0x00,0x00,0x00,0x00,0x00,0x00,0x08,0x00,0x00,0x00,0x00,0x00,0x00,0x00,
  0x00,0x01,0x00,0x00,0x00,0x00,0x00,0x00,0x08,0x00,0x00,0x00,0x00,0x00,0x00,0x00,
  0x00,0x01,0x00,0x00,0x00,0x00,0x00,0x00,0x08,0x00,0x00,0x00,0x00,0x00,0x00,0x00,
  0x00,0x01,0x00,0x00,0x00,0x00,0x00,0x00,0x00,0x00,0x00,0x21,0x00,0x00,0x08,0x00,
  0x00,0x20,0x00,0x00,0x00,0x00,0x00,0x00,0x00,0x00,0x00,0x21,0x00,0x00,0x08,0x00,
  0x00,0x20,0x00,0x00,0x00,0x00,0x00,0x00,0x00,0xa3,0x18,0x82,0x10,0x86,0x39,0xa3,
  0x10,0xf7,0xc5,0xff,0xff,0xff,0xff,0xff,0xff,0xfb,0xe6,0xec,0x5a,0x04,0x29,0x9e,
  0xf7,0xff,0xff,0xff,0xff,0xff,0xff,0xff,0xff,0xdf,0xff,0x14,0xa5,0xf7,0xe5,0x9a,
  0xfe,0x99,0xfe,0x7a,0xfe,0x99,0xfe,0x99,0xfe,0x99,0xfe,0xba,0xfe,0x99,0xfe,0x9a,
  0xfe,0x99,0xfe,0x7a,0xfe,0x99,0xfe,0x99,0xfe,0x79,0xfe,0x9a,0xfe,0x58,0xfe,0x2f,
  0xec,0xc2,0x20,0x00,0x00,0x00,0x00,0x00,0x00,0x00,0x00,0x21,0x00,0x00,0x08,0x00,
  0x00,0x20,0x00,0x00,0x00,0x00,0x00,0x00,0x00,0x00,0x00,0x21,0x00,0x00,0x08,0x00,
  0x00,0x20,0x00,0x00,0x00,0x00,0x00,0x00,0x00,0x00,0x00,0x21,0x00,0x00,0x08,0x00,
  0x00,0x20,0x00,0x00,0x00,0x00,0x00,0x00,0x00,0x00,0x00,0x21,0x00,0x00,0x08,0x00,
  0x00,0x20,0x00,0x00,0x00,0x00,0x00,0x00,0x00,0x00,0x00,0x21,0x00,0x00,0x08,0x00,
  0x00,0x20,0x00,0x00,0x00,0x00,0x00,0x00,0x00,0xff,0x00,0x00,0x21,0x00,0x00,0x08,
  0x00,0x00,0x20,0x00,0x00,0x00,0x00,0x00,0x00,0x00,0x00,0x00,0x21,0x00,0x01,0x00,
  0x00,0x00,0x00,0x00,0x00,0x08,0x00,0x00,0x00,0x00,0x00,0x00,0x00,0x00,0x01,0x00,
  0x00,0x00,0x00,0x00,0x00,0x08,0x00,0x00,0x00,0x00,0x00,0x00,0x00,0x00,0x01,0x00,
  0x41,0x08,0xe4,0x18,0x35,0xad,0x4a,0x4a,0x86,0x31,0x7e,0xef,0xff,0xff,0xff,0xff,
  0xff,0xff,0xff,0xff,0x9e,0xff,0x25,0x29,0x0c,0x63,0xbe,0xf7,0xff,0xff,0xff,0xff,
  0xff,0xff,0x7a,0xce,0xe3,0x20,0x72,0xbc,0xb9,0xfe,0x99,0xfe,0x99,0xfe,0x9a,0xfe,
  0x79,0xfe,0x9a,0xfe,0x99,0xfe,0x9a,0xfe,0x99,0xfe,0x99,0xfe,0x99,0xfe,0x9a,0xfe,
  0x99,0xfe,0x9a,0xfe,0x99,0xfe,0x18,0xfe,0x0f,0xf4,0x00,0x00,0x00,0x00,0x01,0x00,
  0x00,0x00,0x00,0x00,0x00,0x08,0x00,0x00,0x00,0x00,0x00,0x00,0x00,0x00,0x01,0x00,
  0x00,0x00,0x00,0x00,0x00,0x08,0x00,0x00,0x00,0x00,0x00,0x00,0x00,0x00,0x01,0x00,
  0x00,0x00,0x00,0x00,0x00,0x08,0x00,0x00,0x00,0x00,0x00,0x00,0x00,0x00,0x01,0x00,
  0x00,0x00,0x00,0x00,0x00,0x08,0x00,0x00,0x00,0x00,0x00,0x00,0x00,0x00,0x01,0x00,
  0x00,0x00,0x00,0x00,0x00,0x08,0x00,0x00,0x00,0x00,0x00,0x00,0x00,0x00,0x01,0x00,
  0x00,0x00,0x00,0x00,0x00,0x08,0x00,0x00,0x00,0x00,0x00,0x00,0x00,0x00,0x01,0x00,
  0x00,0x00,0x00,0x00,0x00,0x08,0x00,0x00,0x01,0x00,0x20,0x08,0x00,0x00,0x00,0x00,
  0x00,0x00,0x00,0x00,0x20,0x00,0x00,0x00,0xff,0x01,0x00,0x20,0x08,0x00,0x00,0x00,
  0x00,0x00,0x00,0x00,0x00,0x20,0x00,0x00,0x00,0x01,0x00,0x61,0x10,0x62,0x08,0xe8,
  0x41,0xdc,0xde,0xff,0xff,0xff,0xff,0xff,0xff,0xff,0xff,0xff,0xff,0xff,0xff,0xbb,
  0xde,0xa7,0x31,0x66,0x39,0x10,0x84,0x9e,0xf7,0xf8,0xc5,0x86,0x39,0xc4,0x30,0x17,
  0xfe,0x9a,0xfe,0x79,0xfe,0x99,0xfe,0x99,0xfe,0x9a,0xfe,0x99,0xfe,0x7a,0xfe,0x99,
  0xfe,0x9a,0xfe,0x79,0xfe,0x99,0xfe,0x99,0xfe,0x9a,0xfe,0x99,0xfe,0x7a,0xfe,0x54,
  0xfd,0x71,0xec,0x00,0x00,0x20,0x00,0x00,0x00,0x01,0x00,0x20,0x08,0x00,0x00,0x00,
  0x00,0x00,0x00,0x00,0x00,0x20,0x00,0x00,0x00,0x01,0x00,0x20,0x08,0x00,0x00,0x00,
  0x00,0x00,0x00,0x00,0x00,0x20,0x00,0x00,0x00,0x01,0x00,0x20,0x08,0x00,0x00,0x00,
  0x00,0x00,0x00,0x00,0x00,0x20,0x00,0x00,0x00,0x01,0x00,0x20,0x08,0x00,0x00,0x00,
  0x00,0x00,0x00,0x00,0x00,0x20,0x00,0x00,0x00,0x01,0x00,0x20,0x08,0x00,0x00,0x00,
  0x00,0x00,0x00,0x00,0x00,0x20,0x00,0x00,0x00,0x01,0x00,0x20,0x08,0x00,0x00,0x00,
  0x00,0x00,0x00,0x00,0x00,0x20,0x00,0x00,0x00,0x01,0x00,0x20,0x08,0x00,0x00,0x00,
  0x00,0x00,0x08,0x00,0x00,0x00,0x00,0x00,0x00,0x00,0x00,0x01,0x00,0x00,0x00,0x00,
  0x00,0x00,0x08,0x00,0x00,0x00,0x00,0x00,0x00,0x00,0x00,0x01,0x00,0x00,0x00,0x00,
  0x00,0x00,0x08,0xa3,0x10,0x61,0x10,0x9a,0xce,0xff,0xff,0xff,0xff,0xff,0xff,0xff,
  0xff,0xff,0xff,0xff,0xff,0xff,0xff,0xff,0xff,0xff,0x9e,0xf7,0x39,0xce,0x18,0xc6,
  0x4e,0x6b,0xa2,0x18,0xcc,0x62,0x71,0xcc,0xb1,0xf4,0x58,0xfe,0x9a,0xfe,0x99,0xfe,
  0x7a,0xfe,0x99,0xfe,0x9a,0xfe,0x99,0xfe,0x99,0xfe,0x79,0xfe,0x9a,0xfe,0x99,0xfe,
  0x7a,0xfe,0x99,0xfe,0x9a,0xfe,0x17,0xfe,0x2f,0xf4,0xe3,0x30,0x01,0x00,0x00,0x00,
  0x00,0x00,0x00,0x08,0x00,0x00,0x00,0x00,0x00,0x00,0x00,0x00,0x01,0x00,0x00,0x00,
  0x00,0x00,0x00,0x08,0x00,0x00,0x00,0x00,0x00,0x00,0x00,0x00,0x01,0x00,0x00,0x00,
  0x00,0x00,0x00,0x08,0x00,0x00,0x00,0x00,0x00,0x00,0x00,0x00,0x01,0x00,0x00,0x00,
  0x00,0x00,0x00,0x08,0x00,0x00,0x00,0x00,0x00,0x00,0x00,0x00,0x01,0x00,0x00,0x00,
  0x00,0x00,0x00,0x08,0x00,0x00,0x00,0x00,0x00,0x00,0x00,0x00,0x01,0x00,0x00,0x00,
  0x00,0x00,0x00,0x08,0x00,0x00,0x00,0x00,0x00,0x00,0x00,0x00,0x01,0x00,0x00,0x00,
  0x00,0x00,0x00,0x08,0x00,0x00,0x00,0x00,0x00,0x08,0x00,0x00,0x00,0x00,0x20,0x00,
  0x00,0x00,0x00,0x00,0x20,0x00,0x01,0x00,0x00,0x08,0x00,0x00,0x00,0x00,0x20,0x00,
  0x00,0x00,0x00,0x00,0x20,0x00,0x01,0x00,0x00,0x08,0x00,0x00,0xa3,0x18,0xb3,0x94,
  0xff,0xff,0xff,0xff,0xff,0xff,0xff,0xff,0xff,0xff,0xff,0xff,0xff,0xff,0xff,0xff,
  0xff,0xff,0xff,0xff,0xff,0xff,0xff,0xff,0xff,0xff,0x5d,0xef,0xff,0xff,0xbe,0xff,
  0x50,0xf4,0x13,0xf5,0x99,0xfe,0x7a,0xfe,0x99,0xfe,0x9a,0xfe,0x79,0xfe,0x9a,0xfe,
  0x99,0xfe,0x99,0xfe,0x99,0xfe,0xff,0x7a,0xfe,0x99,0xfe,0x79,0xfe,0xf7,0xfd,0x71,
  0xf4,0x2b,0xb3,0x00,0x00,0x20,0x00,0x01,0x00,0x00,0x08,0x00,0x00,0x00,0x00,0x20,
  0x00,0x00,0x00,0x00,0x00,0x20,0x00,0x01,0x00,0x00,0x08,0x00,0x00,0x00,0x00,0x20,
  0x00,0x00,0x00,0x00,0x00,0x20,0x00,0x01,0x00,0x00,0x08,0x00,0x00,0x00,0x00,0x20,
  0x00,0x00,0x00,0x00,0x00,0x20,0x00,0x01,0x00,0x00,0x08,0x00,0x00,0x00,0x00,0x20,
  0x00,0x00,0x00,0x00,0x00,0x20,0x00,0x01,0x00,0x00,0x08,0x00,0x00,0x00,0x00,0x20,
  0x00,0x00,0x00,0x00,0x00,0x20,0x00,0x01,0x00,0x00,0x08,0x00,0x00,0x00,0x00,0x20,
  0x00,0x00,0x00,0x00,0x00,0x20,0x00,0x01,0x00,0x00,0x08,0x00,0x00,0x00,0x00,0x20,
  0x00,0x00,0x00,0x00,0x00,0x00,0x00,0x00,0x00,0x01,0x00,0x00,0x00,0x00,0x00,0x00,
  0x08,0x00,0x00,0x00,0x00,0x00,0x00,0x00,0x00,0x01,0x00,0x00,0x00,0x00,0x00,0x00,
  0x08,0x00,0x00,0x21,0x08,0x46,0x29,0x7e,0xf7,0xff,0xff,0xff,0xff,0xff,0xff,0xff,
  0xff,0xff,0xff,0xff,0xff,0xff,0xff,0xff,0xff,0xff,0xff,0xff,0xff,0xff,0xff,0xff,
  0xff,0xff,0xff,0xff,0xff,0xff,0xff,0xff,0xff,0x5d,0xff,0x70,0xf4,0x13,0xf5,0x58,
  0xfe,0x9a,0xfe,0x79,0xfe,0x99,0xfe,0x99,0xfe,0x7a,0xfe,0x99,0xfe,0x9a,0xfe,0x99,
  0xfe,0x99,0xfe,0x33,0xfd,0x0f,0xec,0x69,0x82,0x01,0x00,0x00,0x00,0x00,0x00,0x00,
  0x08,0x00,0x00,0x00,0x00,0x00,0x00,0x00,0x00,0x01,0x00,0x00,0x00,0x00,0x00,0x00,
  0x08,0x00,0x00,0x00,0x00,0xbe,0x00,0x00,0x00,0x00,0x01,0x00,0x00,0x00,0x00,0x00,
  0x00,0x08,0x00,0x00,0x00,0x00,0x00,0x00,0x00,0x00,0x01,0x00,0x00,0x00,0x00,0x00,
  0x00,0x08,0x00,0x00,0x00,0x00,0x00,0x00,0x00,0x00,0x01,0x00,0x00,0x00,0x00,0x00,
  0x00,0x08,0x00,0x00,0x00,0x00,0x00,0x00,0x00,0x00,0x01,0x00,0x00,0x00,0x00,0x00,
  0x00,0x08,0x00,0x00,0x00,0x00,0x00,0x00,0x00,0x00,0x01,0x00,0x00,0x00,0x00,0x00,
  0x00,0x08,0x00,0x00,0x00,0x00,0x00,0x00,0x00,0x00,0x00,0x00,0x00,0x00,0x20,0x00,
  0x00,0x00,0x00,0x00,0x01,0x00,0x00,0x08,0x20,0x00,0x00,0x00,0x00,0x00,0x20,0x00,
  0x00,0x00,0x00,0x00,0x01,0x00,0x00,0x08,0x20,0x00,0x00,0x00,0x41,0x08,0xef,0x83,
  0xff,0xff,0x11,0xff,0xff,0xff,0x1c,0xff,0x50,0xf4,0xd2,0xf4,0x78,0xfe,0x99,0xfe,
  0x99,0xfe,0x79,0xfe,0x99,0xfe,0x9a,0xfe,0x78,0xfe,0x17,0xfe,0x91,0xfc,0x30,0xec,
  0xd2,0xec,0x00,0x00,0x00,0x00,0x01,0x00,0x00,0x08,0x20,0x00,0x00,0x00,0x00,0x00,
  0x20,0x00,0x00,0x00,0x00,0x00,0x01,0x00,0x00,0x08,0x20,0x00,0x00,0x00,0x00,0x00,
  0x20,0x00,0x00,0x00,0x00,0x00,0x01,0x00,0x00,0x08,0x20,0x00,0x00,0x00,0x00,0x00,
  0x20,0x00,0x00,0x00,0x00,0x00,0x01,0x00,0x00,0x08,0x20,0x00,0x00,0x00,0x00,0x00,
  0x20,0x00,0x00,0x00,0x00,0x00,0x01,0x00,0x00,0x08,0x20,0x00,0x00,0x00,0x00,0x00,
  0x20,0x00,0x00,0x00,0x00,0x00,0x01,0x00,0x00,0x08,0x20,0x00,0x00,0x00,0x00,0x00,
  0x20,0x00,0x00,0x00,0x00,0x00,0x01,0x00,0x00,0x08,0x20,0x00,0x00,0x00,0x00,0x00,
  0x20,0x00,0x00,0x00,0x00,0x00,0x00,0x00,0x01,0x00,0x00,0x00,0x00,0x00,0x00,0x08,
  0x00,0x00,0x00,0x00,0x00,0x00,0x00,0x00,0x01,0x00,0x00,0x00,0x00,0x00,0x00,0x08,
  0x00,0x00,0x00,0x00,0x00,0x00,0x01,0x10,0x6e,0x73,0xd7,0xbd,0x97,0xb5,0xbe,0xff,
  0xff,0xff,0xff,0xff,0xff,0xff,0xff,0xff,0xff,0xff,0xbe,0xff,0xdf,0xff,0xff,0xff,
  0x9f,0xf7,0x3c,0xef,0xfc,0xde,0xbe,0xff,0xff,0xff,0xff,0xff,0xff,0xff,0xff,0xff,
  0x3c,0xff,0xd2,0xec,0x50,0xf4,0x95,0xfd,0x79,0xfe,0x58,0xfe,0x38,0xfe,0x74,0xfd,
  0xd2,0xf4,0x0e,0xec,0xae,0xc3,0xe3,0x28,0x01,0x00,0x00,0x00,0x00,0x00,0x00,0x08,
  0x00,0x00,0x00,0x00,0xff,0x00,0x00,0x00,0x00,0x01,0x00,0x00,0x00,0x00,0x00,0x00,
  0x08,0x00,0x00,0x00,0x00,0x00,0x00,0x00,0x00,0x01,0x00,0x00,0x00,0x00,0x00,0x00,
  0x08,0x00,0x00,0x00,0x00,0x00,0x00,0x00,0x00,0x01,0x00,0x00,0x00,0x00,0x00,0x00,
  0x08,0x00,0x00,0x00,0x00,0x00,0x00,0x00,0x00,0x01,0x00,0x00,0x00,0x00,0x00,0x00,
  0x08,0x00,0x00,0x00,0x00,0x00,0x00,0x00,0x00,0x01,0x00,0x00,0x00,0x00,0x00,0x00,
  0x08,0x00,0x00,0x00,0x00,0x00,0x00,0x00,0x00,0x01,0x00,0x00,0x00,0x00,0x00,0x00,
  0x08,0x00,0x00,0x00,0x00,0x00,0x00,0x00,0x00,0x01,0x00,0x00,0x00,0x00,0x00,0x00,
  0x00,0x00,0x00,0x21,0x00,0x00,0x08,0x00,0x00,0x20,0x00,0x00,0x00,0x00,0x00,0x00,
  0x00,0x00,0x00,0x21,0x00,0x00,0x08,0x00,0x00,0x20,0x00,0x00,0x00,0x00,0x00,0x00,
  0x00,0x41,0x08,0xc3,0x18,0x62,0x10,0x8a,0x52,0x6d,0x73,0x5a,0xce,0x9a,0xd6,0x9e,
  0xef,0x14,0xad,0x87,0x31,0x25,0x29,0xe8,0x39,0x04,0x21,0xa3,0x18,0x82,0x18,0x45,
  0x29,0x49,0x52,0xf4,0x9c,0xdf,0xff,0xff,0xff,0xff,0xff,0x9e,0xff,0x95,0xf5,0x2f,
  0xec,0x91,0xf4,0x71,0xf4,0x0e,0xf4,0x30,0xe4,0xeb,0xa2,0xa7,0x41,0x00,0x00,0x00,
  0x00,0x00,0x00,0x21,0x00,0x00,0x08,0x00,0x00,0x20,0x00,0x00,0x00,0x00,0x00,0x00,
  0x00,0x00,0x00,0x21,0x00,0x00,0x08,0x00,0x00,0x20,0x00,0x00,0x00,0x00,0x00,0x00,
  0x00,0x00,0x00,0x21,0x00,0x00,0x08,0x00,0x00,0x20,0x00,0x00,0x00,0x00,0x00,0x00,
  0x00,0x00,0x00,0xff,0x21,0x00,0x00,0x08,0x00,0x00,0x20,0x00,0x00,0x00,0x00,0x00,
  0x00,0x00,0x00,0x00,0x21,0x00,0x00,0x08,0x00,0x00,0x20,0x00,0x00,0x00,0x00,0x00,
  0x00,0x00,0x00,0x00,0x21,0x00,0x00,0x08,0x00,0x00,0x20,0x00,0x00,0x00,0x00,0x00,
  0x00,0x00,0x00,0x00,0x21,0x00,0x00,0x08,0x00,0x00,0x20,0x00,0x00,0x00,0x00,0x00,
  0x00,0x00,0x00,0x00,0x21,0x00,0x01,0x00,0x00,0x00,0x00,0x00,0x00,0x08,0x00,0x00,
  0x00,0x00,0x00,0x00,0x00,0x00,0x01,0x00,0x00,0x00,0x00,0x00,0x00,0x08,0x00,0x00,
  0x00,0x00,0x00,0x00,0x00,0x00,0x01,0x00,0x00,0x00,0x00,0x00,0x00,0x08,0x83,0x10,
  0xe3,0x20,0x62,0x08,0x82,0x18,0x62,0x10,0x8a,0x52,0xa3,0x10,0x20,0x08,0x46,0x29,
  0x25,0x29,0x62,0x08,0x00,0x00,0x01,0x00,0x20,0x08,0x62,0x08,0x62,0x10,0x25,0x29,
  0x7d,0xf7,0xff,0xff,0xff,0xff,0xff,0xff,0x5d,0xff,0x9a,0xee,0x58,0xf6,0x1c,0xf7,
  0xfb,0xee,0x05,0x21,0x41,0x08,0x01,0x00,0x00,0x00,0x00,0x00,0x00,0x08,0x00,0x00,
  0x00,0x00,0x00,0x00,0x00,0x00,0x01,0x00,0x00,0x00,0x00,0x00,0x00,0x08,0x00,0x00,
  0x00,0x00,0x00,0x00,0x00,0x00,0x01,0x00,0x00,0x00,0x00,0x00,0x00,0x08,0x00,0x00,
  0x00,0x00,0x00,0x00,0x00,0x00,0x01,0x00,0x00,0x00,0x00,0x00,0x00,0x08,0x00,0x00,
  0x00,0x00,0x00,0x00,0x00,0x00,0x01,0x00,0x00,0x00,0x00,0x00,0x00,0x08,0x00,0x00,
  0x00,0x00,0x00,0x00,0x00,0x00,0x01,0x00,0x00,0x00,0x00,0x00,0x00,0x08,0x00,0x00,
  0x00,0x00,0xff,0x00,0x00,0x00,0x00,0x01,0x00,0x00,0x00,0x00,0x00,0x00,0x08,0x00,
  0x00,0x00,0x00,0x00,0x00,0x00,0x00,0x01,0x00,0x00,0x00,0x00,0x00,0x00,0x08,0x00,
  0x00,0x01,0x00,0x20,0x08,0x00,0x00,0x00,0x00,0x00,0x00,0x00,0x00,0x20,0x00,0x00,
  0x00,0x01,0x00,0x20,0x08,0x00,0x00,0x00,0x00,0x00,0x00,0x00,0x00,0x20,0x00,0x00,
  0x00,0x01,0x00,0x20,0x08,0x00,0x00,0x00,0x00,0x00,0x00,0x00,0x00,0x61,0x08,0x00,
  0x00,0x01,0x00,0x20,0x08,0x00,0x00,0x00,0x00,0x00,0x00,0x00,0x00,0x20,0x00,0x00,
  0x00,0x01,0x00,0x20,0x08,0x00,0x00,0xc3,0x18,0x2d,0x63,0xdf,0xff,0xff,0xff,0xff,
  0xff,0xff,0xff,0xff,0xff,0xff,0xff,0xff,0xff,0x1d,0xe7,0xc3,0x20,0x20,0x00,0x00,
  0x00,0x01,0x00,0x20,0x08,0x00,0x00,0x00,0x00,0x00,0x00,0x00,0x00,0x20,0x00,0x00,
  0x00,0x01,0x00,0x20,0x08,0x00,0x00,0x00,0x00,0x00,0x00,0x00,0x00,0x20,0x00,0x00,
  0x00,0x01,0x00,0x20,0x08,0x00,0x00,0x00,0x00,0x00,0x00,0x00,0x00,0x20,0x00,0x00,
  0x00,0x01,0x00,0x20,0x08,0x00,0x00,0x00,0x00,0x00,0x00,0x00,0x00,0x20,0x00,0x00,
  0x00,0x01,0x00,0x20,0x08,0x00,0x00,0x00,0x00,0x00,0x00,0x00,0x00,0x20,0x00,0x00,
  0x00,0x01,0x00,0x20,0x08,0x00,0x00,0x00,0x00,0x00,0x00,0x00,0x00,0x20,0x00,0x00,
  0x00,0x01,0x00,0x20,0x08,0x00,0x00,0x00,0x00,0x00,0x00,0x00,0x00,0x20,0x00,0x00,
  0x00,0x01,0x00,0x20,0x08,0x00,0x00,0x00,0x00,0x00,0x08,0x00,0x00,0x00,0x00,0x00,
  0x00,0xff,0x00,0x00,0x01,0x00,0x00,0x00,0x00,0x00,0x00,0x08,0x00,0x00,0x00,0x00,
  0x00,0x00,0x00,0x00,0x01,0x00,0x00,0x00,0x00,0x00,0x00,0x08,0x00,0x00,0x00,0x00,
  0x00,0x00,0x00,0x00,0x01,0x00,0x00,0x00,0x00,0x00,0x00,0x08,0x00,0x00,0x00,0x00,
  0x00,0x00,0x00,0x00,0x01,0x00,0x00,0x00,0x00,0x00,0x00,0x08,0x00,0x00,0x00,0x00,
  0x00,0x00,0xc7,0x41,0xdf,0xff,0x1c,0xe7,0x5e,0xef,0xff,0xff,0xff,0xff,0xff,0xff,
  0xff,0xff,0x55,0xb5,0x62,0x10,0x00,0x00,0x00,0x00,0x00,0x08,0x00,0x00,0x00,0x00,
  0x00,0x00,0x00,0x00,0x01,0x00,0x00,0x00,0x00,0x00,0x00,0x08,0x00,0x00,0x00,0x00,
  0x00,0x00,0x00,0x00,0x01,0x00,0x00,0x00,0x00,0x00,0x00,0x08,0x00,0x00,0x00,0x00,
  0x00,0x00,0x00,0x00,0x01,0x00,0x00,0x00,0x00,0x00,0x00,0x08,0x00,0x00,0x00,0x00,
  0x00,0x00,0x00,0x00,0x01,0x00,0x00,0x00,0x00,0x00,0x00,0x08,0x00,0x00,0x00,0x00,
  0x00,0x00,0x00,0x00,0x01,0x00,0x00,0x00,0x00,0x00,0x00,0x08,0x00,0x00,0x00,0x00,
  0x00,0x00,0x00,0x00,0x01,0x00,0x00,0x00,0x00,0x00,0x00,0x08,0x00,0x00,0x00,0x00,
  0x00,0x00,0x00,0x00,0x01,0x00,0x00,0x00,0x00,0x00,0x00,0x08,0x00,0x00,0x00,0x00,
  0x00,0x08,0x00,0x00,0x00,0x00,0x20,0x00,0x00,0x00,0x00,0x00,0x20,0x00,0x01,0x00,
  0x00,0x08,0x00,0x00,0x00,0x00,0x20,0x00,0x00,0x00,0x00,0x00,0x20,0x00,0x01,0x00,
  0x00,0x08,0x00,0x00,0x00,0x00,0x20,0x00,0x00,0x00,0x00,0x00,0x20,0x00,0x01,0x00,
  0xff,0x00,0x08,0x00,0x00,0x00,0x00,0x20,0x00,0x00,0x00,0x00,0x00,0x20,0x00,0x01,
  0x00,0x00,0x08,0x00,0x00,0x00,0x00,0x20,0x00,0x00,0x00,0x00,0x00,0xe3,0x18,0x83,
  0x18,0xa3,0x18,0x4e,0x6b,0xb3,0x9c,0xf8,0xbd,0xbe,0xff,0xe8,0x39,0x82,0x10,0x01,
  0x00,0x00,0x08,0x00,0x00,0x00,0x00,0x20,0x00,0x00,0x00,0x00,0x00,0x20,0x00,0x01,
  0x00,0x00,0x08,0x00,0x00,0x00,0x00,0x20,0x00,0x00,0x00,0x00,0x00,0x20,0x00,0x01,
  0x00,0x00,0x08,0x00,0x00,0x00,0x00,0x20,0x00,0x00,0x00,0x00,0x00,0x20,0x00,0x01,
  0x00,0x00,0x08,0x00,0x00,0x00,0x00,0x20,0x00,0x00,0x00,0x00,0x00,0x20,0x00,0x01,
  0x00,0x00,0x08,0x00,0x00,0x00,0x00,0x20,0x00,0x00,0x00,0x00,0x00,0x20,0x00,0x01,
  0x00,0x00,0x08,0x00,0x00,0x00,0x00,0x20,0x00,0x00,0x00,0x00,0x00,0x20,0x00,0x01,
  0x00,0x00,0x08,0x00,0x00,0x00,0x00,0x20,0x00,0x00,0x00,0x00,0x00,0x20,0x00,0x01,
  0x00,0x00,0x08,0x00,0x00,0x00,0x00,0x20,0x00,0x00,0x00,0x00,0x00,0x00,0x00,0x00,
  0x00,0x01,0x00,0x00,0x00,0x00,0x00,0x00,0x08,0x00,0x00,0x00,0x00,0x00,0x00,0x00,
  0x00,0x01,0x00,0x00,0x00,0x00,0x00,0x00,0x08,0x00,0x00,0x00,0x00,0x00,0x00,0x00,
  0x00,0x01,0x00,0x00,0x00,0x00,0x00,0x00,0x08,0x00,0x00,0x00,0x00,0x00,0x00,0x00,
  0x00,0x01,0x00,0x00,0x00,0x00,0x00,0x00,0x08,0x00,0x00,0x00,0x00,0x00,0x00,0x00,
  0x00,0x01,0x00,0x00,0x00,0x00,0x00,0x00,0x08,0x41,0x08,0x41,0x10,0x83,0x10,0xff,
  0xa3,0x18,0x62,0x10,0x01,0x00,0x00,0x00,0x00,0x08,0x00,0x00,0x00,0x00,0x00,0x00,
  0x00,0x00,0x01,0x00,0x00,0x00,0x00,0x00,0x00,0x08,0x00,0x00,0x00,0x00,0x00,0x00,
  0x00,0x00,0x01,0x00,0x00,0x00,0x00,0x00,0x00,0x08,0x00,0x00,0x00,0x00,0x00,0x00,
  0x00,0x00,0x01,0x00,0x00,0x00,0x00,0x00,0x00,0x08,0x00,0x00,0x00,0x00,0x00,0x00,
  0x00,0x00,0x01,0x00,0x00,0x00,0x00,0x00,0x00,0x08,0x00,0x00,0x00,0x00,0x00,0x00,
  0x00,0x00,0x01,0x00,0x00,0x00,0x00,0x00,0x00,0x08,0x00,0x00,0x00,0x00,0x00,0x00,
  0x00,0x00,0x01,0x00,0x00,0x00,0x00,0x00,0x00,0x08,0x00,0x00,0x00,0x00,0x00,0x00,
  0x00,0x00,0x01,0x00,0x00,0x00,0x00,0x00,0x00,0x08,0x00,0x00,0x00,0x00,0x00,0x00,
  0x00,0x00,0x00,0x00,0x00,0x00,0x20,0x00,0x00,0x00,0x00,0x00,0x01,0x00,0x00,0x08,
  0x20,0x00,0x00,0x00,0x00,0x00,0x20,0x00,0x00,0x00,0x00,0x00,0x01,0x00,0x00,0x08,
  0x20,0x00,0x00,0x00,0x00,0x00,0x20,0x00,0x00,0x00,0x00,0x00,0x01,0x00,0x00,0x08,
  0x20,0x00,0x00,0x00,0x00,0x00,0x20,0x00,0x00,0x00,0x00,0x00,0x01,0x00,0x00,0x08,
  0x20,0x00,0x00,0x00,0x00,0x00,0x20,0x00,0x00,0x00,0x00,0x00,0x01,0x00,0x00,0x08,
  0x20,0x00,0x00,0x00,0x00,0x00,0x20,0x00,0x00,0x00,0x00,0x00,0x01,0x00,0x00,0x08,
  0x20,0x00,0x00,0x00,0x00,0x00,0x20,0x00,0x00,0x00,0x00,0x00,0x01,0x00,0x00,0x08,
  0x20,0x00,0x00,0x00,0x00,0x00,0x20,0x00,0x00,0x00,0x00,0x00,0x01,0x00,0xff,0x00,
  0x08,0x20,0x00,0x00,0x00,0x00,0x00,0x20,0x00,0x00,0x00,0x00,0x00,0x01,0x00,0x00,
  0x08,0x20,0x00,0x00,0x00,0x00,0x00,0x20,0x00,0x00,0x00,0x00,0x00,0x01,0x00,0x00,
  0x08,0x20,0x00,0x00,0x00,0x00,0x00,0x20,0x00,0x00,0x00,0x00,0x00,0x01,0x00,0x00,
  0x08,0x20,0x00,0x00,0x00,0x00,0x00,0x20,0x00,0x00,0x00,0x00,0x00,0x01,0x00,0x00,
  0x08,0x20,0x00,0x00,0x00,0x00,0x00,0x20,0x00,0x00,0x00,0x00,0x00,0x01,0x00,0x00,
  0x08,0x20,0x00,0x00,0x00,0x00,0x00,0x20,0x00,0x00,0x00,0x00,0x00,0x00,0x00,0x01,
  0x00,0x00,0x00,0x00,0x00,0x00,0x08,0x00,0x00,0x00,0x00,0x00,0x00,0x00,0x00,0x01,
  0x00,0x00,0x00,0x00,0x00,0x00,0x08,0x00,0x00,0x00,0x00,0x00,0x00,0x00,0x00,0x01,
  0x00,0x00,0x00,0x00,0x00,0x00,0x08,0x00,0x00,0x00,0x00,0x00,0x00,0x00,0x00,0x01,
  0x00,0x00,0x00,0x00,0x00,0x00,0x08,0x00,0x00,0x00,0x00,0x00,0x00,0x00,0x00,0x01,
  0x00,0x00,0x00,0x00,0x00,0x00,0x08,0x00,0x00,0x00,0x00,0x00,0x00,0x00,0x00,0x01,
  0x00,0x00,0x00,0x00,0x00,0x00,0x08,0x00,0x00,0x00,0x00,0x00,0x00,0x00,0x00,0x01,
  0x00,0x00,0x00,0x00,0x00,0x00,0x08,0x00,0x00,0x00,0x00,0x00,0x00,0x00,0x00,0x01,
  0x00,0x00,0x00,0x00,0x00,0x00,0x08,0x00,0x00,0x00,0x00,0x00,0x00,0x00,0x00,0x01,
  0x00,0x00,0x00,0x00,0x00,0x00,0x08,0x00,0x00,0x00,0x00,0x00,0x00,0x00,0x00,0x01,
  0x00,0x00,0x00,0x00,0x00,0x00,0x08,0x00,0x00,0x00,0x00,0x00,0x00,0xff,0x00,0x00,
  0x01,0x00,0x00,0x00,0x00,0x00,0x00,0x08,0x00,0x00,0x00,0x00,0x00,0x00,0x00,0x00,
  0x01,0x00,0x00,0x00,0x00,0x00,0x00,0x08,0x00,0x00,0x00,0x00,0x00,0x00,0x00,0x00,
  0x01,0x00,0x00,0x00,0x00,0x00,0x00,0x08,0x00,0x00,0x00,0x00,0x00,0x00,0x00,0x00,
  0x01,0x00,0x00,0x00,0x00,0x00,0x00,0x00,0x00,0x00,0x21,0x00,0x00,0x08,0x00,0x00,
  0x20,0x00,0x00,0x00,0x00,0x00,0x00,0x00,0x00,0x00,0x21,0x00,0x00,0x08,0x00,0x00,
  0x20,0x00,0x00,0x00,0x00,0x00,0x00,0x00,0x00,0x00,0x21,0x00,0x00,0x08,0x00,0x00,
  0x20,0x00,0x00,0x00,0x00,0x00,0x00,0x00,0x00,0x00,0x21,0x00,0x00,0x08,0x00,0x00,
  0x20,0x00,0x00,0x00,0x00,0x00,0x00,0x00,0x00,0x00,0x21,0x00,0x00,0x08,0x00,0x00,
  0x20,0x00,0x00,0x00,0x00,0x00,0x00,0x00,0x00,0x00,0x21,0x00,0x00,0x08,0x00,0x00,
  0x20,0x00,0x00,0x00,0x00,0x00,0x00,0x00,0x00,0x00,0x21,0x00,0x00,0x08,0x00,0x00,
  0x20,0x00,0x00,0x00,0x00,0x00,0x00,0x00,0x00,0x00,0x21,0x00,0x00,0x08,0x00,0x00,
  0x20,0x00,0x00,0x00,0x00,0x00,0x00,0x00,0x00,0x00,0x21,0x00,0x00,0x08,0x00,0x00,
  0x20,0x00,0x00,0x00,0x00,0x00,0x00,0x00,0x00,0x00,0x21,0x00,0x00,0x08,0x00,0x00,
  0x20,0x00,0x00,0x00,0x00,0x00,0x00,0x00,0x00,0x00,0x21,0x00,0x00,0x08,0x00,0x00,
  0x20,0x00,0x00,0x00,0x00,0x00,0x00,0x00,0x00,0x00,0x21,0x00,0x00,0x08,0x00,0x00,
  0x20,0x00,0x00,0x00,0x00,0x00,0x00,0x00,0x00,0x00,0x21,0x00,0xff,0x00,0x08,0x00,
  0x00,0x20,0x00,0x00,0x00,0x00,0x00,0x00,0x00,0x00,0x00,0x21,0x00,0x01,0x00,0x00,
  0x00,0x00,0x00,0x00,0x08,0x00,0x00,0x00,0x00,0x00,0x00,0x00,0x00,0x01,0x00,0x00,
  0x00,0x00,0x00,0x00,0x08,0x00,0x00,0x00,0x00,0x00,0x00,0x00,0x00,0x01,0x00,0x00,
  0x00,0x00,0x00,0x00,0x08,0x00,0x00,0x00,0x00,0x00,0x00,0x00,0x00,0x01,0x00,0x00,
  0x00,0x00,0x00,0x00,0x08,0x00,0x00,0x00,0x00,0x00,0x00,0x00,0x00,0x01,0x00,0x00,
  0x00,0x00,0x00,0x00,0x08,0x00,0x00,0x00,0x00,0x00,0x00,0x00,0x00,0x01,0x00,0x00,
  0x00,0x00,0x00,0x00,0x08,0x00,0x00,0x00,0x00,0x00,0x00,0x00,0x00,0x01,0x00,0x00,
  0x00,0x00,0x00,0x00,0x08,0x00,0x00,0x00,0x00,0x00,0x00,0x00,0x00,0x01,0x00,0x00,
  0x00,0x00,0x00,0x00,0x08,0x00,0x00,0x00,0x00,0x00,0x00,0x00,0x00,0x01,0x00,0x00,
  0x00,0x00,0x00,0x00,0x08,0x00,0x00,0x00,0x00,0x00,0x00,0x00,0x00,0x01,0x00,0x00,
  0x00,0x00,0x00,0x00,0x08,0x00,0x00,0x00,0x00,0x00,0x00,0x00,0x00,0x01,0x00,0x00,
  0x00,0x00,0x00,0x00,0x08,0x00,0x00,0x00,0x00,0x00,0x00,0x00,0x00,0x01,0x00,0x00,
  0x00,0x00,0x00,0x00,0x08,0x00,0x00,0x00,0x00,0x00,0x00,0x00,0x00,0x01,0x00,0x00,
  0x00,0x00,0x00,0x00,0x08,0x00,0x00,0x00,0x00,0x00,0x00,0x00,0x00,0x01,0x00,0x00,
  0x00,0x00,0x00,0x00,0x08,0x00,0x00,0x01,0x00,0x20,0x08,0x00,0x00,0x00,0x00,0x00,
  0x00,0x00,0x00,0x20,0x00,0x00,0x00,0x01,0x00,0x20,0x08,0xff,0x00,0x00,0x00,0x00,
  0x00,0x00,0x00,0x00,0x20,0x00,0x00,0x00,0x01,0x00,0x20,0x08,0x00,0x00,0x00,0x00,
  0x00,0x00,0x00,0x00,0x20,0x00,0x00,0x00,0x01,0x00,0x20,0x08,0x00,0x00,0x00,0x00,
  0x00,0x00,0x00,0x00,0x20,0x00,0x00,0x00,0x01,0x00,0x20,0x08,0x00,0x00,0x00,0x00,
  0x00,0x00,0x00,0x00,0x20,0x00,0x00,0x00,0x01,0x00,0x20,0x08,0x00,0x00,0x00,0x00,
  0x00,0x00,0x00,0x00,0x20,0x00,0x00,0x00,0x01,0x00,0x20,0x08,0x00,0x00,0x00,0x00,
  0x00,0x00,0x00,0x00,0x20,0x00,0x00,0x00,0x01,0x00,0x20,0x08,0x00,0x00,0x00,0x00,
  0x00,0x00,0x00,0x00,0x20,0x00,0x00,0x00,0x01,0x00,0x20,0x08,0x00,0x00,0x00,0x00,
  0x00,0x00,0x00,0x00,0x20,0x00,0x00,0x00,0x01,0x00,0x20,0x08,0x00,0x00,0x00,0x00,
  0x00,0x00,0x00,0x00,0x20,0x00,0x00,0x00,0x01,0x00,0x20,0x08,0x00,0x00,0x00,0x00,
  0x00,0x00,0x00,0x00,0x20,0x00,0x00,0x00,0x01,0x00,0x20,0x08,0x00,0x00,0x00,0x00,
  0x00,0x00,0x00,0x00,0x20,0x00,0x00,0x00,0x01,0x00,0x20,0x08,0x00,0x00,0x00,0x00,
  0x00,0x00,0x00,0x00,0x20,0x00,0x00,0x00,0x01,0x00,0x20,0x08,0x00,0x00,0x00,0x00,
  0x00,0x08,0x00,0x00,0x00,0x00,0x00,0x00,0x00,0x00,0x01,0x00,0x00,0x00,0x00,0x00,
  0x00,0x08,0x00,0x00,0x00,0x00,0x00,0x00,0x00,0x00,0x01,0x00,0x00,0x00,0x00,0x00,
  0x00,0x08,0x00,0x00,0x00,0x00,0x00,0x00,0x00,0x00,0x01,0x00,0x00,0x00,0x00,0x00,
  0x00,0x08,0x00,0x00,0x00,0x00,0x00,0x00,0x00,0x00,0xff,0x01,0x00,0x00,0x00,0x00,
  0x00,0x00,0x08,0x00,0x00,0x00,0x00,0x00,0x00,0x00,0x00,0x01,0x00,0x00,0x00,0x00,
  0x00,0x00,0x08,0x00,0x00,0x00,0x00,0x00,0x00,0x00,0x00,0x01,0x00,0x00,0x00,0x00,
  0x00,0x00,0x08,0x00,0x00,0x00,0x00,0x00,0x00,0x00,0x00,0x01,0x00,0x00,0x00,0x00,
  0x00,0x00,0x08,0x00,0x00,0x00,0x00,0x00,0x00,0x00,0x00,0x01,0x00,0x00,0x00,0x00,
  0x00,0x00,0x08,0x00,0x00,0x00,0x00,0x00,0x00,0x00,0x00,0x01,0x00,0x00,0x00,0x00,
  0x00,0x00,0x08,0x00,0x00,0x00,0x00,0x00,0x00,0x00,0x00,0x01,0x00,0x00,0x00,0x00,
  0x00,0x00,0x08,0x00,0x00,0x00,0x00,0x00,0x00,0x00,0x00,0x01,0x00,0x00,0x00,0x00,
  0x00,0x00,0x08,0x00,0x00,0x00,0x00,0x00,0x00,0x00,0x00,0x01,0x00,0x00,0x00,0x00,
  0x00,0x00,0x08,0x00,0x00,0x00,0x00,0x00,0x00,0x00,0x00,0x01,0x00,0x00,0x00,0x00,
  0x00,0x00,0x08,0x00,0x00,0x00,0x00,0x00,0x08,0x00,0x00,0x00,0x00,0x20,0x00,0x00,
  0x00,0x00,0x00,0x20,0x00,0x01,0x00,0x00,0x08,0x00,0x00,0x00,0x00,0x20,0x00,0x00,
  0x00,0x00,0x00,0x20,0x00,0x01,0x00,0x00,0x08,0x00,0x00,0x00,0x00,0x20,0x00,0x00,
  0x00,0x00,0x00,0x20,0x00,0x01,0x00,0x00,0x08,0x00,0x00,0x00,0x00,0x20,0x00,0x00,
  0x00,0x00,0x00,0x20,0x00,0x01,0x00,0x00,0x08,0x00,0x00,0x00,0x00,0x20,0x00,0x00,
  0x00,0x00,0x00,0x20,0x00,0x01,0x00,0x00,0x08,0x00,0x00,0x00,0x00,0x20,0x00,0x00,
  0x00,0x00,0x00,0x20,0x00,0x01,0x00,0x00,0x08,0xff,0x00,0x00,0x00,0x00,0x20,0x00,
  0x00,0x00,0x00,0x00,0x20,0x00,0x01,0x00,0x00,0x08,0x00,0x00,0x00,0x00,0x20,0x00,
  0x00,0x00,0x00,0x00,0x20,0x00,0x01,0x00,0x00,0x08,0x00,0x00,0x00,0x00,0x20,0x00,
  0x00,0x00,0x00,0x00,0x20,0x00,0x01,0x00,0x00,0x08,0x00,0x00,0x00,0x00,0x20,0x00,
  0x00,0x00,0x00,0x00,0x20,0x00,0x01,0x00,0x00,0x08,0x00,0x00,0x00,0x00,0x20,0x00,
  0x00,0x00,0x00,0x00,0x20,0x00,0x01,0x00,0x00,0x08,0x00,0x00,0x00,0x00,0x20,0x00,
  0x00,0x00,0x00,0x00,0x20,0x00,0x01,0x00,0x00,0x08,0x00,0x00,0x00,0x00,0x20,0x00,
  0x00,0x00,0x00,0x00,0x20,0x00,0x01,0x00,0x00,0x08,0x00,0x00,0x00,0x00,0x20,0x00,
  0x00,0x00,0x00,0x00,0x00,0x00,0x00,0x00,0x01,0x00,0x00,0x00,0x00,0x00,0x00,0x08,
  0x00,0x00,0x00,0x00,0x00,0x00,0x00,0x00,0x01,0x00,0x00,0x00,0x00,0x00,0x00,0x08,
  0x00,0x00,0x00,0x00,0x00,0x00,0x00,0x00,0x01,0x00,0x00,0x00,0x00,0x00,0x00,0x08,
  0x00,0x00,0x00,0x00,0x00,0x00,0x00,0x00,0x01,0x00,0x00,0x00,0x00,0x00,0x00,0x08,
  0x00,0x00,0x00,0x00,0x00,0x00,0x00,0x00,0x01,0x00,0x00,0x00,0x00,0x00,0x00,0x08,
  0x00,0x00,0x00,0x00,0x00,0x00,0x00,0x00,0x01,0x00,0x00,0x00,0x00,0x00,0x00,0x08,
  0x00,0x00,0x00,0x00,0x00,0x00,0x00,0x00,0x01,0x00,0x00,0x00,0x00,0x00,0x00,0x08,
  0x00,0x00,0x00,0x00,0x00,0x00,0x00,0x00,0x01,0x00,0x00,0x00,0x00,0x00,0x00,0x08,
  0x00,0x00,0x00,0x00,0x00,0x00,0x00,0x00,0xff,0x01,0x00,0x00,0x00,0x00,0x00,0x00,
  0x08,0x00,0x00,0x00,0x00,0x00,0x00,0x00,0x00,0x01,0x00,0x00,0x00,0x00,0x00,0x00,
  0x08,0x00,0x00,0x00,0x00,0x00,0x00,0x00,0x00,0x01,0x00,0x00,0x00,0x00,0x00,0x00,
  0x08,0x00,0x00,0x00,0x00,0x00,0x00,0x00,0x00,0x01,0x00,0x00,0x00,0x00,0x00,0x00,
  0x08,0x00,0x00,0x00,0x00,0x00,0x00,0x00,0x00,0x01,0x00,0x00,0x00,0x00,0x00,0x00,
  0x08,0x00,0x00,0x00,0x00,0x00,0x00,0x00,0x00,0x00,0x00,0x00,0x00,0x20,0x00,0x00,
  0x00,0x00,0x00,0x01,0x00,0x00,0x08,0x20,0x00,0x00,0x00,0x00,0x00,0x20,0x00,0x00,
  0x00,0x00,0x00,0x01,0x00,0x00,0x08,0x20,0x00,0x00,0x00,0x00,0x00,0x20,0x00,0x00,
  0x00,0x00,0x00,0x01,0x00,0x00,0x08,0x20,0x00,0x00,0x00,0x00,0x00,0x20,0x00,0x00,
  0x00,0x00,0x00,0x01,0x00,0x00,0x08,0x20,0x00,0x00,0x00,0x00,0x00,0x20,0x00,0x00,
  0x00,0x00,0x00,0x01,0x00,0x00,0x08,0x20,0x00,0x00,0x00,0x00,0x00,0x20,0x00,0x00,
  0x00,0x00,0x00,0x01,0x00,0x00,0x08,0x20,0x00,0x00,0x00,0x00,0x00,0x20,0x00,0x00,
  0x00,0x00,0x00,0x01,0x00,0x00,0x08,0x20,0x00,0x00,0x00,0x00,0x00,0x20,0x00,0x00,
  0x00,0x00,0x00,0x01,0x00,0x00,0x08,0x20,0x00,0x00,0x00,0x00,0x00,0x20,0x00,0x00,
  0x00,0x00,0x00,0x01,0x00,0x00,0x08,0x20,0x00,0x00,0x00,0x00,0x00,0x20,0x00,0x00,
  0x00,0x00,0x00,0x01,0x00,0x00,0x08,0x20,0x00,0x00,0x00,0x00,0x00,0x20,0x00,0x00,
  0x00,0x00,0x00,0x01,0x00,0x00,0x08,0xff,0x20,0x00,0x00,0x00,0x00,0x00,0x20,0x00,
  0x00,0x00,0x00,0x00,0x01,0x00,0x00,0x08,0x20,0x00,0x00,0x00,0x00,0x00,0x20,0x00,
  0x00,0x00,0x00,0x00,0x01,0x00,0x00,0x08,0x20,0x00,0x00,0x00,0x00,0x00,0x20,0x00,
  0x00,0x00,0x00,0x00,0x00,0x00,0x01,0x00,0x00,0x00,0x00,0x00,0x00,0x08,0x00,0x00,
  0x00,0x00,0x00,0x00,0x00,0x00,0x01,0x00,0x00,0x00,0x00,0x00,0x00,0x08,0x00,0x00,
  0x00,0x00,0x00,0x00,0x00,0x00,0x01,0x00,0x00,0x00,0x00,0x00,0x00,0x08,0x00,0x00,
  0x00,0x00,0x00,0x00,0x00,0x00,0x01,0x00,0x00,0x00,0x00,0x00,0x00,0x08,0x00,0x00,
  0x00,0x00,0x00,0x00,0x00,0x00,0x01,0x00,0x00,0x00,0x00,0x00,0x00,0x08,0x00,0x00,
  0x00,0x00,0x00,0x00,0x00,0x00,0x01,0x00,0x00,0x00,0x00,0x00,0x00,0x08,0x00,0x00,
  0x00,0x00,0x00,0x00,0x00,0x00,0x01,0x00,0x00,0x00,0x00,0x00,0x00,0x08,0x00,0x00,
  0x00,0x00,0x00,0x00,0x00,0x00,0x01,0x00,0x00,0x00,0x00,0x00,0x00,0x08,0x00,0x00,
  0x00,0x00,0x00,0x00,0x00,0x00,0x01,0x00,0x00,0x00,0x00,0x00,0x00,0x08,0x00,0x00,
  0x00,0x00,0x00,0x00,0x00,0x00,0x01,0x00,0x00,0x00,0x00,0x00,0x00,0x08,0x00,0x00,
  0x00,0x00,0x00,0x00,0x00,0x00,0x01,0x00,0x00,0x00,0x00,0x00,0x00,0x08,0x00,0x00,
  0x00,0x00,0x00,0x00,0x00,0x00,0x01,0x00,0x00,0x00,0x00,0x00,0x00,0x08,0x00,0x00,
  0x00,0x00,0x00,0x00,0x00,0x00,0x01,0x00,0x00,0x00,0x00,0x00,0x00,0x08,0x00,0x00,
  0x00,0x00,0x00,0x00,0x00,0x00,0xff,0x01,0x00,0x00,0x00,0x00,0x00,0x00,0x00,0x00,
  0x00,0x21,0x00,0x00,0x08,0x00,0x00,0x20,0x00,0x00,0x00,0x00,0x00,0x00,0x00,0x00,
  0x00,0x21,0x00,0x00,0x08,0x00,0x00,0x20,0x00,0x00,0x00,0x00,0x00,0x00,0x00,0x00,
  0x00,0x21,0x00,0x00,0x08,0x00,0x00,0x20,0x00,0x00,0x00,0x00,0x00,0x00,0x00,0x00,
  0x00,0x21,0x00,0x00,0x08,0x00,0x00,0x20,0x00,0x00,0x00,0x00,0x00,0x00,0x00,0x00,
  0x00,0x21,0x00,0x00,0x08,0x00,0x00,0x20,0x00,0x00,0x00,0x00,0x00,0x00,0x00,0x00,
  0x00,0x21,0x00,0x00,0x08,0x00,0x00,0x20,0x00,0x00,0x00,0x00,0x00,0x00,0x00,0x00,
  0x00,0x21,0x00,0x00,0x08,0x00,0x00,0x20,0x00,0x00,0x00,0x00,0x00,0x00,0x00,0x00,
  0x00,0x21,0x00,0x00,0x08,0x00,0x00,0x20,0x00,0x00,0x00,0x00,0x00,0x00,0x00,0x00,
  0x00,0x21,0x00,0x00,0x08,0x00,0x00,0x20,0x00,0x00,0x00,0x00,0x00,0x00,0x00,0x00,
  0x00,0x21,0x00,0x00,0x08,0x00,0x00,0x20,0x00,0x00,0x00,0x00,0x00,0x00,0x00,0x00,
  0x00,0x21,0x00,0x00,0x08,0x00,0x00,0x20,0x00,0x00,0x00,0x00,0x00,0x00,0x00,0x00,
  0x00,0x21,0x00,0x00,0x08,0x00,0x00,0x20,0x00,0x00,0x00,0x00,0x00,0x00,0x00,0x00,
  0x00,0x21,0x00,0x00,0x08,0x00,0x00,0x20,0x00,0x00,0x00,0x00,0x00,0x00,0x00,0x00,
  0x00,0x21,0x00,0x01,0x00,0x00,0x00,0x00,0x00,0x00,0x08,0x00,0x00,0x00,0x00,0x00,
  0x00,0x00,0x00,0x01,0x00,0x00,0x00,0x00,0x00,0x00,0x08,0x00,0x00,0x00,0x00,0x00,
  0x00,0x00,0x00,0x01,0x00,0xff,0x00,0x00,0x00,0x00,0x00,0x08,0x00,0x00,0x00,0x00,
  0x00,0x00,0x00,0x00,0x01,0x00,0x00,0x00,0x00,0x00,0x00,0x08,0x00,0x00,0x00,0x00,
  0x00,0x00,0x00,0x00,0x01,0x00,0x00,0x00,0x00,0x00,0x00,0x08,0x00,0x00,0x00,0x00,
  0x00,0x00,0x00,0x00,0x01,0x00,0x00,0x00,0x00,0x00,0x00,0x08,0x00,0x00,0x00,0x00,
  0x00,0x00,0x00,0x00,0x01,0x00,0x00,0x00,0x00,0x00,0x00,0x08,0x00,0x00,0x00,0x00,
  0x00,0x00,0x00,0x00,0x01,0x00,0x00,0x00,0x00,0x00,0x00,0x08,0x00,0x00,0x00,0x00,
  0x00,0x00,0x00,0x00,0x01,0x00,0x00,0x00,0x00,0x00,0x00,0x08,0x00,0x00,0x00,0x00,
  0x00,0x00,0x00,0x00,0x01,0x00,0x00,0x00,0x00,0x00,0x00,0x08,0x00,0x00,0x00,0x00,
  0x00,0x00,0x00,0x00,0x01,0x00,0x00,0x00,0x00,0x00,0x00,0x08,0x00,0x00,0x00,0x00,
  0x00,0x00,0x00,0x00,0x01,0x00,0x00,0x00,0x00,0x00,0x00,0x08,0x00,0x00,0x00,0x00,
  0x00,0x00,0x00,0x00,0x01,0x00,0x00,0x00,0x00,0x00,0x00,0x08,0x00,0x00,0x00,0x00,
  0x00,0x00,0x00,0x00,0x01,0x00,0x00,0x00,0x00,0x00,0x00,0x08,0x00,0x00,0x01,0x00,
  0x20,0x08,0x00,0x00,0x00,0x00,0x00,0x00,0x00,0x00,0x20,0x00,0x00,0x00,0x01,0x00,
  0x20,0x08,0x00,0x00,0x00,0x00,0x00,0x00,0x00,0x00,0x20,0x00,0x00,0x00,0x01,0x00,
  0x20,0x08,0x00,0x00,0x00,0x00,0x00,0x00,0x00,0x00,0x20,0x00,0x00,0x00,0x01,0x00,
  0x20,0x08,0x00,0x00,0x00,0x00,0x00,0x00,0x00,0x00,0x20,0x00,0x00,0x00,0x01,0x00,
  0x20,0x08,0x00,0x00,0xff,0x00,0x00,0x00,0x00,0x00,0x00,0x20,0x00,0x00,0x00,0x01,
  0x00,0x20,0x08,0x00,0x00,0x00,0x00,0x00,0x00,0x00,0x00,0x20,0x00,0x00,0x00,0x01,
  0x00,0x20,0x08,0x00,0x00,0x00,0x00,0x00,0x00,0x00,0x00,0x20,0x00,0x00,0x00,0x01,
  0x00,0x20,0x08,0x00,0x00,0x00,0x00,0x00,0x00,0x00,0x00,0x20,0x00,0x00,0x00,0x01,
  0x00,0x20,0x08,0x00,0x00,0x00,0x00,0x00,0x00,0x00,0x00,0x20,0x00,0x00,0x00,0x01,
  0x00,0x20,0x08,0x00,0x00,0x00,0x00,0x00,0x00,0x00,0x00,0x20,0x00,0x00,0x00,0x01,
  0x00,0x20,0x08,0x00,0x00,0x00,0x00,0x00,0x00,0x00,0x00,0x20,0x00,0x00,0x00,0x01,
  0x00,0x20,0x08,0x00,0x00,0x00,0x00,0x00,0x00,0x00,0x00,0x20,0x00,0x00,0x00,0x01,
  0x00,0x20,0x08,0x00,0x00,0x00,0x00,0x00,0x00,0x00,0x00,0x20,0x00,0x00,0x00,0x01,
  0x00,0x20,0x08,0x00,0x00,0x00,0x00,0x00,0x08,0x00,0x00,0x00,0x00,0x00,0x00,0x00,
  0x00,0x01,0x00,0x00,0x00,0x00,0x00,0x00,0x08,0x00,0x00,0x00,0x00,0x00,0x00,0x00,
  0x00,0x01,0x00,0x00,0x00,0x00,0x00,0x00,0x08,0x00,0x00,0x00,0x00,0x00,0x00,0x00,
  0x00,0x01,0x00,0x00,0x00,0x00,0x00,0x00,0x08,0x00,0x00,0x00,0x00,0x00,0x00,0x00,
  0x00,0x01,0x00,0x00,0x00,0x00,0x00,0x00,0x08,0x00,0x00,0x00,0x00,0x00,0x00,0x00,
  0x00,0x01,0x00,0x00,0x00,0x00,0x00,0x00,0x08,0x00,0x00,0x00,0x00,0x00,0x00,0x00,
  0x00,0x01,0x00,0x00,0x00,0x00,0x00,0x00,0x08,0x00,0x00,0x00,0x00,0x00,0x00,0x00,
  0x00,0x01,0x00,0xff,0x00,0x00,0x00,0x00,0x00,0x08,0x00,0x00,0x00,0x00,0x00,0x00,
  0x00,0x00,0x01,0x00,0x00,0x00,0x00,0x00,0x00,0x08,0x00,0x00,0x00,0x00,0x00,0x00,
  0x00,0x00,0x01,0x00,0x00,0x00,0x00,0x00,0x00,0x08,0x00,0x00,0x00,0x00,0x00,0x00,
  0x00,0x00,0x01,0x00,0x00,0x00,0x00,0x00,0x00,0x08,0x00,0x00,0x00,0x00,0x00,0x00,
  0x00,0x00,0x01,0x00,0x00,0x00,0x00,0x00,0x00,0x08,0x00,0x00,0x00,0x00,0x00,0x00,
  0x00,0x00,0x01,0x00,0x00,0x00,0x00,0x00,0x00,0x08,0x00,0x00,0x00,0x00,0x00,0x00,
  0x00,0x00,0x01,0x00,0x00,0x00,0x00,0x00,0x00,0x08,0x00,0x00,0x00,0x00,0x00,0x08,
  0x00,0x00,0x00,0x00,0x20,0x00,0x00,0x00,0x00,0x00,0x20,0x00,0x01,0x00,0x00,0x08,
  0x00,0x00,0x00,0x00,0x20,0x00,0x00,0x00,0x00,0x00,0x20,0x00,0x01,0x00,0x00,0x08,
  0x00,0x00,0x00,0x00,0x20,0x00,0x00,0x00,0x00,0x00,0x20,0x00,0x01,0x00,0x00,0x08,
  0x00,0x00,0x00,0x00,0x20,0x00,0x00,0x00,0x00,0x00,0x20,0x00,0x01,0x00,0x00,0x08,
  0x00,0x00,0x00,0x00,0x20,0x00,0x00,0x00,0x00,0x00,0x20,0x00,0x01,0x00,0x00,0x08,
  0x00,0x00,0x00,0x00,0x20,0x00,0x00,0x00,0x00,0x00,0x20,0x00,0x01,0x00,0x00,0x08,
  0x00,0x00,0x00,0x00,0x20,0x00,0x00,0x00,0x00,0x00,0x20,0x00,0x01,0x00,0x00,0x08,
  0x00,0x00,0x00,0x00,0x20,0x00,0x00,0x00,0x00,0x00,0x20,0x00,0x01,0x00,0x00,0x08,
  0x00,0x00,0x00,0x00,0x20,0x00,0x00,0x00,0x00,0x00,0x20,0x00,0x01,0x00,0x00,0x08,
  0x00,0x00,0xff,0x00,0x00,0x20,0x00,0x00,0x00,0x00,0x00,0x20,0x00,0x01,0x00,0x00,
  0x08,0x00,0x00,0x00,0x00,0x20,0x00,0x00,0x00,0x00,0x00,0x20,0x00,0x01,0x00,0x00,
  0x08,0x00,0x00,0x00,0x00,0x20,0x00,0x00,0x00,0x00,0x00,0x20,0x00,0x01,0x00,0x00,
  0x08,0x00,0x00,0x00,0x00,0x20,0x00,0x00,0x00,0x00,0x00,0x20,0x00,0x01,0x00,0x00,
  0x08,0x00,0x00,0x00,0x00,0x20,0x00,0x00,0x00,0x00,0x00,0x00,0x00,0x00,0x00,0x01,
  0x00,0x00,0x00,0x00,0x00,0x00,0x08,0x00,0x00,0x00,0x00,0x00,0x00,0x00,0x00,0x01,
  0x00,0x00,0x00,0x00,0x00,0x00,0x08,0x00,0x00,0x00,0x00,0x00,0x00,0x00,0x00,0x01,
  0x00,0x00,0x00,0x00,0x00,0x00,0x08,0x00,0x00,0x00,0x00,0x00,0x00,0x00,0x00,0x01,
  0x00,0x00,0x00,0x00,0x00,0x00,0x08,0x00,0x00,0x00,0x00,0x00,0x00,0x00,0x00,0x01,
  0x00,0x00,0x00,0x00,0x00,0x00,0x08,0x00,0x00,0x00,0x00,0x00,0x00,0x00,0x00,0x01,
  0x00,0x00,0x00,0x00,0x00,0x00,0x08,0x00,0x00,0x00,0x00,0x00,0x00,0x00,0x00,0x01,
  0x00,0x00,0x00,0x00,0x00,0x00,0x08,0x00,0x00,0x00,0x00,0x00,0x00,0x00,0x00,0x01,
  0x00,0x00,0x00,0x00,0x00,0x00,0x08,0x00,0x00,0x00,0x00,0x00,0x00,0x00,0x00,0x01,
  0x00,0x00,0x00,0x00,0x00,0x00,0x08,0x00,0x00,0x00,0x00,0x00,0x00,0x00,0x00,0x01,
  0x00,0x00,0x00,0x00,0x00,0x00,0x08,0x00,0x00,0x00,0x00,0x00,0x00,0x00,0x00,0x01,
  0x00,0x00,0x00,0x00,0x00,0x00,0x08,0x00,0x00,0x00,0x00,0x00,0x00,0x00,0x00,0x01,
  0x00,0xff,0x00,0x00,0x00,0x00,0x00,0x08,0x00,0x00,0x00,0x00,0x00,0x00,0x00,0x00,
  0x01,0x00,0x00,0x00,0x00,0x00,0x00,0x08,0x00,0x00,0x00,0x00,0x00,0x00,0x00,0x00,
  0x00,0x00,0x00,0x00,0x20,0x00,0x00,0x00,0x00,0x00,0x01,0x00,0x00,0x08,0x20,0x00,
  0x00,0x00,0x00,0x00,0x20,0x00,0x00,0x00,0x00,0x00,0x01,0x00,0x00,0x08,0x20,0x00,
  0x00,0x00,0x00,0x00,0x20,0x00,0x00,0x00,0x00,0x00,0x01,0x00,0x00,0x08,0x20,0x00,
  0x00,0x00,0x00,0x00,0x20,0x00,0x00,0x00,0x00,0x00,0x01,0x00,0x00,0x08,0x20,0x00,
  0x00,0x00,0x00,0x00,0x20,0x00,0x00,0x00,0x00,0x00,0x01,0x00,0x00,0x08,0x20,0x00,
  0x00,0x00,0x00,0x00,0x20,0x00,0x00,0x00,0x00,0x00,0x01,0x00,0x00,0x08,0x20,0x00,
  0x00,0x00,0x00,0x00,0x20,0x00,0x00,0x00,0x00,0x00,0x01,0x00,0x00,0x08,0x20,0x00,
  0x00,0x00,0x00,0x00,0x20,0x00,0x00,0x00,0x00,0x00,0x01,0x00,0x00,0x08,0x20,0x00,
  0x00,0x00,0x00,0x00,0x20,0x00,0x00,0x00,0x00,0x00,0x01,0x00,0x00,0x08,0x20,0x00,
  0x00,0x00,0x00,0x00,0x20,0x00,0x00,0x00,0x00,0x00,0x01,0x00,0x00,0x08,0x20,0x00,
  0x00,0x00,0x00,0x00,0x20,0x00,0x00,0x00,0x00,0x00,0x01,0x00,0x00,0x08,0x20,0x00,
  0x00,0x00,0x00,0x00,0x20,0x00,0x00,0x00,0x00,0x00,0x01,0x00,0x00,0x08,0x20,0x00,
  0x00,0x00,0x00,0x00,0x20,0x00,0x00,0x00,0x00,0x00,0x01,0x00,0x00,0x08,0x20,0x00,
  0x00,0x00,0x00,0x00,0x20,0x00,0x00,0x00,0x00,0x00,0x00,0x00,0x01,0x00,0x00,0x00,
  0xff,0x00,0x00,0x00,0x08,0x00,0x00,0x00,0x00,0x00,0x00,0x00,0x00,0x01,0x00,0x00,
  0x00,0x00,0x00,0x00,0x08,0x00,0x00,0x00,0x00,0x00,0x00,0x00,0x00,0x01,0x00,0x00,
  0x00,0x00,0x00,0x00,0x08,0x00,0x00,0x00,0x00,0x00,0x00,0x00,0x00,0x01,0x00,0x00,
  0x00,0x00,0x00,0x00,0x08,0x00,0x00,0x00,0x00,0x00,0x00,0x00,0x00,0x01,0x00,0x00,
  0x00,0x00,0x00,0x00,0x08,0x00,0x00,0x00,0x00,0x00,0x00,0x00,0x00,0x01,0x00,0x00,
  0x00,0x00,0x00,0x00,0x08,0x00,0x00,0x00,0x00,0x00,0x00,0x00,0x00,0x01,0x00,0x00,
  0x00,0x00,0x00,0x00,0x08,0x00,0x00,0x00,0x00,0x00,0x00,0x00,0x00,0x01,0x00,0x00,
  0x00,0x00,0x00,0x00,0x08,0x00,0x00,0x00,0x00,0x00,0x00,0x00,0x00,0x01,0x00,0x00,
  0x00,0x00,0x00,0x00,0x08,0x00,0x00,0x00,0x00,0x00,0x00,0x00,0x00,0x01,0x00,0x00,
  0x00,0x00,0x00,0x00,0x08,0x00,0x00,0x00,0x00,0x00,0x00,0x00,0x00,0x01,0x00,0x00,
  0x00,0x00,0x00,0x00,0x08,0x00,0x00,0x00,0x00,0x00,0x00,0x00,0x00,0x01,0x00,0x00,
  0x00,0x00,0x00,0x00,0x08,0x00,0x00,0x00,0x00,0x00,0x00,0x00,0x00,0x01,0x00,0x00,
  0x00,0x00,0x00,0x00,0x08,0x00,0x00,0x00,0x00,0x00,0x00,0x00,0x00,0x01,0x00,0x00,
  0x00,0x00,0x00,0x00,0x00,0x00,0x00,0x21,0x00,0x00,0x08,0x00,0x00,0x20,0x00,0x00,
  0x00,0x00,0x00,0x00,0x00,0x00,0x00,0x21,0x00,0x00,0x08,0x00,0x00,0x20,0x00,0x00,
  0x00,0x00,0x00,0x00,0x00,0x00,0x00,0x21,0x00,0x00,0x08,0x00,0x00,0x20,0x00,0xff,
  0x00,0x00,0x00,0x00,0x00,0x00,0x00,0x00,0x21,0x00,0x00,0x08,0x00,0x00,0x20,0x00,
  0x00,0x00,0x00,0x00,0x00,0x00,0x00,0x00,0x21,0x00,0x00,0x08,0x00,0x00,0x20,0x00,
  0x00,0x00,0x00,0x00,0x00,0x00,0x00,0x00,0x21,0x00,0x00,0x08,0x00,0x00,0x20,0x00,
  0x00,0x00,0x00,0x00,0x00,0x00,0x00,0x00,0x21,0x00,0x00,0x08,0x00,0x00,0x20,0x00,
  0x00,0x00,0x00,0x00,0x00,0x00,0x00,0x00,0x21,0x00,0x00,0x08,0x00,0x00,0x20,0x00,
  0x00,0x00,0x00,0x00,0x00,0x00,0x00,0x00,0x21,0x00,0x00,0x08,0x00,0x00,0x20,0x00,
  0x00,0x00,0x00,0x00,0x00,0x00,0x00,0x00,0x21,0x00,0x00,0x08,0x00,0x00,0x20,0x00,
  0x00,0x00,0x00,0x00,0x00,0x00,0x00,0x00,0x21,0x00,0x00,0x08,0x00,0x00,0x20,0x00,
  0x00,0x00,0x00,0x00,0x00,0x00,0x00,0x00,0x21,0x00,0x00,0x08,0x00,0x00,0x20,0x00,
  0x00,0x00,0x00,0x00,0x00,0x00,0x00,0x00,0x21,0x00,0x00,0x08,0x00,0x00,0x20,0x00,
  0x00,0x00,0x00,0x00,0x00,0x00,0x00,0x00,0x21,0x00,0x01,0x00,0x00,0x00,0x00,0x00,
  0x00,0x08,0x00,0x00,0x00,0x00,0x00,0x00,0x00,0x00,0x01,0x00,0x00,0x00,0x00,0x00,
  0x00,0x08,0x00,0x00,0x00,0x00,0x00,0x00,0x00,0x00,0x01,0x00,0x00,0x00,0x00,0x00,
  0x00,0x08,0x00,0x00,0x00,0x00,0x00,0x00,0x00,0x00,0x01,0x00,0x00,0x00,0x00,0x00,
  0x00,0x08,0x00,0x00,0x00,0x00,0x00,0x00,0x00,0x00,0x01,0x00,0x00,0x00,0x00,0x00,
  0x00,0x08,0x00,0x00,0x00,0x00,0x00,0x00,0x00,0x00,0x01,0x00,0x00,0x00,0xff,0x00,
  0x00,0x00,0x08,0x00,0x00,0x00,0x00,0x00,0x00,0x00,0x00,0x01,0x00,0x00,0x00,0x00,
  0x00,0x00,0x08,0x00,0x00,0x00,0x00,0x00,0x00,0x00,0x00,0x01,0x00,0x00,0x00,0x00,
  0x00,0x00,0x08,0x00,0x00,0x00,0x00,0x00,0x00,0x00,0x00,0x01,0x00,0x00,0x00,0x00,
  0x00,0x00,0x08,0x00,0x00,0x00,0x00,0x00,0x00,0x00,0x00,0x01,0x00,0x00,0x00,0x00,
  0x00,0x00,0x08,0x00,0x00,0x00,0x00,0x00,0x00,0x00,0x00,0x01,0x00,0x00,0x00,0x00,
  0x00,0x00,0x08,0x00,0x00,0x00,0x00,0x00,0x00,0x00,0x00,0x01,0x00,0x00,0x00,0x00,
  0x00,0x00,0x08,0x00,0x00,0x00,0x00,0x00,0x00,0x00,0x00,0x01,0x00,0x00,0x00,0x00,
  0x00,0x00,0x08,0x00,0x00,0x00,0x00,0x00,0x00,0x00,0x00,0x01,0x00,0x00,0x00,0x00,
  0x00,0x00,0x08,0x00,0x00,0x01,0x00,0x20,0x08,0x00,0x00,0x00,0x00,0x00,0x00,0x00,
  0x00,0x20,0x00,0x00,0x00,0x01,0x00,0x20,0x08,0x00,0x00,0x00,0x00,0x00,0x00,0x00,
  0x00,0x20,0x00,0x00,0x00,0x01,0x00,0x20,0x08,0x00,0x00,0x00,0x00,0x00,0x00,0x00,
  0x00,0x20,0x00,0x00,0x00,0x01,0x00,0x20,0x08,0x00,0x00,0x00,0x00,0x00,0x00,0x00,
  0x00,0x20,0x00,0x00,0x00,0x01,0x00,0x20,0x08,0x00,0x00,0x00,0x00,0x00,0x00,0x00,
  0x00,0x20,0x00,0x00,0x00,0x01,0x00,0x20,0x08,0x00,0x00,0x00,0x00,0x00,0x00,0x00,
  0x00,0x20,0x00,0x00,0x00,0x01,0x00,0x20,0x08,0x00,0x00,0x00,0x00,0x00,0x00,0x00,
  0x00,0x20,0x00,0x00,0x00,0x01,0x00,0x20,0x08,0x00,0x00,0x00,0x00,0xff,0x00,0x00,
  0x00,0x00,0x20,0x00,0x00,0x00,0x01,0x00,0x20,0x08,0x00,0x00,0x00,0x00,0x00,0x00,
  0x00,0x00,0x20,0x00,0x00,0x00,0x01,0x00,0x20,0x08,0x00,0x00,0x00,0x00,0x00,0x00,
  0x00,0x00,0x20,0x00,0x00,0x00,0x01,0x00,0x20,0x08,0x00,0x00,0x00,0x00,0x00,0x00,
  0x00,0x00,0x20,0x00,0x00,0x00,0x01,0x00,0x20,0x08,0x00,0x00,0x00,0x00,0x00,0x00,
  0x00,0x00,0x20,0x00,0x00,0x00,0x01,0x00,0x20,0x08,0x00,0x00,0x00,0x00,0x00,0x00,
  0x00,0x00,0x20,0x00,0x00,0x00,0x01,0x00,0x20,0x08,0x00,0x00,0x00,0x00,0x00,0x08,
  0x00,0x00,0x00,0x00,0x00,0x00,0x00,0x00,0x01,0x00,0x00,0x00,0x00,0x00,0x00,0x08,
  0x00,0x00,0x00,0x00,0x00,0x00,0x00,0x00,0x01,0x00,0x00,0x00,0x00,0x00,0x00,0x08,
  0x00,0x00,0x00,0x00,0x00,0x00,0x00,0x00,0x01,0x00,0x00,0x00,0x00,0x00,0x00,0x08,
  0x00,0x00,0x00,0x00,0x00,0x00,0x00,0x00,0x01,0x00,0x00,0x00,0x00,0x00,0x00,0x08,
  0x00,0x00,0x00,0x00,0x00,0x00,0x00,0x00,0x01,0x00,0x00,0x00,0x00,0x00,0x00,0x08,
  0x00,0x00,0x00,0x00,0x00,0x00,0x00,0x00,0x01,0x00,0x00,0x00,0x00,0x00,0x00,0x08,
  0x00,0x00,0x00,0x00,0x00,0x00,0x00,0x00,0x01,0x00,0x00,0x00,0x00,0x00,0x00,0x08,
  0x00,0x00,0x00,0x00,0x00,0x00,0x00,0x00,0x01,0x00,0x00,0x00,0x00,0x00,0x00,0x08,
  0x00,0x00,0x00,0x00,0x00,0x00,0x00,0x00,0x01,0x00,0x00,0x00,0x00,0x00,0x00,0x08,
  0x00,0x00,0x00,0x00,0x00,0x00,0x00,0x00,0x01,0x00,0x00,0x00,0xff,0x00,0x00,0x00,
  0x08,0x00,0x00,0x00,0x00,0x00,0x00,0x00,0x00,0x01,0x00,0x00,0x00,0x00,0x00,0x00,
  0x08,0x00,0x00,0x00,0x00,0x00,0x00,0x00,0x00,0x01,0x00,0x00,0x00,0x00,0x00,0x00,
  0x08,0x00,0x00,0x00,0x00,0x00,0x00,0x00,0x00,0x01,0x00,0x00,0x00,0x00,0x00,0x00,
  0x08,0x00,0x00,0x00,0x00,0x00,0x08,0x00,0x00,0x00,0x00,0x20,0x00,0x00,0x00,0x00,
  0x00,0x20,0x00,0x01,0x00,0x00,0x08,0x00,0x00,0x00,0x00,0x20,0x00,0x00,0x00,0x00,
  0x00,0x20,0x00,0x01,0x00,0x00,0x08,0x00,0x00,0x00,0x00,0x20,0x00,0x00,0x00,0x00,
  0x00,0x20,0x00,0x01,0x00,0x00,0x08,0x00,0x00,0x00,0x00,0x20,0x00,0x00,0x00,0x00,
  0x00,0x20,0x00,0x01,0x00,0x00,0x08,0x00,0x00,0x00,0x00,0x20,0x00,0x00,0x00,0x00,
  0x00,0x20,0x00,0x01,0x00,0x00,0x08,0x00,0x00,0x00,0x00,0x20,0x00,0x00,0x00,0x00,
  0x00,0x20,0x00,0x01,0x00,0x00,0x08,0x00,0x00,0x00,0x00,0x20,0x00,0x00,0x00,0x00,
  0x00,0x20,0x00,0x01,0x00,0x00,0x08,0x00,0x00,0x00,0x00,0x20,0x00,0x00,0x00,0x00,
  0x00,0x20,0x00,0x01,0x00,0x00,0x08,0x00,0x00,0x00,0x00,0x20,0x00,0x00,0x00,0x00,
  0x00,0x20,0x00,0x01,0x00,0x00,0x08,0x00,0x00,0x00,0x00,0x20,0x00,0x00,0x00,0x00,
  0x00,0x20,0x00,0x01,0x00,0x00,0x08,0x00,0x00,0x00,0x00,0x20,0x00,0x00,0x00,0x00,
  0x00,0x20,0x00,0x01,0x00,0x00,0x08,0x00,0x00,0x00,0x00,0x20,0x00,0x00,0x00,0x00,
  0x00,0x20,0x00,0x01,0x00,0x00,0x08,0x00,0x00,0x00,0x00,0xff,0x20,0x00,0x00,0x00,
  0x00,0x00,0x20,0x00,0x01,0x00,0x00,0x08,0x00,0x00,0x00,0x00,0x20,0x00,0x00,0x00,
  0x00,0x00,0x00,0x00,0x00,0x00,0x01,0x00,0x00,0x00,0x00,0x00,0x00,0x08,0x00,0x00,
  0x00,0x00,0x00,0x00,0x00,0x00,0x01,0x00,0x00,0x00,0x00,0x00,0x00,0x08,0x00,0x00,
  0x00,0x00,0x00,0x00,0x00,0x00,0x01,0x00,0x00,0x00,0x00,0x00,0x00,0x08,0x00,0x00,
  0x00,0x00,0x00,0x00,0x00,0x00,0x01,0x00,0x00,0x00,0x00,0x00,0x00,0x08,0x00,0x00,
  0x00,0x00,0x00,0x00,0x00,0x00,0x01,0x00,0x00,0x00,0x00,0x00,0x00,0x08,0x00,0x00,
  0x00,0x00,0x00,0x00,0x00,0x00,0x01,0x00,0x00,0x00,0x00,0x00,0x00,0x08,0x00,0x00,
  0x00,0x00,0x00,0x00,0x00,0x00,0x01,0x00,0x00,0x00,0x00,0x00,0x00,0x08,0x00,0x00,
  0x00,0x00,0x00,0x00,0x00,0x00,0x01,0x00,0x00,0x00,0x00,0x00,0x00,0x08,0x00,0x00,
  0x00,0x00,0x00,0x00,0x00,0x00,0x01,0x00,0x00,0x00,0x00,0x00,0x00,0x08,0x00,0x00,
  0x00,0x00,0x00,0x00,0x00,0x00,0x01,0x00,0x00,0x00,0x00,0x00,0x00,0x08,0x00,0x00,
  0x00,0x00,0x00,0x00,0x00,0x00,0x01,0x00,0x00,0x00,0x00,0x00,0x00,0x08,0x00,0x00,
  0x00,0x00,0x00,0x00,0x00,0x00,0x01,0x00,0x00,0x00,0x00,0x00,0x00,0x08,0x00,0x00,
  0x00,0x00,0x00,0x00,0x00,0x00,0x01,0x00,0x00,0x00,0x00,0x00,0x00,0x08,0x00,0x00,
  0x00,0x00,0x00,0x00,0x00,0x00,0x00,0x00,0x00,0x00,0x20,0x00,0x00,0x00,0x00,0x00,
  0x01,0x00,0x00,0x08,0x20,0x00,0x00,0x00,0x00,0x00,0xff,0x20,0x00,0x00,0x00,0x00,
  0x00,0x01,0x00,0x00,0x08,0x20,0x00,0x00,0x00,0x00,0x00,0x20,0x00,0x00,0x00,0x00,
  0x00,0x01,0x00,0x00,0x08,0x20,0x00,0x00,0x00,0x00,0x00,0x20,0x00,0x00,0x00,0x00,
  0x00,0x01,0x00,0x00,0x08,0x20,0x00,0x00,0x00,0x00,0x00,0x20,0x00,0x00,0x00,0x00,
  0x00,0x01,0x00,0x00,0x08,0x20,0x00,0x00,0x00,0x00,0x00,0x20,0x00,0x00,0x00,0x00,
  0x00,0x01,0x00,0x00,0x08,0x20,0x00,0x00,0x00,0x00,0x00,0x20,0x00,0x00,0x00,0x00,
  0x00,0x01,0x00,0x00,0x08,0x20,0x00,0x00,0x00,0x00,0x00,0x20,0x00,0x00,0x00,0x00,
  0x00,0x01,0x00,0x00,0x08,0x20,0x00,0x00,0x00,0x00,0x00,0x20,0x00,0x00,0x00,0x00,
  0x00,0x01,0x00,0x00,0x08,0x20,0x00,0x00,0x00,0x00,0x00,0x20,0x00,0x00,0x00,0x00,
  0x00,0x01,0x00,0x00,0x08,0x20,0x00,0x00,0x00,0x00,0x00,0x20,0x00,0x00,0x00,0x00,
  0x00,0x01,0x00,0x00,0x08,0x20,0x00,0x00,0x00,0x00,0x00,0x20,0x00,0x00,0x00,0x00,
  0x00,0x01,0x00,0x00,0x08,0x20,0x00,0x00,0x00,0x00,0x00,0x20,0x00,0x00,0x00,0x00,
  0x00,0x01,0x00,0x00,0x08,0x20,0x00,0x00,0x00,0x00,0x00,0x20,0x00,0x00,0x00,0x00,
  0x00,0x00,0x00,0x01,0x00,0x00,0x00,0x00,0x00,0x00,0x08,0x00,0x00,0x00,0x00,0x00,
  0x00,0x00,0x00,0x01,0x00,0x00,0x00,0x00,0x00,0x00,0x08,0x00,0x00,0x00,0x00,0x00,
  0x00,0x00,0x00,0x01,0x00,0x00,0x00,0x00,0x00,0x00,0x08,0x00,0x00,0x00,0x00,0x00,
  0x00,0x00,0x00,0x01,0x00,0x00,0x00,0x00,0x00,0xff,0x00,0x08,0x00,0x00,0x00,0x00,
  0x00,0x00,0x00,0x00,0x01,0x00,0x00,0x00,0x00,0x00,0x00,0x08,0x00,0x00,0x00,0x00,
  0x00,0x00,0x00,0x00,0x01,0x00,0x00,0x00,0x00,0x00,0x00,0x08,0x00,0x00,0x00,0x00,
  0x00,0x00,0x00,0x00,0x01,0x00,0x00,0x00,0x00,0x00,0x00,0x08,0x00,0x00,0x00,0x00,
  0x00,0x00,0x00,0x00,0x01,0x00,0x00,0x00,0x00,0x00,0x00,0x08,0x00,0x00,0x00,0x00,
  0x00,0x00,0x00,0x00,0x01,0x00,0x00,0x00,0x00,0x00,0x00,0x08,0x00,0x00,0x00,0x00,
  0x00,0x00,0x00,0x00,0x01,0x00,0x00,0x00,0x00,0x00,0x00,0x08,0x00,0x00,0x00,0x00,
  0x00,0x00,0x00,0x00,0x01,0x00,0x00,0x00,0x00,0x00,0x00,0x08,0x00,0x00,0x00,0x00,
  0x00,0x00,0x00,0x00,0x01,0x00,0x00,0x00,0x00,0x00,0x00,0x08,0x00,0x00,0x00,0x00,
  0x00,0x00,0x00,0x00,0x01,0x00,0x00,0x00,0x00,0x00,0x00,0x08,0x00,0x00,0x00,0x00,
  0x00,0x00,0x00,0x00,0x01,0x00,0x00,0x00,0x00,0x00,0x00,0x00,0x00,0x00,0x21,0x00,
  0x00,0x08,0x00,0x00,0x20,0x00,0x00,0x00,0x00,0x00,0x00,0x00,0x00,0x00,0x21,0x00,
  0x00,0x08,0x00,0x00,0x20,0x00,0x00,0x00,0x00,0x00,0x00,0x00,0x00,0x00,0x21,0x00,
  0x00,0x08,0x00,0x00,0x20,0x00,0x00,0x00,0x00,0x00,0x00,0x00,0x00,0x00,0x21,0x00,
  0x00,0x08,0x00,0x00,0x20,0x00,0x00,0x00,0x00,0x00,0x00,0x00,0x00,0x00,0x21,0x00,
  0x00,0x08,0x00,0x00,0x20,0x00,0x00,0x00,0x00,0x00,0x00,0x00,0x00,0x00,0x21,0x00,
  0x00,0x08,0x00,0x00,0x20,0x00,0x00,0x00,0xff,0x00,0x00,0x00,0x00,0x00,0x00,0x21,
  0x00,0x00,0x08,0x00,0x00,0x20,0x00,0x00,0x00,0x00,0x00,0x00,0x00,0x00,0x00,0x21,
  0x00,0x00,0x08,0x00,0x00,0x20,0x00,0x00,0x00,0x00,0x00,0x00,0x00,0x00,0x00,0x21,
  0x00,0x00,0x08,0x00,0x00,0x20,0x00,0x00,0x00,0x00,0x00,0x00,0x00,0x00,0x00,0x21,
  0x00,0x00,0x08,0x00,0x00,0x20,0x00,0x00,0x00,0x00,0x00,0x00,0x00,0x00,0x00,0x21,
  0x00,0x00,0x08,0x00,0x00,0x20,0x00,0x00,0x00,0x00,0x00,0x00,0x00,0x00,0x00,0x21,
  0x00,0x00,0x08,0x00,0x00,0x20,0x00,0x00,0x00,0x00,0x00,0x00,0x00,0x00,0x00,0x21,
  0x00,0x00,0x08,0x00,0x00,0x20,0x00,0x00,0x00,0x00,0x00,0x00,0x00,0x00,0x00,0x21,
  0x00,0x01,0x00,0x00,0x00,0x00,0x00,0x00,0x08,0x00,0x00,0x00,0x00,0x00,0x00,0x00,
  0x00,0x01,0x00,0x00,0x00,0x00,0x00,0x00,0x08,0x00,0x00,0x00,0x00,0x00,0x00,0x00,
  0x00,0x01,0x00,0x00,0x00,0x00,0x00,0x00,0x08,0x00,0x00,0x00,0x00,0x00,0x00,0x00,
  0x00,0x01,0x00,0x00,0x00,0x00,0x00,0x00,0x08,0x00,0x00,0x00,0x00,0x00,0x00,0x00,
  0x00,0x01,0x00,0x00,0x00,0x00,0x00,0x00,0x08,0x00,0x00,0x00,0x00,0x00,0x00,0x00,
  0x00,0x01,0x00,0x00,0x00,0x00,0x00,0x00,0x08,0x00,0x00,0x00,0x00,0x00,0x00,0x00,
  0x00,0x01,0x00,0x00,0x00,0x00,0x00,0x00,0x08,0x00,0x00,0x00,0x00,0x00,0x00,0x00,
  0x00,0x01,0x00,0x00,0x00,0x00,0x00,0x00,0x08,0x00,0x00,0x00,0x00,0x00,0x00,0x00,
  0x00,0x01,0x00,0x00,0x00,0x00,0x00,0xff,0x00,0x08,0x00,0x00,0x00,0x00,0x00,0x00,
  0x00,0x00,0x01,0x00,0x00,0x00,0x00,0x00,0x00,0x08,0x00,0x00,0x00,0x00,0x00,0x00,
  0x00,0x00,0x01,0x00,0x00,0x00,0x00,0x00,0x00,0x08,0x00,0x00,0x00,0x00,0x00,0x00,
  0x00,0x00,0x01,0x00,0x00,0x00,0x00,0x00,0x00,0x08,0x00,0x00,0x00,0x00,0x00,0x00,
  0x00,0x00,0x01,0x00,0x00,0x00,0x00,0x00,0x00,0x08,0x00,0x00,0x00,0x00,0x00,0x00,
  0x00,0x00,0x01,0x00,0x00,0x00,0x00,0x00,0x00,0x08,0x00,0x00,0x01,0x00,0x20,0x08,
  0x00,0x00,0x00,0x00,0x00,0x00,0x00,0x00,0x20,0x00,0x00,0x00,0x01,0x00,0x20,0x08,
  0x00,0x00,0x00,0x00,0x00,0x00,0x00,0x00,0x20,0x00,0x00,0x00,0x01,0x00,0x20,0x08,
  0x00,0x00,0x00,0x00,0x00,0x00,0x00,0x00,0x20,0x00,0x00,0x00,0x01,0x00,0x20,0x08,
  0x00,0x00,0x00,0x00,0x00,0x00,0x00,0x00,0x20,0x00,0x00,0x00,0x01,0x00,0x20,0x08,
  0x00,0x00,0x00,0x00,0x00,0x00,0x00,0x00,0x20,0x00,0x00,0x00,0x01,0x00,0x20,0x08,
  0x00,0x00,0x00,0x00,0x00,0x00,0x00,0x00,0x20,0x00,0x00,0x00,0x01,0x00,0x20,0x08,
  0x00,0x00,0x00,0x00,0x00,0x00,0x00,0x00,0x20,0x00,0x00,0x00,0x01,0x00,0x20,0x08,
  0x00,0x00,0x00,0x00,0x00,0x00,0x00,0x00,0x20,0x00,0x00,0x00,0x01,0x00,0x20,0x08,
  0x00,0x00,0x00,0x00,0x00,0x00,0x00,0x00,0x20,0x00,0x00,0x00,0x01,0x00,0x20,0x08,
  0x00,0x00,0x00,0x00,0x00,0x00,0x00,0x00,0x20,0x00,0x00,0x00,0x01,0x00,0x20,0x08,
  0x00,0x00,0x00,0x00,0x00,0x00,0xff,0x00,0x00,0x20,0x00,0x00,0x00,0x01,0x00,0x20,
  0x08,0x00,0x00,0x00,0x00,0x00,0x00,0x00,0x00,0x20,0x00,0x00,0x00,0x01,0x00,0x20,
  0x08,0x00,0x00,0x00,0x00,0x00,0x00,0x00,0x00,0x20,0x00,0x00,0x00,0x01,0x00,0x20,
  0x08,0x00,0x00,0x00,0x00,0x00,0x08,0x00,0x00,0x00,0x00,0x00,0x00,0x00,0x00,0x01,
  0x00,0x00,0x00,0x00,0x00,0x00,0x08,0x00,0x00,0x00,0x00,0x00,0x00,0x00,0x00,0x01,
  0x00,0x00,0x00,0x00,0x00,0x00,0x08,0x00,0x00,0x00,0x00,0x00,0x00,0x00,0x00,0x01,
  0x00,0x00,0x00,0x00,0x00,0x00,0x08,0x00,0x00,0x00,0x00,0x00,0x00,0x00,0x00,0x01,
  0x00,0x00,0x00,0x00,0x00,0x00,0x08,0x00,0x00,0x00,0x00,0x00,0x00,0x00,0x00,0x01,
  0x00,0x00,0x00,0x00,0x00,0x00,0x08,0x00,0x00,0x00,0x00,0x00,0x00,0x00,0x00,0x01,
  0x00,0x00,0x00,0x00,0x00,0x00,0x08,0x00,0x00,0x00,0x00,0x00,0x00,0x00,0x00,0x01,
  0x00,0x00,0x00,0x00,0x00,0x00,0x08,0x00,0x00,0x00,0x00,0x00,0x00,0x00,0x00,0x01,
  0x00,0x00,0x00,0x00,0x00,0x00,0x08,0x00,0x00,0x00,0x00,0x00,0x00,0x00,0x00,0x01,
  0x00,0x00,0x00,0x00,0x00,0x00,0x08,0x00,0x00,0x00,0x00,0x00,0x00,0x00,0x00,0x01,
  0x00,0x00,0x00,0x00,0x00,0x00,0x08,0x00,0x00,0x00,0x00,0x00,0x00,0x00,0x00,0x01,
  0x00,0x00,0x00,0x00,0x00,0x00,0x08,0x00,0x00,0x00,0x00,0x00,0x00,0x00,0x00,0x01,
  0x00,0x00,0x00,0x00,0x00,0x00,0x08,0x00,0x00,0x00,0x00,0x00,0x00,0x00,0x00,0x01,
  0x00,0x00,0x00,0x00,0x00,0x83,0x00,0x08,0x00,0x00,0x00,0x00,
};

const lv_image_dsc_t saved_item_image3D_111_00019_tresh_RLE = {
  .header.magic = LV_IMAGE_HEADER_MAGIC,
  .header.cf = LV_COLOR_FORMAT_RGB565,
  .header.stride = 216,
  .header.flags = 0 | LV_IMAGE_FLAGS_COMPRESSED,
  .header.w = 108,
  .header.h = 101,
  .data_size = sizeof(saved_item_image3D_111_00019_tresh_RLE_map),
  .data = saved_item_image3D_111_00019_tresh_RLE_map,
};
