#ifdef __has_include
    #if __has_include("lvgl.h")
        #ifndef LV_LVGL_H_INCLUDE_SIMPLE
            #define LV_LVGL_H_INCLUDE_SIMPLE
        #endif
    #endif
#endif

#if defined(LV_LVGL_H_INCLUDE_SIMPLE)
    #include "lvgl.h"
#else
    #include "lvgl/lvgl.h"
#endif


#ifndef LV_ATTRIBUTE_MEM_ALIGN
#define LV_ATTRIBUTE_MEM_ALIGN
#endif

#ifndef LV_ATTRIBUTE_IMAGE_SAVED_ITEM_IMAGE3D_111_00016_TRESH_RLE
#define LV_ATTRIBUTE_IMAGE_SAVED_ITEM_IMAGE3D_111_00016_TRESH_RLE
#endif

const LV_ATTRIBUTE_MEM_ALIGN LV_ATTRIBUTE_LARGE_CONST LV_ATTRIBUTE_IMAGE_SAVED_ITEM_IMAGE3D_111_00016_TRESH_RLE uint8_t saved_item_image3D_111_00016_tresh_RLE_map[] = {
  0x01,0x00,0x00,0x00,0xd7,0x54,0x00,0x00,0x38,0x55,0x00,0x00,0xff,0x00,0x00,0x00,
  0x00,0x01,0x00,0x00,0x00,0x00,0x00,0x00,0x08,0x00,0x00,0x00,0x00,0x00,0x00,0x00,
  0x00,0x01,0x00,0x00,0x00,0x00,0x00,0x00,0x08,0x00,0x00,0x00,0x00,0x00,0x00,0x00,
  0x00,0x01,0x00,0x00,0x00,0x00,0x00,0x00,0x08,0x00,0x00,0x00,0x00,0x00,0x00,0x00,
  0x00,0x01,0x00,0x00,0x00,0x00,0x00,0x00,0x08,0x00,0x00,0x00,0x00,0x00,0x00,0x00,
  0x00,0x01,0x00,0x00,0x00,0x00,0x00,0x00,0x08,0x00,0x00,0x00,0x00,0x00,0x00,0x00,
  0x00,0x01,0x00,0x00,0x00,0x00,0x00,0x00,0x08,0x00,0x00,0x00,0x00,0x00,0x00,0x00,
  0x00,0x01,0x00,0x00,0x00,0x00,0x00,0x00,0x08,0x00,0x00,0x00,0x00,0x00,0x00,0x00,
  0x00,0x01,0x00,0x00,0x00,0x00,0x00,0x00,0x08,0x00,0x00,0x00,0x00,0x00,0x00,0x00,
  0x00,0x01,0x00,0x00,0x00,0x00,0x00,0x00,0x08,0x00,0x00,0x00,0x00,0x00,0x00,0x00,
  0x00,0x01,0x00,0x00,0x00,0x00,0x00,0x00,0x08,0x00,0x00,0x00,0x00,0x00,0x00,0x00,
  0x00,0x01,0x00,0x00,0x00,0x00,0x00,0x00,0x08,0x00,0x00,0x00,0x00,0x00,0x00,0x00,
  0x00,0x01,0x00,0x00,0x00,0x00,0x00,0x00,0x08,0x00,0x00,0x00,0x00,0x00,0x00,0x00,
  0x00,0x01,0x00,0x00,0x00,0x00,0x00,0x00,0x08,0x00,0x00,0x00,0x00,0x00,0x00,0x00,
  0x00,0x01,0x00,0x00,0x00,0x00,0x00,0x00,0x00,0x00,0x00,0x21,0x00,0x00,0x08,0x00,
  0x00,0x20,0x00,0x00,0x00,0x00,0x00,0x00,0x00,0x00,0x00,0x21,0x00,0x00,0x08,0x00,
  0x00,0x20,0x00,0x00,0x00,0x00,0x00,0x00,0x00,0x00,0x00,0xff,0x21,0x00,0x00,0x08,
  0x00,0x00,0x20,0x00,0x00,0x00,0x00,0x00,0x00,0x00,0x00,0x00,0x21,0x00,0x00,0x08,
  0x00,0x00,0x20,0x00,0x00,0x00,0x00,0x00,0x00,0x00,0x00,0x00,0x21,0x00,0x00,0x08,
  0x00,0x00,0x20,0x00,0x00,0x00,0x00,0x00,0x00,0x00,0x00,0x00,0x21,0x00,0x00,0x08,
  0x00,0x00,0x20,0x00,0x00,0x00,0x00,0x00,0x00,0x00,0x00,0x00,0x21,0x00,0x00,0x08,
  0x00,0x00,0x20,0x00,0x00,0x00,0x00,0x00,0x00,0x00,0x00,0x00,0x21,0x00,0x00,0x08,
  0x00,0x00,0x20,0x00,0x00,0x00,0x00,0x00,0x00,0x00,0x00,0x00,0x21,0x00,0x00,0x08,
  0x00,0x00,0x20,0x00,0x00,0x00,0x00,0x00,0x00,0x00,0x00,0x00,0x21,0x00,0x00,0x08,
  0x00,0x00,0x20,0x00,0x00,0x00,0x00,0x00,0x00,0x00,0x00,0x00,0x21,0x00,0x00,0x08,
  0x00,0x00,0x20,0x00,0x00,0x00,0x00,0x00,0x00,0x00,0x00,0x00,0x21,0x00,0x00,0x08,
  0x00,0x00,0x20,0x00,0x00,0x00,0x00,0x00,0x00,0x00,0x00,0x00,0x21,0x00,0x00,0x08,
  0x00,0x00,0x20,0x00,0x00,0x00,0x00,0x00,0x00,0x00,0x00,0x00,0x21,0x00,0x01,0x00,
  0x00,0x00,0x00,0x00,0x00,0x08,0x00,0x00,0x00,0x00,0x00,0x00,0x00,0x00,0x01,0x00,
  0x00,0x00,0x00,0x00,0x00,0x08,0x00,0x00,0x00,0x00,0x00,0x00,0x00,0x00,0x01,0x00,
  0x00,0x00,0x00,0x00,0x00,0x08,0x00,0x00,0x00,0x00,0x00,0x00,0x00,0x00,0x01,0x00,
  0x00,0x00,0x00,0x00,0x00,0x08,0x00,0x00,0x00,0x00,0x00,0x00,0x00,0x00,0x01,0x00,
  0x00,0x00,0x00,0x00,0x00,0x08,0x00,0x00,0x00,0x00,0xff,0x00,0x00,0x00,0x00,0x01,
  0x00,0x00,0x00,0x00,0x00,0x00,0x08,0x00,0x00,0x00,0x00,0x00,0x00,0x00,0x00,0x01,
  0x00,0x00,0x00,0x00,0x00,0x00,0x08,0x00,0x00,0x00,0x00,0x00,0x00,0x00,0x00,0x01,
  0x00,0x00,0x00,0x00,0x00,0x00,0x08,0x00,0x00,0x00,0x00,0x00,0x00,0x00,0x00,0x01,
  0x00,0x00,0x00,0x00,0x00,0x00,0x08,0x00,0x00,0x00,0x00,0x00,0x00,0x00,0x00,0x01,
  0x00,0x00,0x00,0x00,0x00,0x00,0x08,0x00,0x00,0x00,0x00,0x00,0x00,0x00,0x00,0x01,
  0x00,0x00,0x00,0x00,0x00,0x00,0x08,0x00,0x00,0x00,0x00,0x00,0x00,0x00,0x00,0x01,
  0x00,0x00,0x00,0x00,0x00,0x00,0x08,0x00,0x00,0x00,0x00,0x00,0x00,0x00,0x00,0x01,
  0x00,0x00,0x00,0x00,0x00,0x00,0x08,0x00,0x00,0x00,0x00,0x00,0x00,0x00,0x00,0x01,
  0x00,0x00,0x00,0x00,0x00,0x00,0x08,0x00,0x00,0x01,0x00,0x20,0x08,0x00,0x00,0x00,
  0x00,0x00,0x00,0x00,0x00,0x20,0x00,0x00,0x00,0x01,0x00,0x20,0x08,0x00,0x00,0x00,
  0x00,0x00,0x00,0x00,0x00,0x20,0x00,0x00,0x00,0x01,0x00,0x20,0x08,0x00,0x00,0x00,
  0x00,0x00,0x00,0x00,0x00,0x20,0x00,0x00,0x00,0x01,0x00,0x20,0x08,0x00,0x00,0x00,
  0x00,0x00,0x00,0x00,0x00,0x20,0x00,0x00,0x00,0x01,0x00,0x20,0x08,0x00,0x00,0x00,
  0x00,0x00,0x00,0x00,0x00,0x20,0x00,0x00,0x00,0x01,0x00,0x20,0x08,0x00,0x00,0x00,
  0x00,0x00,0x00,0x00,0x00,0x20,0x00,0x00,0x00,0x01,0x00,0x20,0x08,0x00,0x00,0x00,
  0x00,0x00,0x00,0x00,0x00,0x20,0x00,0x00,0x00,0xff,0x01,0x00,0x20,0x08,0x00,0x00,
  0x00,0x00,0x00,0x00,0x00,0x00,0x20,0x00,0x00,0x00,0x01,0x00,0x20,0x08,0x00,0x00,
  0x00,0x00,0x00,0x00,0x00,0x00,0x20,0x00,0x00,0x00,0x01,0x00,0x20,0x08,0x00,0x00,
  0x00,0x00,0x00,0x00,0x00,0x00,0x20,0x00,0x00,0x00,0x01,0x00,0x20,0x08,0x00,0x00,
  0x00,0x00,0x00,0x00,0x00,0x00,0x20,0x00,0x00,0x00,0x01,0x00,0x20,0x08,0x00,0x00,
  0x00,0x00,0x00,0x00,0x00,0x00,0x20,0x00,0x00,0x00,0x01,0x00,0x20,0x08,0x00,0x00,
  0x00,0x00,0x00,0x00,0x00,0x00,0x20,0x00,0x00,0x00,0x01,0x00,0x20,0x08,0x00,0x00,
  0x00,0x00,0x00,0x08,0x00,0x00,0x00,0x00,0x00,0x00,0x00,0x00,0x01,0x00,0x00,0x00,
  0x00,0x00,0x00,0x08,0x00,0x00,0x00,0x00,0x00,0x00,0x00,0x00,0x01,0x00,0x00,0x00,
  0x00,0x00,0x00,0x08,0x00,0x00,0x00,0x00,0x00,0x00,0x00,0x00,0x01,0x00,0x00,0x00,
  0x00,0x00,0x00,0x08,0x00,0x00,0x00,0x00,0x00,0x00,0x00,0x00,0x01,0x00,0x00,0x00,
  0x00,0x00,0x00,0x08,0x00,0x00,0x00,0x00,0x00,0x00,0x00,0x00,0x01,0x00,0x00,0x00,
  0x00,0x00,0x00,0x08,0x00,0x00,0x00,0x00,0x00,0x00,0x00,0x00,0x01,0x00,0x00,0x00,
  0x00,0x00,0x00,0x08,0x00,0x00,0x00,0x00,0x00,0x00,0x00,0x00,0x01,0x00,0x00,0x00,
  0x00,0x00,0x00,0x08,0x00,0x00,0x00,0x00,0x00,0x00,0x00,0x00,0x01,0x00,0x00,0x00,
  0x00,0x00,0x00,0x08,0x00,0x00,0x00,0x00,0x00,0x00,0x00,0x00,0x01,0x00,0x00,0x00,
  0x00,0x00,0x00,0x08,0x00,0x00,0x00,0x00,0xff,0x00,0x00,0x00,0x00,0x01,0x00,0x00,
  0x00,0x00,0x00,0x00,0x08,0x00,0x00,0x00,0x00,0x00,0x00,0x00,0x00,0x01,0x00,0x00,
  0x00,0x00,0x00,0x00,0x08,0x00,0x00,0x00,0x00,0x00,0x00,0x00,0x00,0x01,0x00,0x00,
  0x00,0x00,0x00,0x00,0x08,0x00,0x00,0x00,0x00,0x00,0x00,0x00,0x00,0x01,0x00,0x00,
  0x00,0x00,0x00,0x00,0x08,0x00,0x00,0x00,0x00,0x00,0x08,0x00,0x00,0x00,0x00,0x20,
  0x00,0x00,0x00,0x00,0x00,0x20,0x00,0x01,0x00,0x00,0x08,0x00,0x00,0x00,0x00,0x20,
  0x00,0x00,0x00,0x00,0x00,0x20,0x00,0x01,0x00,0x00,0x08,0x00,0x00,0x00,0x00,0x20,
  0x00,0x00,0x00,0x00,0x00,0x20,0x00,0x01,0x00,0x00,0x08,0x00,0x00,0x00,0x00,0x20,
  0x00,0x00,0x00,0x00,0x00,0x20,0x00,0x01,0x00,0x00,0x08,0x00,0x00,0x00,0x00,0x20,
  0x00,0x00,0x00,0x00,0x00,0x20,0x00,0x01,0x00,0x00,0x08,0x00,0x00,0x00,0x00,0x20,
  0x00,0x00,0x00,0x00,0x00,0x20,0x00,0x01,0x00,0x00,0x08,0x00,0x00,0x00,0x00,0x20,
  0x00,0x00,0x00,0x00,0x00,0x20,0x00,0x01,0x00,0x00,0x08,0x00,0x00,0x00,0x00,0x20,
  0x00,0x00,0x00,0x00,0x00,0x20,0x00,0x01,0x00,0x00,0x08,0x00,0x00,0x00,0x00,0x20,
  0x00,0x00,0x00,0x00,0x00,0x20,0x00,0x01,0x00,0x00,0x08,0x00,0x00,0x00,0x00,0x20,
  0x00,0x00,0x00,0x00,0x00,0x20,0x00,0x01,0x00,0x00,0x08,0x00,0x00,0x00,0x00,0x20,
  0x00,0x00,0x00,0x00,0x00,0x20,0x00,0x01,0x00,0x00,0x08,0x00,0x00,0x00,0x00,0x20,
  0x00,0x00,0x00,0x00,0x00,0x20,0x00,0xff,0x01,0x00,0x00,0x08,0x00,0x00,0x00,0x00,
  0x20,0x00,0x00,0x00,0x00,0x00,0x20,0x00,0x01,0x00,0x00,0x08,0x00,0x00,0x00,0x00,
  0x20,0x00,0x00,0x00,0x00,0x00,0x00,0x00,0x00,0x00,0x01,0x00,0x00,0x00,0x00,0x00,
  0x00,0x08,0x00,0x00,0x00,0x00,0x00,0x00,0x00,0x00,0x01,0x00,0x00,0x00,0x00,0x00,
  0x00,0x08,0x00,0x00,0x00,0x00,0x00,0x00,0x00,0x00,0x01,0x00,0x00,0x00,0x00,0x00,
  0x00,0x08,0x00,0x00,0x00,0x00,0x00,0x00,0x00,0x00,0x01,0x00,0x00,0x00,0x00,0x00,
  0x00,0x08,0x00,0x00,0x00,0x00,0x00,0x00,0x00,0x00,0x01,0x00,0x00,0x00,0x00,0x00,
  0x00,0x08,0x00,0x00,0x00,0x00,0x00,0x00,0x00,0x00,0x01,0x00,0x00,0x00,0x00,0x00,
  0x00,0x08,0x00,0x00,0x00,0x00,0x00,0x00,0x00,0x00,0x01,0x00,0x00,0x00,0x00,0x00,
  0x00,0x08,0x00,0x00,0x00,0x00,0x00,0x00,0x00,0x00,0x01,0x00,0x00,0x00,0x00,0x00,
  0x00,0x08,0x00,0x00,0x00,0x00,0x00,0x00,0x00,0x00,0x01,0x00,0x00,0x00,0x00,0x00,
  0x00,0x08,0x00,0x00,0x00,0x00,0x00,0x00,0x00,0x00,0x01,0x00,0x00,0x00,0x00,0x00,
  0x00,0x08,0x00,0x00,0x00,0x00,0x00,0x00,0x00,0x00,0x01,0x00,0x00,0x00,0x00,0x00,
  0x00,0x08,0x00,0x00,0x00,0x00,0x00,0x00,0x00,0x00,0x01,0x00,0x00,0x00,0x00,0x00,
  0x00,0x08,0x00,0x00,0x00,0x00,0x00,0x00,0x00,0x00,0x01,0x00,0x00,0x00,0x00,0x00,
  0x00,0x08,0x00,0x00,0x00,0x00,0x00,0x00,0x00,0x00,0x00,0x00,0x00,0x00,0x20,0x00,
  0x00,0x00,0x00,0x00,0x01,0x00,0xff,0x00,0x08,0x20,0x00,0x00,0x00,0x00,0x00,0x20,
  0x00,0x00,0x00,0x00,0x00,0x01,0x00,0x00,0x08,0x20,0x00,0x00,0x00,0x00,0x00,0x20,
  0x00,0x00,0x00,0x00,0x00,0x01,0x00,0x00,0x08,0x20,0x00,0x00,0x00,0x00,0x00,0x20,
  0x00,0x00,0x00,0x00,0x00,0x01,0x00,0x00,0x08,0x20,0x00,0x00,0x00,0x00,0x00,0x20,
  0x00,0x00,0x00,0x00,0x00,0x01,0x00,0x00,0x08,0x20,0x00,0x00,0x00,0x00,0x00,0x20,
  0x00,0x00,0x00,0x00,0x00,0x01,0x00,0x00,0x08,0x20,0x00,0x00,0x00,0x00,0x00,0x20,
  0x00,0x00,0x00,0x00,0x00,0x01,0x00,0x00,0x08,0x20,0x00,0x00,0x00,0x00,0x00,0x20,
  0x00,0x00,0x00,0x00,0x00,0x01,0x00,0x00,0x08,0x20,0x00,0x00,0x00,0x00,0x00,0x20,
  0x00,0x00,0x00,0x00,0x00,0x01,0x00,0x00,0x08,0x20,0x00,0x00,0x00,0x00,0x00,0x20,
  0x00,0x00,0x00,0x00,0x00,0x01,0x00,0x00,0x08,0x20,0x00,0x00,0x00,0x00,0x00,0x20,
  0x00,0x00,0x00,0x00,0x00,0x01,0x00,0x00,0x08,0x20,0x00,0x00,0x00,0x00,0x00,0x20,
  0x00,0x00,0x00,0x00,0x00,0x01,0x00,0x00,0x08,0x20,0x00,0x00,0x00,0x00,0x00,0x20,
  0x00,0x00,0x00,0x00,0x00,0x01,0x00,0x00,0x08,0x20,0x00,0x00,0x00,0x00,0x00,0x20,
  0x00,0x00,0x00,0x00,0x00,0x00,0x00,0x01,0x00,0x00,0x00,0x00,0x00,0x00,0x08,0x00,
  0x00,0x00,0x00,0x00,0x00,0x00,0x00,0x01,0x00,0x00,0x00,0x00,0x00,0x00,0x08,0x00,
  0x00,0x00,0x00,0x00,0x00,0x00,0x00,0x01,0x00,0x00,0x00,0x00,0x00,0x00,0x08,0x00,
  0x00,0x00,0x00,0x00,0x00,0xff,0x00,0x00,0x01,0x00,0x00,0x00,0x00,0x00,0x00,0x08,
  0x00,0x00,0x00,0x00,0x00,0x00,0x00,0x00,0x01,0x00,0x00,0x00,0x00,0x00,0x00,0x08,
  0x00,0x00,0x00,0x00,0x00,0x00,0x00,0x00,0x01,0x00,0x00,0x00,0x00,0x00,0x00,0x08,
  0x00,0x00,0x00,0x00,0x00,0x00,0x00,0x00,0x01,0x00,0x00,0x00,0x00,0x00,0x00,0x08,
  0x00,0x00,0x00,0x00,0x00,0x00,0x00,0x00,0x01,0x00,0x00,0x00,0x00,0x00,0x00,0x08,
  0x00,0x00,0x00,0x00,0x00,0x00,0x00,0x00,0x01,0x00,0x00,0x00,0x00,0x00,0x00,0x08,
  0x00,0x00,0x00,0x00,0x00,0x00,0x00,0x00,0x01,0x00,0x00,0x00,0x00,0x00,0x00,0x08,
  0x00,0x00,0x00,0x00,0x00,0x00,0x00,0x00,0x01,0x00,0x00,0x00,0x00,0x00,0x00,0x08,
  0x00,0x00,0x00,0x00,0x00,0x00,0x00,0x00,0x01,0x00,0x00,0x00,0x00,0x00,0x00,0x08,
  0x00,0x00,0x00,0x00,0x00,0x00,0x00,0x00,0x01,0x00,0x00,0x00,0x00,0x00,0x00,0x08,
  0x00,0x00,0x00,0x00,0x00,0x00,0x00,0x00,0x01,0x00,0x00,0x00,0x00,0x00,0x00,0x00,
  0x00,0x00,0x21,0x00,0x00,0x08,0x00,0x00,0x20,0x00,0x00,0x00,0x00,0x00,0x00,0x00,
  0x00,0x00,0x21,0x00,0x00,0x08,0x00,0x00,0x20,0x00,0x00,0x00,0x00,0x00,0x00,0x00,
  0x00,0x00,0x21,0x00,0x00,0x08,0x00,0x00,0x20,0x00,0x00,0x00,0x00,0x00,0x00,0x00,
  0x00,0x00,0x21,0x00,0x00,0x08,0x00,0x00,0x20,0x00,0x00,0x00,0x00,0x00,0x00,0x00,
  0x00,0x00,0x21,0x00,0x00,0x08,0x00,0x00,0x20,0x00,0x00,0x00,0x00,0x00,0x00,0x00,
  0x00,0x00,0x21,0x00,0xff,0x00,0x08,0x00,0x00,0x20,0x00,0x00,0x00,0x00,0x00,0x00,
  0x00,0x00,0x00,0x21,0x00,0x00,0x08,0x00,0x00,0x20,0x00,0x00,0x00,0x00,0x00,0x00,
  0x00,0x00,0x00,0x21,0x00,0x00,0x08,0x00,0x00,0x20,0x00,0x00,0x00,0x00,0x00,0x00,
  0x00,0x00,0x00,0x21,0x00,0x00,0x08,0x00,0x00,0x20,0x00,0x00,0x00,0x00,0x00,0x00,
  0x00,0x00,0x00,0x21,0x00,0x00,0x08,0x00,0x00,0x20,0x00,0x00,0x00,0x00,0x00,0x00,
  0x00,0x00,0x00,0x21,0x00,0x00,0x08,0x00,0x00,0x20,0x00,0x00,0x00,0x00,0x00,0x00,
  0x00,0x00,0x00,0x21,0x00,0x00,0x08,0x00,0x00,0x20,0x00,0x00,0x00,0x00,0x00,0x00,
  0x00,0x00,0x00,0x21,0x00,0x00,0x08,0x00,0x00,0x20,0x00,0x00,0x00,0x00,0x00,0x00,
  0x00,0x00,0x00,0x21,0x00,0x01,0x00,0x00,0x00,0x00,0x00,0x00,0x08,0x00,0x00,0x00,
  0x00,0x00,0x00,0x00,0x00,0x01,0x00,0x00,0x00,0x00,0x00,0x00,0x08,0x00,0x00,0x00,
  0x00,0x00,0x00,0x00,0x00,0x01,0x00,0x00,0x00,0x00,0x00,0x00,0x08,0x00,0x00,0x00,
  0x00,0x00,0x00,0x00,0x00,0x01,0x00,0x00,0x00,0x00,0x00,0x00,0x08,0x00,0x00,0x00,
  0x00,0x00,0x00,0x00,0x00,0x01,0x00,0x00,0x00,0x00,0x00,0x00,0x08,0x00,0x00,0x00,
  0x00,0x00,0x00,0x00,0x00,0x01,0x00,0x00,0x00,0x00,0x00,0x00,0x08,0x00,0x00,0x00,
  0x00,0x00,0x00,0x00,0x00,0x01,0x00,0x00,0x00,0x00,0x00,0x00,0x08,0x00,0x00,0x00,
  0x00,0x00,0x00,0x00,0x00,0x01,0x00,0x00,0x00,0x00,0x00,0x00,0x08,0x00,0x00,0x00,
  0x00,0x00,0x00,0xff,0x00,0x00,0x01,0x00,0x00,0x00,0x00,0x00,0x00,0x08,0x00,0x00,
  0x00,0x00,0x00,0x00,0x00,0x00,0x01,0x00,0x00,0x00,0x00,0x00,0x00,0x08,0x00,0x00,
  0x00,0x00,0x00,0x00,0x00,0x00,0x01,0x00,0x00,0x00,0x00,0x00,0x00,0x08,0x00,0x00,
  0x00,0x00,0x00,0x00,0x00,0x00,0x01,0x00,0x00,0x00,0x00,0x00,0x00,0x08,0x00,0x00,
  0x00,0x00,0x00,0x00,0x00,0x00,0x01,0x00,0x00,0x00,0x00,0x00,0x00,0x08,0x00,0x00,
  0x00,0x00,0x00,0x00,0x00,0x00,0x01,0x00,0x00,0x00,0x00,0x00,0x00,0x08,0x00,0x00,
  0x01,0x00,0x20,0x08,0x00,0x00,0x00,0x00,0x00,0x00,0x00,0x00,0x20,0x00,0x00,0x00,
  0x01,0x00,0x20,0x08,0x00,0x00,0x00,0x00,0x00,0x00,0x00,0x00,0x20,0x00,0x00,0x00,
  0x01,0x00,0x20,0x08,0x00,0x00,0x00,0x00,0x00,0x00,0x00,0x00,0x20,0x00,0x00,0x00,
  0x01,0x00,0x20,0x08,0x00,0x00,0x00,0x00,0x00,0x00,0x00,0x00,0x20,0x00,0x00,0x00,
  0x01,0x00,0x20,0x08,0x00,0x00,0x00,0x00,0x00,0x00,0x00,0x00,0x20,0x00,0x00,0x00,
  0x01,0x00,0x20,0x08,0x00,0x00,0x00,0x00,0x00,0x00,0x00,0x00,0x20,0x00,0x00,0x00,
  0x01,0x00,0x20,0x08,0x00,0x00,0x00,0x00,0x00,0x00,0x00,0x00,0x20,0x00,0x00,0x00,
  0x01,0x00,0x20,0x08,0x00,0x00,0x00,0x00,0x00,0x00,0x00,0x00,0x20,0x00,0x00,0x00,
  0x01,0x00,0x20,0x08,0x00,0x00,0x00,0x00,0x00,0x00,0x00,0x00,0x20,0x00,0x00,0x00,
  0x01,0x00,0x20,0x08,0x00,0x00,0x00,0x00,0x00,0x00,0x00,0x00,0x20,0x00,0x00,0x00,
  0x01,0x00,0xff,0x20,0x08,0x00,0x00,0x00,0x00,0x00,0x00,0x00,0x00,0x20,0x00,0x00,
  0x00,0x01,0x00,0x20,0x08,0x00,0x00,0x00,0x00,0x00,0x00,0x00,0x00,0x20,0x00,0x00,
  0x00,0x01,0x00,0x20,0x08,0x00,0x00,0x00,0x00,0x00,0x00,0x00,0x00,0x20,0x00,0x00,
  0x00,0x01,0x00,0x20,0x08,0x00,0x00,0x00,0x00,0x00,0x08,0x00,0x00,0x00,0x00,0x00,
  0x00,0x00,0x00,0x01,0x00,0x00,0x00,0x00,0x00,0x00,0x08,0x00,0x00,0x00,0x00,0x00,
  0x00,0x00,0x00,0x01,0x00,0x00,0x00,0x00,0x00,0x00,0x08,0x00,0x00,0x00,0x00,0x00,
  0x00,0x00,0x00,0x01,0x00,0x00,0x00,0x00,0x00,0x00,0x08,0x00,0x00,0x00,0x00,0x00,
  0x00,0x00,0x00,0x01,0x00,0x00,0x00,0x00,0x00,0x00,0x08,0x00,0x00,0x00,0x00,0x00,
  0x00,0x00,0x00,0x01,0x00,0x00,0x00,0x00,0x00,0x00,0x08,0x00,0x00,0x00,0x00,0x00,
  0x00,0x00,0x00,0x01,0x00,0x00,0x00,0x00,0x00,0x00,0x08,0x00,0x00,0x00,0x00,0x00,
  0x00,0x00,0x00,0x01,0x00,0x00,0x00,0x00,0x00,0x00,0x08,0x00,0x00,0x00,0x00,0x00,
  0x00,0x00,0x00,0x01,0x00,0x00,0x00,0x00,0x00,0x00,0x08,0x00,0x00,0x00,0x00,0x00,
  0x00,0x00,0x00,0x01,0x00,0x00,0x00,0x00,0x00,0x00,0x08,0x00,0x00,0x00,0x00,0x00,
  0x00,0x00,0x00,0x01,0x00,0x00,0x00,0x00,0x00,0x00,0x08,0x00,0x00,0x00,0x00,0x00,
  0x00,0x00,0x00,0x01,0x00,0x00,0x00,0x00,0x00,0x00,0x08,0x00,0x00,0x00,0x00,0x00,
  0x00,0x00,0x00,0x01,0x00,0x00,0x00,0x00,0x00,0x00,0x08,0x00,0x00,0x00,0x00,0x00,
  0x00,0xff,0x00,0x00,0x01,0x00,0x00,0x00,0x00,0x00,0x00,0x08,0x00,0x00,0x00,0x00,
  0x00,0x08,0x00,0x00,0x00,0x00,0x20,0x00,0x00,0x00,0x00,0x00,0x20,0x00,0x01,0x00,
  0x00,0x08,0x00,0x00,0x00,0x00,0x20,0x00,0x00,0x00,0x00,0x00,0x20,0x00,0x01,0x00,
  0x00,0x08,0x00,0x00,0x00,0x00,0x20,0x00,0x00,0x00,0x00,0x00,0x20,0x00,0x01,0x00,
  0x00,0x08,0x00,0x00,0x00,0x00,0x20,0x00,0x00,0x00,0x00,0x00,0x20,0x00,0x01,0x00,
  0x00,0x08,0x00,0x00,0x00,0x00,0x20,0x00,0x00,0x00,0x00,0x00,0x20,0x00,0x01,0x00,
  0x00,0x08,0x00,0x00,0x00,0x00,0x20,0x00,0x00,0x00,0x00,0x00,0x20,0x00,0x01,0x00,
  0x00,0x08,0x00,0x00,0x00,0x00,0x20,0x00,0x00,0x00,0x00,0x00,0x20,0x00,0x01,0x00,
  0x00,0x08,0x00,0x00,0x00,0x00,0x20,0x00,0x00,0x00,0x00,0x00,0x20,0x00,0x01,0x00,
  0x00,0x08,0x00,0x00,0x00,0x00,0x20,0x00,0x00,0x00,0x00,0x00,0x20,0x00,0x01,0x00,
  0x00,0x08,0x00,0x00,0x00,0x00,0x20,0x00,0x00,0x00,0x00,0x00,0x20,0x00,0x01,0x00,
  0x00,0x08,0x00,0x00,0x00,0x00,0x20,0x00,0x00,0x00,0x00,0x00,0x20,0x00,0x01,0x00,
  0x00,0x08,0x00,0x00,0x00,0x00,0x20,0x00,0x00,0x00,0x00,0x00,0x20,0x00,0x01,0x00,
  0x00,0x08,0x00,0x00,0x00,0x00,0x20,0x00,0x00,0x00,0x00,0x00,0x20,0x00,0x01,0x00,
  0x00,0x08,0x00,0x00,0x00,0x00,0x20,0x00,0x00,0x00,0x00,0x00,0x00,0x00,0x00,0x00,
  0x01,0x00,0x00,0x00,0x00,0x00,0x00,0x08,0x00,0x00,0x00,0x00,0x00,0x00,0x00,0x00,
  0xff,0x01,0x00,0x00,0x00,0x00,0x00,0x00,0x08,0x00,0x00,0x00,0x00,0x00,0x00,0x00,
  0x00,0x01,0x00,0x00,0x00,0x00,0x00,0x00,0x08,0x00,0x00,0x00,0x00,0x00,0x00,0x00,
  0x00,0x01,0x00,0x00,0x00,0x00,0x00,0x00,0x08,0x00,0x00,0x00,0x00,0x00,0x00,0x00,
  0x00,0x01,0x00,0x00,0x00,0x00,0x00,0x00,0x08,0x00,0x00,0x00,0x00,0x00,0x00,0x00,
  0x00,0x01,0x00,0x00,0x00,0x00,0x00,0x00,0x08,0x00,0x00,0x00,0x00,0x00,0x00,0x00,
  0x00,0x01,0x00,0x00,0x00,0x00,0x00,0x00,0x08,0x00,0x00,0x00,0x00,0x00,0x00,0x00,
  0x00,0x01,0x00,0x00,0x00,0x00,0x00,0x00,0x08,0x00,0x00,0x00,0x00,0x00,0x00,0x00,
  0x00,0x01,0x00,0x00,0x00,0x00,0x00,0x00,0x08,0x00,0x00,0x00,0x00,0x00,0x00,0x00,
  0x00,0x01,0x00,0x00,0x00,0x00,0x00,0x00,0x08,0x00,0x00,0x00,0x00,0x00,0x00,0x00,
  0x00,0x01,0x00,0x00,0x00,0x00,0x00,0x00,0x08,0x00,0x00,0x00,0x00,0x00,0x00,0x00,
  0x00,0x01,0x00,0x00,0x00,0x00,0x00,0x00,0x08,0x00,0x00,0x00,0x00,0x00,0x00,0x00,
  0x00,0x01,0x00,0x00,0x00,0x00,0x00,0x00,0x08,0x00,0x00,0x00,0x00,0x00,0x00,0x00,
  0x00,0x00,0x00,0x00,0x00,0x20,0x00,0x00,0x00,0x00,0x00,0x01,0x00,0x00,0x08,0x20,
  0x00,0x00,0x00,0x00,0x00,0x20,0x00,0x00,0x00,0x00,0x00,0x01,0x00,0x00,0x08,0x20,
  0x00,0x00,0x00,0x00,0x00,0x20,0x00,0x00,0x00,0x00,0x00,0x01,0x00,0x00,0x08,0x20,
  0x00,0x00,0x00,0x00,0x00,0x20,0x00,0x00,0x00,0x00,0x00,0x01,0x00,0x00,0x08,0xff,
  0x20,0x00,0x00,0x00,0x00,0x00,0x20,0x00,0x00,0x00,0x00,0x00,0x01,0x00,0x00,0x08,
  0x20,0x00,0x00,0x00,0x00,0x00,0x20,0x00,0x00,0x00,0x00,0x00,0x01,0x00,0x00,0x08,
  0x20,0x00,0x00,0x00,0x00,0x00,0x20,0x00,0x00,0x00,0x00,0x00,0x01,0x00,0x00,0x08,
  0x20,0x00,0x00,0x00,0x00,0x00,0x20,0x00,0x00,0x00,0x00,0x00,0x01,0x00,0x00,0x08,
  0x20,0x00,0x00,0x00,0x00,0x00,0x20,0x00,0x00,0x00,0x00,0x00,0x01,0x00,0x00,0x08,
  0x20,0x00,0x00,0x00,0x00,0x00,0x20,0x00,0x00,0x00,0x00,0x00,0x01,0x00,0x00,0x08,
  0x20,0x00,0x00,0x00,0x00,0x00,0x20,0x00,0x00,0x00,0x00,0x00,0x01,0x00,0x00,0x08,
  0x20,0x00,0x00,0x00,0x00,0x00,0x20,0x00,0x00,0x00,0x00,0x00,0x01,0x00,0x00,0x08,
  0x20,0x00,0x00,0x00,0x00,0x00,0x20,0x00,0x00,0x00,0x00,0x00,0x01,0x00,0x00,0x08,
  0x20,0x00,0x00,0x00,0x00,0x00,0x20,0x00,0x00,0x00,0x00,0x00,0x00,0x00,0x01,0x00,
  0x00,0x00,0x00,0x00,0x00,0x08,0x00,0x00,0x00,0x00,0x00,0x00,0x00,0x00,0x01,0x00,
  0x00,0x00,0x00,0x00,0x00,0x08,0x00,0x00,0x00,0x00,0x00,0x00,0x00,0x00,0x01,0x00,
  0x00,0x00,0x00,0x00,0x00,0x08,0x00,0x00,0x00,0x00,0x00,0x00,0x00,0x00,0x01,0x00,
  0x00,0x00,0x00,0x00,0x00,0x08,0x00,0x00,0x00,0x00,0x00,0x00,0x00,0x00,0x01,0x00,
  0x00,0x00,0x00,0x00,0x00,0x08,0x00,0x00,0x00,0x00,0x00,0x00,0x00,0x00,0x01,0x00,
  0x00,0x00,0x00,0x00,0x00,0x08,0x00,0x00,0x00,0x00,0x00,0x00,0x00,0x00,0xff,0x01,
  0x00,0x00,0x00,0x00,0x00,0x00,0x08,0x00,0x00,0x00,0x00,0x00,0x00,0x00,0x00,0x01,
  0x00,0x00,0x00,0x00,0x00,0x00,0x08,0x00,0x00,0x00,0x00,0x00,0x00,0x00,0x00,0x01,
  0x00,0x00,0x00,0x00,0x00,0x00,0x08,0x00,0x00,0x00,0x00,0x00,0x00,0x00,0x00,0x01,
  0x00,0x00,0x00,0x00,0x00,0x00,0x08,0x00,0x00,0x00,0x00,0x00,0x00,0x00,0x00,0x01,
  0x00,0x00,0x00,0x00,0x00,0x00,0x08,0x00,0x00,0x00,0x00,0x00,0x00,0x00,0x00,0x01,
  0x00,0x00,0x00,0x00,0x00,0x00,0x08,0x00,0x00,0x00,0x00,0x00,0x00,0x00,0x00,0x01,
  0x00,0x00,0x00,0x00,0x00,0x00,0x08,0x00,0x00,0x00,0x00,0x00,0x00,0x00,0x00,0x01,
  0x00,0x00,0x00,0x00,0x00,0x00,0x00,0x00,0x00,0x21,0x00,0x00,0x08,0x00,0x00,0x20,
  0x00,0x00,0x00,0x00,0x00,0x00,0x00,0x00,0x00,0x21,0x00,0x00,0x08,0x00,0x00,0x20,
  0x00,0x00,0x00,0x00,0x00,0x00,0x00,0x00,0x00,0x21,0x00,0x00,0x08,0x00,0x00,0x20,
  0x00,0x00,0x00,0x00,0x00,0x00,0x00,0x00,0x00,0x21,0x00,0x00,0x08,0x00,0x00,0x20,
  0x00,0x00,0x00,0x00,0x00,0x00,0x00,0x00,0x00,0x21,0x00,0x00,0x08,0x00,0x00,0x20,
  0x00,0x00,0x00,0x00,0x00,0x00,0x00,0x00,0x00,0x21,0x00,0x00,0x08,0x00,0x00,0x20,
  0x00,0x00,0x00,0x00,0x00,0x00,0x00,0x00,0x00,0x21,0x00,0x00,0x08,0x00,0x00,0x20,
  0x00,0x00,0x00,0x00,0x00,0x00,0x00,0x00,0x00,0x21,0x00,0x00,0x08,0x00,0x00,0x20,
  0x00,0x00,0x00,0x00,0x00,0x00,0x00,0x00,0x00,0x21,0x00,0x00,0x08,0xff,0x00,0x00,
  0x20,0x00,0x00,0x00,0x00,0x00,0x00,0x00,0x00,0x00,0x21,0x00,0x00,0x08,0x00,0x00,
  0x20,0x00,0x00,0x00,0x00,0x00,0x00,0x00,0x00,0x00,0x21,0x00,0x00,0x08,0x00,0x00,
  0x20,0x00,0x00,0x00,0x00,0x00,0x00,0x00,0x00,0x00,0x21,0x00,0x00,0x08,0x00,0x00,
  0x20,0x00,0x00,0x00,0x00,0x00,0x00,0x00,0x00,0x00,0x21,0x00,0x00,0x08,0x00,0x00,
  0x20,0x00,0x00,0x00,0x00,0x00,0x00,0x00,0x00,0x00,0x21,0x00,0x01,0x00,0x00,0x00,
  0x00,0x00,0x00,0x08,0x00,0x00,0x00,0x00,0x00,0x00,0x00,0x00,0x01,0x00,0x00,0x00,
  0x00,0x00,0x00,0x08,0x00,0x00,0x00,0x00,0x00,0x00,0x00,0x00,0x01,0x00,0x00,0x00,
  0x00,0x00,0x00,0x08,0x00,0x00,0x00,0x00,0x00,0x00,0x00,0x00,0x01,0x00,0x00,0x00,
  0x00,0x00,0x00,0x08,0x00,0x00,0x00,0x00,0x00,0x00,0x00,0x00,0x01,0x00,0x00,0x00,
  0x00,0x00,0x00,0x08,0x00,0x00,0x00,0x00,0x00,0x00,0x00,0x00,0x01,0x00,0x00,0x00,
  0x00,0x00,0x00,0x08,0x00,0x00,0x00,0x00,0x00,0x00,0x00,0x00,0x01,0x00,0x00,0x00,
  0x00,0x00,0x00,0x08,0x00,0x00,0x00,0x00,0x00,0x00,0x00,0x00,0x01,0x00,0x00,0x00,
  0x00,0x00,0x00,0x08,0x00,0x00,0x00,0x00,0x00,0x00,0x00,0x00,0x01,0x00,0x00,0x00,
  0x00,0x00,0x00,0x08,0x00,0x00,0x00,0x00,0x00,0x00,0x00,0x00,0x01,0x00,0x00,0x00,
  0x00,0x00,0x00,0x08,0x00,0x00,0x00,0x00,0x00,0x00,0x00,0x00,0x01,0x00,0x00,0x00,
  0x00,0x00,0x00,0x08,0x00,0x00,0x00,0x00,0x00,0x00,0x00,0x00,0xff,0x01,0x00,0x00,
  0x00,0x00,0x00,0x00,0x08,0x00,0x00,0x00,0x00,0x00,0x00,0x00,0x00,0x01,0x00,0x00,
  0x00,0x00,0x00,0x00,0x08,0x00,0x00,0x00,0x00,0x00,0x00,0x00,0x00,0x01,0x00,0x00,
  0x00,0x00,0x00,0x00,0x08,0x00,0x00,0x01,0x00,0x20,0x08,0x00,0x00,0x00,0x00,0x00,
  0x00,0x00,0x00,0x20,0x00,0x00,0x00,0x01,0x00,0x20,0x08,0x00,0x00,0x00,0x00,0x00,
  0x00,0x00,0x00,0x20,0x00,0x00,0x00,0x01,0x00,0x20,0x08,0x00,0x00,0x00,0x00,0x00,
  0x00,0x00,0x00,0x20,0x00,0x00,0x00,0x01,0x00,0x20,0x08,0x00,0x00,0x00,0x00,0x00,
  0x00,0x00,0x00,0x20,0x00,0x00,0x00,0x01,0x00,0x20,0x08,0x00,0x00,0x00,0x00,0x00,
  0x00,0x00,0x00,0x20,0x00,0x00,0x00,0x01,0x00,0x20,0x08,0x00,0x00,0x00,0x00,0x00,
  0x00,0x00,0x00,0x20,0x00,0x00,0x00,0x01,0x00,0x20,0x08,0x00,0x00,0x00,0x00,0x00,
  0x00,0x00,0x00,0x20,0x00,0x00,0x00,0x01,0x00,0x20,0x08,0x00,0x00,0x00,0x00,0x00,
  0x00,0x00,0x00,0x20,0x00,0x00,0x00,0x01,0x00,0x20,0x08,0x00,0x00,0x00,0x00,0x00,
  0x00,0x00,0x00,0x20,0x00,0x00,0x00,0x01,0x00,0x20,0x08,0x00,0x00,0x00,0x00,0x00,
  0x00,0x00,0x00,0x20,0x00,0x00,0x00,0x01,0x00,0x20,0x08,0x00,0x00,0x00,0x00,0x00,
  0x00,0x00,0x00,0x20,0x00,0x00,0x00,0x01,0x00,0x20,0x08,0x00,0x00,0x00,0x00,0x00,
  0x00,0x00,0x00,0x20,0x00,0x00,0x00,0x01,0x00,0x20,0x08,0x00,0x00,0x00,0x00,0x00,
  0x00,0x00,0x00,0x20,0x00,0x00,0x00,0x01,0x00,0x20,0x08,0xff,0x00,0x00,0x00,0x00,
  0x00,0x08,0x00,0x00,0x00,0x00,0x00,0x00,0x00,0x00,0x01,0x00,0x00,0x00,0x00,0x00,
  0x00,0x08,0x00,0x00,0x00,0x00,0x00,0x00,0x00,0x00,0x01,0x00,0x00,0x00,0x00,0x00,
  0x00,0x08,0x00,0x00,0x00,0x00,0x00,0x00,0x00,0x00,0x01,0x00,0x00,0x00,0x00,0x00,
  0x00,0x08,0x00,0x00,0x00,0x00,0x00,0x00,0x00,0x00,0x01,0x00,0x00,0x00,0x00,0x00,
  0x00,0x08,0x00,0x00,0x00,0x00,0x00,0x00,0x00,0x00,0x01,0x00,0x00,0x00,0x00,0x00,
  0x00,0x08,0x00,0x00,0x00,0x00,0x00,0x00,0x00,0x00,0x01,0x00,0x00,0x00,0x00,0x00,
  0x00,0x08,0x00,0x00,0x00,0x00,0x00,0x00,0x00,0x00,0x01,0x00,0x00,0x00,0x00,0x00,
  0x00,0x08,0x00,0x00,0x00,0x00,0x00,0x00,0x00,0x00,0x01,0x00,0x00,0x00,0x00,0x00,
  0x00,0x08,0x00,0x00,0x00,0x00,0x00,0x00,0x00,0x00,0x01,0x00,0x00,0x00,0x00,0x00,
  0x00,0x08,0x00,0x00,0x00,0x00,0x00,0x00,0x00,0x00,0x01,0x00,0x00,0x00,0x00,0x00,
  0x00,0x08,0x00,0x00,0x00,0x00,0x00,0x00,0x00,0x00,0x01,0x00,0x00,0x00,0x00,0x00,
  0x00,0x08,0x00,0x00,0x00,0x00,0x00,0x00,0x00,0x00,0x01,0x00,0x00,0x00,0x00,0x00,
  0x00,0x08,0x00,0x00,0x00,0x00,0x00,0x00,0x00,0x00,0x01,0x00,0x00,0x00,0x00,0x00,
  0x00,0x08,0x00,0x00,0x00,0x00,0x00,0x08,0x00,0x00,0x00,0x00,0x20,0x00,0x00,0x00,
  0x00,0x00,0x20,0x00,0x01,0x00,0x00,0x08,0x00,0x00,0x00,0x00,0x20,0x00,0x00,0x00,
  0x00,0x00,0x20,0x00,0x01,0x00,0x00,0x08,0x00,0x00,0xff,0x00,0x00,0x20,0x00,0x00,
  0x00,0x00,0x00,0x20,0x00,0x01,0x00,0x00,0x08,0x00,0x00,0x00,0x00,0x20,0x00,0x00,
  0x00,0x00,0x00,0x20,0x00,0x01,0x00,0x00,0x08,0x00,0x00,0x00,0x00,0x20,0x00,0x00,
  0x00,0x00,0x00,0x20,0x00,0x01,0x00,0x00,0x08,0x00,0x00,0x00,0x00,0x20,0x00,0x00,
  0x00,0x00,0x00,0x20,0x00,0x01,0x00,0x00,0x08,0x00,0x00,0x00,0x00,0x20,0x00,0x00,
  0x00,0x00,0x00,0x20,0x00,0x01,0x00,0x00,0x08,0x00,0x00,0x00,0x00,0x20,0x00,0x00,
  0x00,0x00,0x00,0x20,0x00,0x01,0x00,0x00,0x08,0x00,0x00,0x00,0x00,0x20,0x00,0x00,
  0x00,0x00,0x00,0x20,0x00,0x01,0x00,0x00,0x08,0x00,0x00,0x00,0x00,0x20,0x00,0x00,
  0x00,0x00,0x00,0x20,0x00,0x01,0x00,0x00,0x08,0x00,0x00,0x00,0x00,0x20,0x00,0x00,
  0x00,0x00,0x00,0x20,0x00,0x01,0x00,0x00,0x08,0x00,0x00,0x00,0x00,0x20,0x00,0x00,
  0x00,0x00,0x00,0x20,0x00,0x01,0x00,0x00,0x08,0x00,0x00,0x00,0x00,0x20,0x00,0x00,
  0x00,0x00,0x00,0x20,0x00,0x01,0x00,0x00,0x08,0x00,0x00,0x00,0x00,0x20,0x00,0x00,
  0x00,0x00,0x00,0x00,0x00,0x00,0x00,0x01,0x00,0x00,0x00,0x00,0x00,0x00,0x08,0x00,
  0x00,0x00,0x00,0x00,0x00,0x00,0x00,0x01,0x00,0x00,0x00,0x00,0x00,0x00,0x08,0x00,
  0x00,0x00,0x00,0x00,0x00,0x00,0x00,0x01,0x00,0x00,0x00,0x00,0x00,0x00,0x08,0x00,
  0x00,0x00,0x00,0x00,0x00,0x00,0x00,0x01,0x00,0x00,0x00,0x00,0x00,0x00,0x08,0x00,
  0x00,0x00,0x00,0x00,0x00,0x00,0x00,0x01,0x00,0xff,0x00,0x00,0x00,0x00,0x00,0x08,
  0x00,0x00,0x00,0x00,0x00,0x00,0x00,0x00,0x01,0x00,0x00,0x00,0x00,0x00,0x00,0x08,
  0x00,0x00,0x00,0x00,0x00,0x00,0x00,0x00,0x01,0x00,0x00,0x00,0x00,0x00,0x00,0x08,
  0x00,0x00,0x00,0x00,0x00,0x00,0x00,0x00,0x01,0x00,0x00,0x00,0x00,0x00,0x00,0x08,
  0x00,0x00,0x00,0x00,0x00,0x00,0x00,0x00,0x01,0x00,0x00,0x00,0x00,0x00,0x00,0x08,
  0x00,0x00,0x00,0x00,0x00,0x00,0x00,0x00,0x01,0x00,0x00,0x00,0x00,0x00,0x00,0x08,
  0x00,0x00,0x00,0x00,0x00,0x00,0x00,0x00,0x01,0x00,0x00,0x00,0x00,0x00,0x00,0x08,
  0x00,0x00,0x00,0x00,0x00,0x00,0x00,0x00,0x01,0x00,0x00,0x00,0x00,0x00,0x00,0x08,
  0x00,0x00,0x00,0x00,0x00,0x00,0x00,0x00,0x01,0x00,0x00,0x00,0x00,0x00,0x00,0x08,
  0x00,0x00,0x00,0x00,0x00,0x00,0x00,0x00,0x00,0x00,0x00,0x00,0x20,0x00,0x00,0x00,
  0x00,0x00,0x01,0x00,0x00,0x08,0x20,0x00,0x00,0x00,0x00,0x00,0x20,0x00,0x00,0x00,
  0x00,0x00,0x01,0x00,0x00,0x08,0x20,0x00,0x00,0x00,0x00,0x00,0x20,0x00,0x00,0x00,
  0x00,0x00,0x01,0x00,0x00,0x08,0x20,0x00,0x00,0x00,0x00,0x00,0x20,0x00,0x00,0x00,
  0x00,0x00,0x01,0x00,0x00,0x08,0x20,0x00,0x00,0x00,0x00,0x00,0x20,0x00,0x00,0x00,
  0x00,0x00,0x01,0x00,0x00,0x08,0x20,0x00,0x00,0x00,0x00,0x00,0x20,0x00,0x00,0x00,
  0x00,0x00,0x01,0x00,0x00,0x08,0x20,0x00,0x00,0x00,0x00,0x00,0x20,0x00,0x00,0x00,
  0x00,0x00,0x01,0x00,0x00,0x08,0x20,0x00,0xff,0x00,0x00,0x00,0x00,0x20,0x00,0x00,
  0x00,0x00,0x00,0x01,0x00,0x00,0x08,0x20,0x00,0x00,0x00,0x00,0x00,0x20,0x00,0x00,
  0x00,0x00,0x00,0x01,0x00,0x00,0x08,0x20,0x00,0x00,0x00,0x00,0x00,0x20,0x00,0x00,
  0x00,0x00,0x00,0x01,0x00,0x00,0x08,0x20,0x00,0x00,0x00,0x00,0x00,0x20,0x00,0x00,
  0x00,0x00,0x00,0x01,0x00,0x00,0x08,0x20,0x00,0x00,0x00,0x00,0x00,0x20,0x00,0x00,
  0x00,0x00,0x00,0x01,0x00,0x00,0x08,0x20,0x00,0x00,0x00,0x00,0x00,0x20,0x00,0x00,
  0x00,0x00,0x00,0x01,0x00,0x00,0x08,0x20,0x00,0x00,0x00,0x00,0x00,0x20,0x00,0x00,
  0x00,0x00,0x00,0x00,0x00,0x01,0x00,0x00,0x00,0x00,0x00,0x00,0x08,0x00,0x00,0x00,
  0x00,0x00,0x00,0x00,0x00,0x01,0x00,0x00,0x00,0x00,0x00,0x00,0x08,0x00,0x00,0x00,
  0x00,0x00,0x00,0x00,0x00,0x01,0x00,0x00,0x00,0x00,0x00,0x00,0x08,0x00,0x00,0x00,
  0x00,0x00,0x00,0x00,0x00,0x01,0x00,0x00,0x00,0x00,0x00,0x00,0x08,0x00,0x00,0x00,
  0x00,0x00,0x00,0x00,0x00,0x01,0x00,0x00,0x00,0x00,0x00,0x00,0x08,0x00,0x00,0x00,
  0x00,0x00,0x00,0x00,0x00,0x01,0x00,0x00,0x00,0x00,0x00,0x00,0x08,0x00,0x00,0x00,
  0x00,0x00,0x00,0x00,0x00,0x01,0x00,0x00,0x00,0x00,0x00,0x00,0x08,0x00,0x00,0x00,
  0x00,0x00,0x00,0x00,0x00,0x01,0x00,0x00,0x00,0x00,0x00,0x00,0x08,0x00,0x00,0x00,
  0x00,0x00,0x00,0x00,0x00,0x01,0x00,0x00,0x00,0x00,0x00,0x00,0x08,0x00,0x00,0x00,
  0x00,0x00,0x00,0x00,0x00,0x01,0x00,0xff,0x00,0x00,0x00,0x00,0x00,0x08,0x00,0x00,
  0x00,0x00,0x00,0x00,0x00,0x00,0x01,0x00,0x00,0x00,0x00,0x00,0x00,0x08,0x00,0x00,
  0x00,0x00,0x00,0x00,0x00,0x00,0x01,0x00,0x00,0x00,0x00,0x00,0x00,0x08,0x00,0x00,
  0x00,0x00,0x00,0x00,0x00,0x00,0x01,0x00,0x00,0x00,0x00,0x00,0x00,0x08,0x00,0x00,
  0x00,0x00,0x00,0x00,0x00,0x00,0x01,0x00,0x00,0x00,0x00,0x00,0x00,0x00,0x00,0x00,
  0x21,0x00,0x00,0x08,0x00,0x00,0x20,0x00,0x00,0x00,0x00,0x00,0x00,0x00,0x00,0x00,
  0x21,0x00,0x00,0x08,0x00,0x00,0x20,0x00,0x00,0x00,0x00,0x00,0x00,0x00,0x00,0x00,
  0x21,0x00,0x00,0x08,0x00,0x00,0x20,0x00,0x00,0x00,0x00,0x00,0x00,0x00,0x00,0x00,
  0x21,0x00,0x00,0x08,0x00,0x00,0x20,0x00,0x00,0x00,0x00,0x00,0x00,0x00,0x00,0x00,
  0x21,0x00,0x00,0x08,0x00,0x00,0x20,0x00,0x00,0x00,0x00,0x00,0x00,0x00,0x00,0x00,
  0x21,0x00,0x00,0x08,0x00,0x00,0x20,0x00,0x00,0x00,0x00,0x00,0x00,0x00,0x00,0x00,
  0x21,0x00,0x00,0x08,0x00,0x00,0x20,0x00,0x00,0x00,0x00,0x00,0x00,0x00,0x00,0x00,
  0x21,0x00,0x00,0x08,0x00,0x00,0x20,0x00,0x00,0x00,0x00,0x00,0x00,0x00,0x00,0x00,
  0x21,0x00,0x00,0x08,0x00,0x00,0x20,0x00,0x00,0x00,0x00,0x00,0x00,0x00,0x00,0x00,
  0x21,0x00,0x00,0x08,0x00,0x00,0x20,0x00,0x00,0x00,0x00,0x00,0x00,0x00,0x00,0x00,
  0x21,0x00,0x00,0x08,0x00,0x00,0x20,0x00,0x00,0x00,0x00,0x00,0x00,0x00,0x00,0x00,
  0x21,0x00,0x00,0x08,0x00,0x00,0xff,0x20,0x00,0x00,0x00,0x00,0x00,0x00,0x00,0x00,
  0x00,0x21,0x00,0x00,0x08,0x00,0x00,0x20,0x00,0x00,0x00,0x00,0x00,0x00,0x00,0x00,
  0x00,0x21,0x00,0x01,0x00,0x00,0x00,0x00,0x00,0x00,0x08,0x00,0x00,0x00,0x00,0x00,
  0x00,0x00,0x00,0x01,0x00,0x00,0x00,0x00,0x00,0x00,0x08,0x00,0x00,0x00,0x00,0x00,
  0x00,0x00,0x00,0x01,0x00,0x00,0x00,0x00,0x00,0x00,0x08,0x00,0x00,0x00,0x00,0x00,
  0x00,0x00,0x00,0x01,0x00,0x00,0x00,0x00,0x00,0x00,0x08,0x00,0x00,0x00,0x00,0x00,
  0x00,0x00,0x00,0x01,0x00,0x00,0x00,0x00,0x00,0x00,0x08,0x00,0x00,0x00,0x00,0x00,
  0x00,0x00,0x00,0x01,0x00,0x00,0x00,0x00,0x00,0x00,0x08,0x00,0x00,0x00,0x00,0x00,
  0x00,0x00,0x00,0x01,0x00,0x00,0x00,0x00,0x00,0x00,0x08,0x00,0x00,0x00,0x00,0x00,
  0x00,0x00,0x00,0x01,0x00,0x00,0x00,0x00,0x00,0x00,0x08,0x00,0x00,0x00,0x00,0x00,
  0x00,0x00,0x00,0x01,0x00,0x00,0x00,0x00,0x00,0x00,0x08,0x00,0x00,0x00,0x00,0x00,
  0x00,0x00,0x00,0x01,0x00,0x00,0x00,0x00,0x00,0x00,0x08,0x00,0x00,0x00,0x00,0x00,
  0x00,0x00,0x00,0x01,0x00,0x00,0x00,0x00,0x00,0x00,0x08,0x00,0x00,0x00,0x00,0x00,
  0x00,0x00,0x00,0x01,0x00,0x00,0x00,0x00,0x00,0x00,0x08,0x00,0x00,0x00,0x00,0x00,
  0x00,0x00,0x00,0x01,0x00,0x00,0x00,0x00,0x00,0x00,0x08,0x00,0x00,0x00,0x00,0x00,
  0x00,0x00,0x00,0x01,0x00,0x00,0x00,0x00,0x00,0x00,0x08,0x00,0x00,0x01,0x00,0x20,
  0x08,0x00,0x00,0x00,0x00,0xff,0x00,0x00,0x00,0x00,0x20,0x00,0x00,0x00,0x01,0x00,
  0x20,0x08,0x00,0x00,0x00,0x00,0x00,0x00,0x00,0x00,0x20,0x00,0x00,0x00,0x01,0x00,
  0x20,0x08,0x00,0x00,0x00,0x00,0x00,0x00,0x00,0x00,0x20,0x00,0x00,0x00,0x01,0x00,
  0x20,0x08,0x00,0x00,0x00,0x00,0x00,0x00,0x00,0x00,0x20,0x00,0x00,0x00,0x01,0x00,
  0x20,0x08,0x00,0x00,0x00,0x00,0x00,0x00,0x00,0x00,0x20,0x00,0x00,0x00,0x01,0x00,
  0x20,0x08,0x00,0x00,0x00,0x00,0x00,0x00,0x00,0x00,0x20,0x00,0x00,0x00,0x01,0x00,
  0x20,0x08,0x00,0x00,0x00,0x00,0x00,0x00,0x00,0x00,0x20,0x00,0x00,0x00,0x01,0x00,
  0x20,0x08,0x00,0x00,0x00,0x00,0x00,0x00,0x00,0x00,0x20,0x00,0x00,0x00,0x01,0x00,
  0x20,0x08,0x00,0x00,0x00,0x00,0x00,0x00,0x00,0x00,0x20,0x00,0x00,0x00,0x01,0x00,
  0x20,0x08,0x00,0x00,0x00,0x00,0x00,0x00,0x00,0x00,0x20,0x00,0x00,0x00,0x01,0x00,
  0x20,0x08,0x00,0x00,0x00,0x00,0x00,0x00,0x00,0x00,0x20,0x00,0x00,0x00,0x01,0x00,
  0x20,0x08,0x00,0x00,0x00,0x00,0x00,0x00,0x00,0x00,0x20,0x00,0x00,0x00,0x01,0x00,
  0x20,0x08,0x00,0x00,0x00,0x00,0x00,0x00,0x00,0x00,0x20,0x00,0x00,0x00,0x01,0x00,
  0x20,0x08,0x00,0x00,0x00,0x00,0x00,0x08,0x00,0x00,0x00,0x00,0x00,0x00,0x00,0x00,
  0x01,0x00,0x00,0x00,0x00,0x00,0x00,0x08,0x00,0x00,0x00,0x00,0x00,0x00,0x00,0x00,
  0x01,0x00,0x00,0x00,0x00,0x00,0x00,0x08,0x00,0x00,0x00,0x00,0x00,0x00,0x00,0x00,
  0x01,0x00,0x00,0x00,0xff,0x00,0x00,0x00,0x08,0x00,0x00,0x00,0x00,0x00,0x00,0x00,
  0x00,0x01,0x00,0x00,0x00,0x00,0x00,0x00,0x08,0x00,0x00,0x00,0x00,0x00,0x00,0x00,
  0x00,0x01,0x00,0x00,0x00,0x00,0x00,0x00,0x08,0x00,0x00,0x00,0x00,0x00,0x00,0x00,
  0x00,0x01,0x00,0x00,0x00,0x00,0x00,0x00,0x08,0x00,0x00,0x00,0x00,0x00,0x00,0x00,
  0x00,0x01,0x00,0x00,0x00,0x00,0x00,0x00,0x08,0x00,0x00,0x00,0x00,0x00,0x00,0x00,
  0x00,0x01,0x00,0x00,0x00,0x00,0x00,0x00,0x08,0x00,0x00,0x00,0x00,0x00,0x00,0x00,
  0x00,0x01,0x00,0x00,0x00,0x00,0x00,0x00,0x08,0x00,0x00,0x00,0x00,0x00,0x00,0x00,
  0x00,0x01,0x00,0x00,0x00,0x00,0x00,0x00,0x08,0x00,0x00,0x00,0x00,0x00,0x00,0x00,
  0x00,0x01,0x00,0x00,0x00,0x00,0x00,0x00,0x08,0x00,0x00,0x00,0x00,0x00,0x00,0x00,
  0x00,0x01,0x00,0x00,0x00,0x00,0x00,0x00,0x08,0x00,0x00,0x00,0x00,0x00,0x00,0x00,
  0x00,0x01,0x00,0x00,0x00,0x00,0x00,0x00,0x08,0x00,0x00,0x00,0x00,0x00,0x08,0x00,
  0x00,0x00,0x00,0x20,0x00,0x00,0x00,0x00,0x00,0x20,0x00,0x01,0x00,0x00,0x08,0x00,
  0x00,0x00,0x00,0x20,0x00,0x00,0x00,0x00,0x00,0x20,0x00,0x01,0x00,0x00,0x08,0x00,
  0x00,0x00,0x00,0x20,0x00,0x00,0x00,0x00,0x00,0x20,0x00,0x01,0x00,0x00,0x08,0x00,
  0x00,0x00,0x00,0x20,0x00,0x00,0x00,0x00,0x00,0x20,0x00,0x01,0x00,0x00,0x08,0x00,
  0x00,0x00,0x00,0x20,0x00,0x00,0x00,0x00,0x00,0x20,0x00,0x01,0x00,0x00,0x08,0x00,
  0x00,0x00,0x00,0xff,0x20,0x00,0x00,0x00,0x00,0x00,0x20,0x00,0x01,0x00,0x00,0x08,
  0x00,0x00,0x00,0x00,0x20,0x00,0x00,0x00,0x00,0x00,0x20,0x00,0x01,0x00,0x00,0x08,
  0x00,0x00,0x00,0x00,0x20,0x00,0x00,0x00,0x00,0x00,0x20,0x00,0x01,0x00,0x00,0x08,
  0x00,0x00,0x00,0x00,0x20,0x00,0x00,0x00,0x00,0x00,0x20,0x00,0x01,0x00,0x00,0x08,
  0x00,0x00,0x00,0x00,0x20,0x00,0x00,0x00,0x00,0x00,0x20,0x00,0x01,0x00,0x00,0x08,
  0x00,0x00,0x00,0x00,0x20,0x00,0x00,0x00,0x00,0x00,0x20,0x00,0x01,0x00,0x00,0x08,
  0x00,0x00,0x00,0x00,0x20,0x00,0x00,0x00,0x00,0x00,0x20,0x00,0x01,0x00,0x00,0x08,
  0x00,0x00,0x00,0x00,0x20,0x00,0x00,0x00,0x00,0x00,0x20,0x00,0x01,0x00,0x00,0x08,
  0x00,0x00,0x00,0x00,0x20,0x00,0x00,0x00,0x00,0x00,0x00,0x00,0x00,0x00,0x01,0x00,
  0x00,0x00,0x00,0x00,0x00,0x08,0x00,0x00,0x00,0x00,0x00,0x00,0x00,0x00,0x01,0x00,
  0x00,0x00,0x00,0x00,0x00,0x08,0x00,0x00,0x00,0x00,0x00,0x00,0x00,0x00,0x01,0x00,
  0x00,0x00,0x00,0x00,0x00,0x08,0x00,0x00,0x00,0x00,0x00,0x00,0x00,0x00,0x01,0x00,
  0x00,0x00,0x00,0x00,0x00,0x08,0x00,0x00,0x00,0x00,0x00,0x00,0x00,0x00,0x01,0x00,
  0x00,0x00,0x00,0x00,0x00,0x08,0x00,0x00,0x00,0x00,0x00,0x00,0x00,0x00,0x01,0x00,
  0x00,0x00,0x00,0x00,0x00,0x08,0x00,0x00,0x00,0x00,0x00,0x00,0x00,0x00,0x01,0x00,
  0x00,0x00,0x00,0x00,0x00,0x08,0x00,0x00,0x00,0x00,0x00,0x00,0x00,0x00,0x01,0x00,
  0x00,0x00,0xff,0x00,0x00,0x00,0x08,0x00,0x00,0x00,0x00,0x00,0x00,0x00,0x00,0x01,
  0x00,0x00,0x00,0x00,0x00,0x00,0x08,0x00,0x00,0x00,0x00,0x00,0x00,0x00,0x00,0x01,
  0x00,0x00,0x00,0x00,0x00,0x00,0x08,0x00,0x00,0x00,0x00,0x00,0x00,0x00,0x00,0x01,
  0x00,0x00,0x00,0x00,0x00,0x00,0x08,0x00,0x00,0x00,0x00,0x00,0x00,0x00,0x00,0x01,
  0x00,0x00,0x00,0x00,0x00,0x00,0x08,0x00,0x00,0x00,0x00,0x00,0x00,0x00,0x00,0x01,
  0x00,0x00,0x00,0x00,0x00,0x00,0x08,0x00,0x00,0x00,0x00,0x00,0x00,0x00,0x00,0x00,
  0x00,0x00,0x00,0x20,0x00,0x00,0x00,0x00,0x00,0x01,0x00,0x00,0x08,0x20,0x00,0x00,
  0x00,0x00,0x00,0x20,0x00,0x00,0x00,0x00,0x00,0x01,0x00,0x00,0x08,0x20,0x00,0x00,
  0x00,0x00,0x00,0x20,0x00,0x00,0x00,0x00,0x00,0x01,0x00,0x00,0x08,0x20,0x00,0x00,
  0x00,0x00,0x00,0x20,0x00,0x00,0x00,0x00,0x00,0x01,0x00,0x00,0x08,0x20,0x00,0x00,
  0x00,0x00,0x00,0x20,0x00,0x00,0x00,0x00,0x00,0x01,0x00,0x00,0x08,0x20,0x00,0x00,
  0x00,0x00,0x00,0x20,0x00,0x00,0x00,0x00,0x00,0x01,0x00,0x00,0x08,0x20,0x00,0x00,
  0x00,0x00,0x00,0x20,0x00,0x00,0x00,0x00,0x00,0x01,0x00,0x00,0x08,0x20,0x00,0x00,
  0x00,0x00,0x00,0x20,0x00,0x00,0x00,0x00,0x00,0x01,0x00,0x00,0x08,0x20,0x00,0x00,
  0x00,0x00,0x00,0x20,0x00,0x00,0x00,0x00,0x00,0x01,0x00,0x00,0x08,0x20,0x00,0x00,
  0x00,0x00,0x00,0x20,0x00,0x00,0x00,0x00,0x00,0x01,0x00,0x00,0x08,0x20,0x00,0x00,
  0x00,0xff,0x00,0x00,0x20,0x00,0x00,0x00,0x00,0x00,0x01,0x00,0x00,0x08,0x20,0x00,
  0x00,0x00,0x00,0x00,0x20,0x00,0x00,0x00,0x00,0x00,0x01,0x00,0x00,0x08,0x20,0x00,
  0x00,0x00,0x00,0x00,0x20,0x00,0x00,0x00,0x00,0x00,0x01,0x00,0x00,0x08,0x20,0x00,
  0x00,0x00,0x00,0x00,0x20,0x00,0x00,0x00,0x00,0x00,0x00,0x00,0x01,0x00,0x00,0x00,
  0x00,0x00,0x00,0x08,0x00,0x00,0x00,0x00,0x00,0x00,0x00,0x00,0x01,0x00,0x00,0x00,
  0x00,0x00,0x00,0x08,0x00,0x00,0x00,0x00,0x00,0x00,0x00,0x00,0x01,0x00,0x00,0x00,
  0x00,0x00,0x00,0x08,0x00,0x00,0x00,0x00,0x00,0x00,0x00,0x00,0x01,0x00,0x00,0x00,
  0x00,0x00,0x00,0x08,0x00,0x00,0x00,0x00,0x00,0x00,0x00,0x00,0x01,0x00,0x00,0x00,
  0x00,0x00,0x00,0x08,0x00,0x00,0x00,0x00,0x00,0x00,0x00,0x00,0x01,0x00,0x00,0x00,
  0x00,0x00,0x00,0x08,0x00,0x00,0x00,0x00,0x00,0x00,0x00,0x00,0x01,0x00,0x00,0x00,
  0x00,0x00,0x00,0x08,0x00,0x00,0x00,0x00,0x00,0x00,0x00,0x00,0x01,0x00,0x00,0x00,
  0x00,0x00,0x00,0x08,0x00,0x00,0x00,0x00,0x00,0x00,0x00,0x00,0x01,0x00,0x00,0x00,
  0x00,0x00,0x00,0x08,0x00,0x00,0x00,0x00,0x00,0x00,0x00,0x00,0x01,0x00,0x00,0x00,
  0x00,0x00,0x00,0x08,0x00,0x00,0x00,0x00,0x00,0x00,0x00,0x00,0x01,0x00,0x00,0x00,
  0x00,0x00,0x00,0x08,0x00,0x00,0x00,0x00,0x00,0x00,0x00,0x00,0x01,0x00,0x00,0x00,
  0x00,0x00,0x00,0x08,0x00,0x00,0x00,0x00,0x00,0x00,0x00,0x00,0x01,0x00,0x00,0x00,
  0xff,0x00,0x00,0x00,0x08,0x00,0x00,0x00,0x00,0x00,0x00,0x00,0x00,0x01,0x00,0x00,
  0x00,0x00,0x00,0x00,0x00,0x00,0x00,0x21,0x00,0x00,0x08,0x00,0x00,0x20,0x00,0x00,
  0x00,0x00,0x00,0x00,0x00,0x00,0x00,0x21,0x00,0x00,0x08,0x00,0x00,0x20,0x00,0x00,
  0x00,0x00,0x00,0x00,0x00,0x00,0x00,0x21,0x00,0x00,0x08,0x00,0x00,0x20,0x00,0x00,
  0x00,0x00,0x00,0x00,0x00,0x00,0x00,0x21,0x00,0x00,0x08,0x00,0x00,0x20,0x00,0x00,
  0x00,0x00,0x00,0x00,0x00,0x00,0x00,0x21,0x00,0x00,0x08,0x00,0x00,0x20,0x00,0x00,
  0x00,0x00,0x00,0x00,0x00,0x00,0x00,0x21,0x00,0x00,0x08,0x00,0x00,0x20,0x00,0x00,
  0x00,0x00,0x00,0x00,0x00,0x00,0x00,0x21,0x00,0x00,0x08,0x00,0x00,0x20,0x00,0x00,
  0x00,0x00,0x00,0x00,0x00,0x00,0x00,0x21,0x00,0x00,0x08,0x00,0x00,0x20,0x00,0x00,
  0x00,0x00,0x00,0x00,0x00,0x00,0x00,0x21,0x00,0x00,0x08,0x00,0x00,0x20,0x00,0x00,
  0x00,0x00,0x00,0x00,0x00,0x00,0x00,0x21,0x00,0x00,0x08,0x00,0x00,0x20,0x00,0x00,
  0x00,0x00,0x00,0x00,0x00,0x00,0x00,0x21,0x00,0x00,0x08,0x00,0x00,0x20,0x00,0x00,
  0x00,0x00,0x00,0x00,0x00,0x00,0x00,0x21,0x00,0x00,0x08,0x00,0x00,0x20,0x00,0x00,
  0x00,0x00,0x00,0x00,0x00,0x00,0x00,0x21,0x00,0x00,0x08,0x00,0x00,0x20,0x00,0x00,
  0x00,0x00,0x00,0x00,0x00,0x00,0x00,0x21,0x00,0x01,0x00,0x00,0x00,0x00,0x00,0x00,
  0x08,0x00,0x00,0x00,0x00,0x00,0x00,0x00,0x00,0x01,0x00,0x00,0x00,0x00,0x00,0xff,
  0x00,0x08,0x00,0x00,0x00,0x00,0x00,0x00,0x00,0x00,0x01,0x00,0x00,0x00,0x00,0x00,
  0x00,0x08,0x00,0x00,0x00,0x00,0x00,0x00,0x00,0x00,0x01,0x00,0x00,0x00,0x00,0x00,
  0x00,0x08,0x00,0x00,0x00,0x00,0x00,0x00,0x00,0x00,0x01,0x00,0x00,0x00,0x00,0x00,
  0x00,0x08,0x00,0x00,0x00,0x00,0x00,0x00,0x00,0x00,0x01,0x00,0x00,0x00,0x00,0x00,
  0x00,0x08,0x00,0x00,0x00,0x00,0x00,0x00,0x00,0x00,0x01,0x00,0x00,0x00,0x00,0x00,
  0x00,0x08,0x00,0x00,0x00,0x00,0x00,0x00,0x00,0x00,0x01,0x00,0x00,0x00,0x00,0x00,
  0x00,0x08,0x00,0x00,0x00,0x00,0x00,0x00,0x00,0x00,0x01,0x00,0x00,0x00,0x00,0x00,
  0x00,0x08,0x00,0x00,0x00,0x00,0x00,0x00,0x00,0x00,0x01,0x00,0x00,0x00,0x00,0x00,
  0x00,0x08,0x00,0x00,0x00,0x00,0x00,0x00,0x00,0x00,0x01,0x00,0x00,0x00,0x00,0x00,
  0x00,0x08,0x00,0x00,0x00,0x00,0x00,0x00,0x00,0x00,0x01,0x00,0x00,0x00,0x00,0x00,
  0x00,0x08,0x00,0x00,0x00,0x00,0x00,0x00,0x00,0x00,0x01,0x00,0x00,0x00,0x00,0x00,
  0x00,0x08,0x00,0x00,0x00,0x00,0x00,0x00,0x00,0x00,0x01,0x00,0x00,0x00,0x00,0x00,
  0x00,0x08,0x00,0x00,0x01,0x00,0x20,0x08,0x00,0x00,0x00,0x00,0x00,0x00,0x00,0x00,
  0x20,0x00,0x00,0x00,0x01,0x00,0x20,0x08,0x00,0x00,0x00,0x00,0x00,0x00,0x00,0x00,
  0x20,0x00,0x00,0x00,0x01,0x00,0x20,0x08,0x00,0x00,0x00,0x00,0x00,0x00,0x00,0x00,
  0x20,0x00,0x00,0x00,0x63,0x10,0x20,0x08,0x00,0x00,0x00,0x00,0x00,0x00,0xff,0x00,
  0x00,0x20,0x00,0x00,0x00,0x01,0x00,0x20,0x08,0x00,0x00,0x00,0x00,0x00,0x00,0x00,
  0x00,0x20,0x00,0x00,0x00,0x01,0x00,0x20,0x08,0x00,0x00,0x00,0x00,0x00,0x00,0x00,
  0x00,0x20,0x00,0x00,0x00,0x01,0x00,0x20,0x08,0x00,0x00,0x00,0x00,0x00,0x00,0x00,
  0x00,0x20,0x00,0x00,0x00,0x01,0x00,0x20,0x08,0x00,0x00,0x00,0x00,0x00,0x00,0x00,
  0x00,0x20,0x00,0x00,0x00,0x01,0x00,0x20,0x08,0x00,0x00,0x00,0x00,0x00,0x00,0x00,
  0x00,0x20,0x00,0x00,0x00,0x01,0x00,0x20,0x08,0x00,0x00,0x00,0x00,0x00,0x00,0x00,
  0x00,0x20,0x00,0x00,0x00,0x01,0x00,0x20,0x08,0x00,0x00,0x00,0x00,0x00,0x00,0x00,
  0x00,0x20,0x00,0x00,0x00,0x01,0x00,0x20,0x08,0x00,0x00,0x00,0x00,0x00,0x00,0x00,
  0x00,0x20,0x00,0x00,0x00,0x01,0x00,0x20,0x08,0x00,0x00,0x00,0x00,0x00,0x00,0x00,
  0x00,0x20,0x00,0x00,0x00,0x01,0x00,0x20,0x08,0x00,0x00,0x00,0x00,0x00,0x08,0x00,
  0x00,0x00,0x00,0x00,0x00,0x00,0x00,0x01,0x00,0x00,0x00,0x00,0x00,0x00,0x08,0x00,
  0x00,0x00,0x00,0x00,0x00,0x00,0x00,0x01,0x00,0x00,0x00,0x00,0x00,0x00,0x08,0x00,
  0x00,0x00,0x00,0x00,0x00,0x00,0x00,0x83,0x10,0x41,0x08,0x62,0x08,0xc3,0x20,0x42,
  0x08,0x00,0x00,0x00,0x00,0x00,0x00,0x01,0x00,0xc3,0x18,0x62,0x10,0xa2,0x18,0x83,
  0x10,0x41,0x10,0xa3,0x10,0x00,0x00,0x62,0x10,0x82,0x10,0x42,0x08,0xc3,0x18,0x83,
  0x10,0x82,0x10,0x82,0x10,0xc4,0x20,0x04,0x21,0x00,0x00,0x00,0x00,0xff,0x00,0x08,
  0x00,0x00,0x00,0x00,0x00,0x00,0x00,0x00,0x01,0x00,0x00,0x00,0x00,0x00,0x00,0x08,
  0x00,0x00,0x00,0x00,0x00,0x00,0x00,0x00,0x01,0x00,0x00,0x00,0x00,0x00,0x00,0x08,
  0x00,0x00,0x00,0x00,0x00,0x00,0x00,0x00,0x01,0x00,0x00,0x00,0x00,0x00,0x00,0x08,
  0x00,0x00,0x00,0x00,0x00,0x00,0x00,0x00,0x01,0x00,0x00,0x00,0x00,0x00,0x00,0x08,
  0x00,0x00,0x00,0x00,0x00,0x00,0x00,0x00,0x01,0x00,0x00,0x00,0x00,0x00,0x00,0x08,
  0x00,0x00,0x00,0x00,0x00,0x00,0x00,0x00,0x01,0x00,0x00,0x00,0x00,0x00,0x00,0x08,
  0x00,0x00,0x00,0x00,0x00,0x00,0x00,0x00,0x01,0x00,0x00,0x00,0x00,0x00,0x00,0x08,
  0x00,0x00,0x00,0x00,0x00,0x08,0x00,0x00,0x00,0x00,0x20,0x00,0x00,0x00,0x00,0x00,
  0x20,0x00,0x01,0x00,0x00,0x08,0x00,0x00,0x00,0x00,0x20,0x00,0x00,0x00,0x00,0x00,
  0x20,0x00,0x01,0x00,0x00,0x08,0x00,0x00,0x00,0x00,0x20,0x00,0x00,0x00,0xa3,0x10,
  0x28,0x4a,0x1d,0xe7,0x96,0xbd,0xf4,0x9c,0x6e,0x73,0xc3,0x18,0x41,0x10,0x29,0x4a,
  0x81,0x10,0xe4,0x20,0xc3,0x20,0x93,0x94,0xf8,0xc5,0x9a,0xd6,0x96,0xbd,0xff,0xff,
  0x0f,0x84,0x46,0x29,0x62,0x10,0x82,0x10,0xe8,0x41,0x19,0xc6,0xd7,0xbd,0xaf,0x73,
  0xe3,0x20,0x05,0x21,0x00,0x08,0x00,0x00,0x00,0x00,0x20,0x00,0x00,0x00,0x00,0x00,
  0x20,0x00,0x01,0x00,0x00,0x08,0x00,0x00,0x00,0x00,0x20,0x00,0x00,0x00,0x00,0x00,
  0x20,0x00,0x01,0x00,0x00,0x08,0x00,0x00,0x00,0x00,0x20,0x00,0xff,0x00,0x00,0x00,
  0x00,0x20,0x00,0x01,0x00,0x00,0x08,0x00,0x00,0x00,0x00,0x20,0x00,0x00,0x00,0x00,
  0x00,0x20,0x00,0x01,0x00,0x00,0x08,0x00,0x00,0x00,0x00,0x20,0x00,0x00,0x00,0x00,
  0x00,0x20,0x00,0x01,0x00,0x00,0x08,0x00,0x00,0x00,0x00,0x20,0x00,0x00,0x00,0x00,
  0x00,0x20,0x00,0x01,0x00,0x00,0x08,0x00,0x00,0x00,0x00,0x20,0x00,0x00,0x00,0x00,
  0x00,0x20,0x00,0x01,0x00,0x00,0x08,0x00,0x00,0x00,0x00,0x20,0x00,0x00,0x00,0x00,
  0x00,0x00,0x00,0x00,0x00,0x01,0x00,0x00,0x00,0x00,0x00,0x00,0x08,0x00,0x00,0x00,
  0x00,0x00,0x00,0x00,0x00,0x01,0x00,0x00,0x00,0x00,0x00,0x00,0x08,0x00,0x00,0x00,
  0x00,0x00,0x00,0x00,0x00,0x01,0x00,0x45,0x29,0xdb,0xd6,0xff,0xff,0xff,0xff,0xff,
  0xff,0xff,0xff,0x7e,0xf7,0xbb,0xd6,0x1b,0xe7,0xd0,0x7b,0x7d,0xf7,0xff,0xff,0xff,
  0xff,0xff,0xff,0xff,0xff,0xff,0xff,0xff,0xff,0xff,0xff,0xbe,0xff,0x35,0xad,0x6e,
  0x73,0xe4,0x18,0xcf,0x7b,0xff,0xff,0xff,0xff,0xf8,0xbd,0x82,0x18,0x83,0x10,0x00,
  0x00,0x00,0x00,0x00,0x00,0x01,0x00,0x00,0x00,0x00,0x00,0x00,0x08,0x00,0x00,0x00,
  0x00,0x00,0x00,0x00,0x00,0x01,0x00,0x00,0x00,0x00,0x00,0x00,0x08,0x00,0x00,0x00,
  0x00,0x00,0x00,0x00,0x00,0x01,0x00,0x00,0x00,0x00,0x00,0x00,0x08,0x00,0x00,0x00,
  0x00,0x00,0x00,0x00,0x00,0x01,0x00,0x00,0x00,0x00,0x00,0x00,0x08,0x00,0x00,0x00,
  0x00,0x00,0x00,0x00,0x00,0x01,0x00,0x00,0x00,0x00,0x00,0xac,0x00,0x08,0x00,0x00,
  0x00,0x00,0x00,0x00,0x00,0x00,0x01,0x00,0x00,0x00,0x00,0x00,0x00,0x08,0x00,0x00,
  0x00,0x00,0x00,0x00,0x00,0x00,0x01,0x00,0x00,0x00,0x00,0x00,0x00,0x08,0x00,0x00,
  0x00,0x00,0x00,0x00,0x00,0x00,0x00,0x00,0x00,0x00,0x20,0x00,0x00,0x00,0x00,0x00,
  0x01,0x00,0x00,0x08,0x20,0x00,0x00,0x00,0x00,0x00,0x20,0x00,0x00,0x00,0x00,0x00,
  0x01,0x00,0x00,0x08,0x20,0x00,0x00,0x00,0x00,0x00,0x20,0x00,0x00,0x00,0x20,0x08,
  0xec,0x62,0xff,0xff,0x13,0xff,0xff,0xda,0x59,0xce,0x97,0xb5,0xff,0xff,0xff,0xff,
  0xff,0xff,0x76,0xad,0xc3,0x20,0x41,0x08,0x20,0x00,0x00,0x00,0x00,0x00,0x01,0x00,
  0x00,0x08,0x20,0x00,0x00,0x00,0x00,0x00,0x20,0x00,0x00,0x00,0x00,0x00,0x01,0x00,
  0x00,0x08,0x20,0x00,0x00,0x00,0x00,0x00,0x20,0x00,0x00,0x00,0x00,0x00,0x01,0x00,
  0x00,0x08,0x20,0x00,0x00,0x00,0x00,0x00,0x20,0x00,0x00,0x00,0x00,0x00,0x01,0x00,
  0x00,0x08,0x20,0x00,0x00,0x00,0x00,0x00,0x20,0x00,0x00,0x00,0x00,0x00,0x01,0x00,
  0x00,0x08,0x20,0x00,0x00,0x00,0x00,0x00,0x20,0x00,0x00,0x00,0x00,0x00,0x01,0x00,
  0x00,0x08,0x20,0x00,0x00,0x00,0x00,0x00,0x20,0x00,0x00,0x00,0x00,0x00,0x01,0x00,
  0x00,0x08,0x20,0x00,0x00,0x00,0x00,0x00,0x20,0x00,0x00,0x00,0x00,0x00,0x00,0x00,
  0x01,0x00,0x00,0x00,0x00,0x00,0x00,0x08,0x00,0x00,0x00,0x00,0x00,0x00,0x00,0x00,
  0x01,0x00,0x00,0x00,0x00,0x00,0x00,0x08,0x00,0x00,0x00,0x00,0x00,0x00,0x00,0x00,
  0x01,0x00,0x00,0x00,0xa3,0x10,0x49,0x52,0xbf,0xff,0xff,0xff,0x17,0xff,0xff,0xd5,
  0xdf,0xff,0x29,0x42,0x04,0x29,0x01,0x00,0x00,0x00,0x00,0x00,0x00,0x08,0x00,0x00,
  0x00,0x00,0x00,0x00,0x00,0x00,0x01,0x00,0x00,0x00,0x00,0x00,0x00,0x08,0x00,0x00,
  0x00,0x00,0x00,0x00,0x00,0x00,0x01,0x00,0x00,0x00,0x00,0x00,0x00,0x08,0x00,0x00,
  0x00,0x00,0x00,0x00,0x00,0x00,0x01,0x00,0x00,0x00,0x00,0x00,0x00,0x08,0x00,0x00,
  0x00,0x00,0x00,0x00,0x00,0x00,0x01,0x00,0x00,0x00,0x00,0x00,0x00,0x08,0x00,0x00,
  0x00,0x00,0x00,0x00,0x00,0x00,0x01,0x00,0x00,0x00,0x00,0x00,0x00,0x08,0x00,0x00,
  0x00,0x00,0x00,0x00,0x00,0x00,0x01,0x00,0x00,0x00,0x00,0x00,0x00,0x08,0x00,0x00,
  0x00,0x00,0x00,0x00,0x00,0x00,0x01,0x00,0x00,0x00,0x00,0x00,0x00,0x00,0x00,0x00,
  0x21,0x00,0x00,0x08,0x00,0x00,0x20,0x00,0x00,0x00,0x00,0x00,0x00,0x00,0x00,0x00,
  0x21,0x00,0x00,0x08,0x00,0x00,0x20,0x00,0x00,0x00,0x00,0x00,0x00,0x00,0x00,0x00,
  0x21,0x00,0x00,0x08,0xc4,0x18,0xd6,0xbd,0xff,0xff,0x17,0xff,0xff,0xda,0xbf,0xff,
  0x29,0x4a,0x62,0x08,0x00,0x00,0x21,0x00,0x00,0x08,0x00,0x00,0x20,0x00,0x00,0x00,
  0x00,0x00,0x00,0x00,0x00,0x00,0x21,0x00,0x00,0x08,0x00,0x00,0x20,0x00,0x00,0x00,
  0x00,0x00,0x00,0x00,0x00,0x00,0x21,0x00,0x00,0x08,0x00,0x00,0x20,0x00,0x00,0x00,
  0x00,0x00,0x00,0x00,0x00,0x00,0x21,0x00,0x00,0x08,0x00,0x00,0x20,0x00,0x00,0x00,
  0x00,0x00,0x00,0x00,0x00,0x00,0x21,0x00,0x00,0x08,0x00,0x00,0x20,0x00,0x00,0x00,
  0x00,0x00,0x00,0x00,0x00,0x00,0x21,0x00,0x00,0x08,0x00,0x00,0x20,0x00,0x00,0x00,
  0x00,0x00,0x00,0x00,0x00,0x00,0x21,0x00,0x00,0x08,0x00,0x00,0x20,0x00,0x00,0x00,
  0x00,0x00,0x00,0x00,0x00,0x00,0x21,0x00,0x01,0x00,0x00,0x00,0x00,0x00,0x00,0x08,
  0x00,0x00,0x00,0x00,0x00,0x00,0x00,0x00,0x01,0x00,0x00,0x00,0x00,0x00,0x00,0x08,
  0x00,0x00,0x00,0x00,0x00,0x00,0x00,0x00,0x01,0x00,0x00,0x00,0x00,0x00,0x00,0x08,
  0x00,0x00,0xe3,0x20,0xc3,0x18,0x6a,0x52,0x2d,0x63,0x10,0x8c,0x11,0x84,0x5d,0xef,
  0xff,0xff,0x12,0xff,0xff,0xff,0x59,0xd6,0xc4,0x18,0x00,0x00,0x00,0x00,0x00,0x08,
  0x00,0x00,0x00,0x00,0x00,0x00,0x00,0x00,0x01,0x00,0x00,0x00,0x00,0x00,0x00,0x08,
  0x00,0x00,0x00,0x00,0x00,0x00,0x00,0x00,0x01,0x00,0x00,0x00,0x00,0x00,0x00,0x08,
  0x00,0x00,0x00,0x00,0x00,0x00,0x00,0x00,0x01,0x00,0x00,0x00,0x00,0x00,0x00,0x08,
  0x00,0x00,0x00,0x00,0x00,0x00,0x00,0x00,0x01,0x00,0x00,0x00,0x00,0x00,0x00,0x08,
  0x00,0x00,0x00,0x00,0x00,0x00,0x00,0x00,0x01,0x00,0x00,0x00,0x00,0x00,0x00,0x08,
  0x00,0x00,0x00,0x00,0x00,0x00,0x00,0x00,0x01,0x00,0x00,0x00,0x00,0x00,0x00,0x08,
  0x00,0x00,0x00,0x00,0x00,0x00,0x00,0x00,0x01,0x00,0x00,0x00,0x00,0x00,0x00,0x08,
  0x00,0x00,0x01,0x00,0x20,0x08,0x00,0x00,0x00,0x00,0x00,0x00,0x00,0x00,0x20,0x00,
  0x00,0x00,0x01,0x00,0x20,0x08,0x00,0x00,0x00,0x00,0x00,0x00,0x00,0x00,0x20,0x00,
  0x00,0x00,0x01,0x00,0x20,0x08,0x00,0x00,0x00,0x00,0x00,0x00,0x00,0x00,0x24,0x21,
  0x61,0x10,0x83,0x10,0x25,0x29,0x3d,0xe7,0xff,0xff,0xff,0xff,0xff,0xff,0xff,0xff,
  0x9e,0xf7,0x8f,0x73,0x7d,0xf7,0xff,0xff,0xff,0xff,0xff,0xff,0xff,0xff,0xff,0xff,
  0xff,0xff,0xdf,0xff,0xde,0xff,0xff,0xff,0xff,0xff,0xff,0xff,0x5d,0xf7,0x45,0x29,
  0x45,0x29,0x01,0x00,0x20,0x08,0x00,0x00,0x00,0x00,0x00,0x00,0x00,0x00,0x20,0x00,
  0x00,0x00,0x01,0x00,0x20,0x08,0x00,0x00,0x00,0x00,0x00,0x00,0x00,0x00,0x20,0x00,
  0x00,0x00,0x01,0x00,0xff,0x20,0x08,0x00,0x00,0x00,0x00,0x00,0x00,0x00,0x00,0x20,
  0x00,0x00,0x00,0x01,0x00,0x20,0x08,0x00,0x00,0x00,0x00,0x00,0x00,0x00,0x00,0x20,
  0x00,0x00,0x00,0x01,0x00,0x20,0x08,0x00,0x00,0x00,0x00,0x00,0x00,0x00,0x00,0x20,
  0x00,0x00,0x00,0x01,0x00,0x20,0x08,0x00,0x00,0x00,0x00,0x00,0x00,0x00,0x00,0x20,
  0x00,0x00,0x00,0x01,0x00,0x20,0x08,0x00,0x00,0x00,0x00,0x00,0x00,0x00,0x00,0x20,
  0x00,0x00,0x00,0x01,0x00,0x20,0x08,0x00,0x00,0x00,0x00,0x00,0x08,0x00,0x00,0x00,
  0x00,0x00,0x00,0x00,0x00,0x01,0x00,0x00,0x00,0x00,0x00,0x00,0x08,0x00,0x00,0x00,
  0x00,0x00,0x00,0x00,0x00,0x01,0x00,0x00,0x00,0x00,0x00,0x00,0x08,0x00,0x00,0x00,
  0x00,0x00,0x00,0x00,0x00,0x01,0x00,0x00,0x00,0x01,0x00,0x82,0x10,0x72,0x94,0xff,
  0xff,0xff,0xff,0xff,0xff,0xff,0xff,0xff,0xff,0xbf,0xf7,0x34,0xad,0x7e,0xf7,0xff,
  0xff,0xff,0xff,0x14,0xad,0xec,0x5a,0x59,0xce,0xff,0xff,0xb6,0xbd,0x09,0x42,0xdf,
  0xff,0xff,0xff,0xff,0xff,0x9f,0xf7,0xa6,0x39,0x62,0x08,0x00,0x08,0x00,0x00,0x00,
  0x00,0x00,0x00,0x00,0x00,0x01,0x00,0x00,0x00,0x00,0x00,0x00,0x08,0x00,0x00,0x00,
  0x00,0x00,0x00,0x00,0x00,0x01,0x00,0x00,0x00,0x00,0x00,0x00,0x08,0x00,0x00,0x00,
  0x00,0x00,0x00,0x00,0x00,0x01,0x00,0x00,0x00,0x00,0x00,0x00,0x08,0x00,0x00,0x00,
  0x00,0x00,0x00,0x00,0x00,0x01,0x00,0x00,0x00,0x00,0x00,0x00,0x08,0x00,0x00,0x00,
  0x00,0x00,0x00,0xff,0x00,0x00,0x01,0x00,0x00,0x00,0x00,0x00,0x00,0x08,0x00,0x00,
  0x00,0x00,0x00,0x00,0x00,0x00,0x01,0x00,0x00,0x00,0x00,0x00,0x00,0x08,0x00,0x00,
  0x00,0x00,0x00,0x00,0x00,0x00,0x01,0x00,0x00,0x00,0x00,0x00,0x00,0x08,0x00,0x00,
  0x00,0x00,0x00,0x08,0x00,0x00,0x00,0x00,0x20,0x00,0x00,0x00,0x00,0x00,0x20,0x00,
  0x01,0x00,0x00,0x08,0x00,0x00,0x00,0x00,0x20,0x00,0x00,0x00,0x00,0x00,0x20,0x00,
  0x01,0x00,0x00,0x08,0x00,0x00,0x00,0x00,0x20,0x00,0x00,0x00,0x00,0x00,0x20,0x00,
  0x01,0x00,0x00,0x08,0x83,0x10,0x76,0xb5,0xff,0xff,0xff,0xff,0xff,0xff,0xff,0xff,
  0xff,0xff,0xff,0xff,0xff,0xff,0xff,0xff,0xff,0xff,0xff,0xff,0x52,0x8c,0xa2,0x10,
  0x5a,0xce,0xff,0xff,0xff,0xff,0xff,0xff,0xff,0xff,0xff,0xff,0xff,0xff,0x7d,0xef,
  0x83,0x10,0x61,0x10,0x00,0x00,0x00,0x00,0x20,0x00,0x00,0x00,0x00,0x00,0x20,0x00,
  0x01,0x00,0x00,0x08,0x00,0x00,0x00,0x00,0x20,0x00,0x00,0x00,0x00,0x00,0x20,0x00,
  0x01,0x00,0x00,0x08,0x00,0x00,0x00,0x00,0x20,0x00,0x00,0x00,0x00,0x00,0x20,0x00,
  0x01,0x00,0x00,0x08,0x00,0x00,0x00,0x00,0x20,0x00,0x00,0x00,0x00,0x00,0x20,0x00,
  0x01,0x00,0x00,0x08,0x00,0x00,0x00,0x00,0x20,0x00,0x00,0x00,0x00,0x00,0x20,0x00,
  0x01,0x00,0x00,0x08,0x00,0x00,0x00,0x00,0x20,0x00,0x00,0x00,0x00,0x00,0x20,0x00,
  0x01,0x00,0x00,0x08,0x00,0x00,0x00,0x00,0x20,0x00,0x00,0x00,0x00,0x00,0x20,0x00,
  0x01,0x00,0xff,0x00,0x08,0x00,0x00,0x00,0x00,0x20,0x00,0x00,0x00,0x00,0x00,0x00,
  0x00,0x00,0x00,0x01,0x00,0x00,0x00,0x00,0x00,0x00,0x08,0x00,0x00,0x00,0x00,0x00,
  0x00,0x00,0x00,0x01,0x00,0x00,0x00,0x00,0x00,0x00,0x08,0x00,0x00,0x00,0x00,0x00,
  0x00,0x00,0x00,0x01,0x00,0x00,0x00,0x00,0x00,0x00,0x08,0x41,0x08,0xa3,0x18,0x59,
  0xce,0xff,0xff,0xff,0xff,0xff,0xff,0xff,0xff,0xff,0xff,0xdf,0xff,0xb7,0xbd,0x9e,
  0xf7,0xff,0xff,0xbf,0xf7,0x71,0x94,0x05,0x21,0x7d,0xf7,0xff,0xff,0x1c,0xef,0xff,
  0xff,0xff,0xff,0xff,0xff,0xff,0xff,0xff,0xff,0xef,0x83,0x82,0x10,0x00,0x00,0x00,
  0x00,0x00,0x00,0x01,0x00,0x00,0x00,0x00,0x00,0x00,0x08,0x00,0x00,0x00,0x00,0x00,
  0x00,0x00,0x00,0x01,0x00,0x00,0x00,0x00,0x00,0x00,0x08,0x00,0x00,0x00,0x00,0x00,
  0x00,0x00,0x00,0x01,0x00,0x00,0x00,0x00,0x00,0x00,0x08,0x00,0x00,0x00,0x00,0x00,
  0x00,0x00,0x00,0x01,0x00,0x00,0x00,0x00,0x00,0x00,0x08,0x00,0x00,0x00,0x00,0x00,
  0x00,0x00,0x00,0x01,0x00,0x00,0x00,0x00,0x00,0x00,0x08,0x00,0x00,0x00,0x00,0x00,
  0x00,0x00,0x00,0x01,0x00,0x00,0x00,0x00,0x00,0x00,0x08,0x00,0x00,0x00,0x00,0x00,
  0x00,0x00,0x00,0x01,0x00,0x00,0x00,0x00,0x00,0x00,0x08,0x00,0x00,0x00,0x00,0x00,
  0x00,0x00,0x00,0x00,0x00,0x00,0x00,0x20,0x00,0x00,0x00,0x00,0x00,0x01,0x00,0x00,
  0x08,0x20,0x00,0x00,0x00,0x00,0x00,0x20,0x00,0x00,0x00,0x00,0x00,0x01,0x00,0x00,
  0x08,0xff,0x20,0x00,0x00,0x00,0x00,0x00,0x20,0x00,0x00,0x00,0x00,0x00,0x01,0x00,
  0x00,0x08,0x20,0x00,0x62,0x10,0x05,0x21,0xfb,0xe6,0xff,0xff,0xff,0xff,0xff,0xff,
  0xff,0xff,0xff,0xff,0x5d,0xf7,0x87,0x31,0xc7,0x41,0xcc,0x5a,0x45,0x31,0x42,0x10,
  0x41,0x10,0x08,0x42,0x0c,0x6b,0xe4,0x20,0x38,0xce,0xff,0xff,0xff,0xff,0xff,0xff,
  0xff,0xff,0xaf,0x73,0x61,0x10,0x00,0x00,0x20,0x00,0x00,0x00,0x00,0x00,0x01,0x00,
  0x00,0x08,0x20,0x00,0x00,0x00,0x00,0x00,0x20,0x00,0x00,0x00,0x00,0x00,0x01,0x00,
  0x00,0x08,0x20,0x00,0x00,0x00,0x00,0x00,0x20,0x00,0x00,0x00,0x00,0x00,0x01,0x00,
  0x00,0x08,0x20,0x00,0x00,0x00,0x00,0x00,0x20,0x00,0x00,0x00,0x00,0x00,0x01,0x00,
  0x00,0x08,0x20,0x00,0x00,0x00,0x00,0x00,0x20,0x00,0x00,0x00,0x00,0x00,0x01,0x00,
  0x00,0x08,0x20,0x00,0x00,0x00,0x00,0x00,0x20,0x00,0x00,0x00,0x00,0x00,0x01,0x00,
  0x00,0x08,0x20,0x00,0x00,0x00,0x00,0x00,0x20,0x00,0x00,0x00,0x00,0x00,0x01,0x00,
  0x00,0x08,0x20,0x00,0x00,0x00,0x00,0x00,0x20,0x00,0x00,0x00,0x00,0x00,0x00,0x00,
  0x01,0x00,0x00,0x00,0x00,0x00,0x00,0x08,0x00,0x00,0x00,0x00,0x00,0x00,0x00,0x00,
  0x01,0x00,0x00,0x00,0x00,0x00,0x00,0x08,0x00,0x00,0x00,0x00,0x00,0x00,0x00,0x00,
  0x01,0x00,0x00,0x00,0x00,0x00,0x00,0x08,0x00,0x00,0x00,0x00,0x00,0x00,0x45,0x31,
  0xfc,0xde,0xff,0xff,0xff,0xff,0xff,0xff,0xff,0xff,0xff,0xff,0xff,0xff,0x7d,0xf7,
  0xff,0x29,0x4a,0x82,0x10,0x66,0x49,0xc7,0x59,0x42,0x08,0xec,0x62,0xec,0x62,0x14,
  0xa5,0xff,0xff,0xff,0xff,0xff,0xff,0xff,0xff,0xff,0xff,0x0c,0x63,0x05,0x21,0x00,
  0x00,0x01,0x00,0x00,0x00,0x00,0x00,0x00,0x08,0x00,0x00,0x00,0x00,0x00,0x00,0x00,
  0x00,0x01,0x00,0x00,0x00,0x00,0x00,0x00,0x08,0x00,0x00,0x00,0x00,0x00,0x00,0x00,
  0x00,0x01,0x00,0x00,0x00,0x00,0x00,0x00,0x08,0x00,0x00,0x00,0x00,0x00,0x00,0x00,
  0x00,0x01,0x00,0x00,0x00,0x00,0x00,0x00,0x08,0x00,0x00,0x00,0x00,0x00,0x00,0x00,
  0x00,0x01,0x00,0x00,0x00,0x00,0x00,0x00,0x08,0x00,0x00,0x00,0x00,0x00,0x00,0x00,
  0x00,0x01,0x00,0x00,0x00,0x00,0x00,0x00,0x08,0x00,0x00,0x00,0x00,0x00,0x00,0x00,
  0x00,0x01,0x00,0x00,0x00,0x00,0x00,0x00,0x08,0x00,0x00,0x00,0x00,0x00,0x00,0x00,
  0x00,0x01,0x00,0x00,0x00,0x00,0x00,0x00,0x00,0x00,0x00,0x21,0x00,0x00,0x08,0x00,
  0x00,0x20,0x00,0x00,0x00,0x00,0x00,0x00,0x00,0x00,0x00,0x21,0x00,0x00,0x08,0x00,
  0x00,0x20,0x00,0x00,0x00,0x00,0x00,0x00,0x00,0x00,0x00,0x21,0x00,0x00,0x08,0x00,
  0x00,0x20,0x00,0x00,0x00,0x62,0x10,0x6a,0x4a,0xff,0xff,0xff,0xff,0xff,0xff,0xff,
  0xff,0xff,0xff,0xff,0xff,0xff,0xff,0xff,0xff,0xb7,0xbd,0x82,0x10,0xa3,0x28,0x83,
  0x18,0xca,0x82,0xfc,0xfe,0x7d,0xff,0xdf,0xff,0xff,0xff,0xff,0xff,0xff,0xff,0xff,
  0xff,0x7d,0xf7,0x46,0x29,0x00,0x00,0x00,0x00,0x00,0x00,0x21,0x00,0x00,0x08,0xff,
  0x00,0x00,0x20,0x00,0x00,0x00,0x00,0x00,0x00,0x00,0x00,0x00,0x21,0x00,0x00,0x08,
  0x00,0x00,0x20,0x00,0x00,0x00,0x00,0x00,0x00,0x00,0x00,0x00,0x21,0x00,0x00,0x08,
  0x00,0x00,0x20,0x00,0x00,0x00,0x00,0x00,0x00,0x00,0x00,0x00,0x21,0x00,0x00,0x08,
  0x00,0x00,0x20,0x00,0x00,0x00,0x00,0x00,0x00,0x00,0x00,0x00,0x21,0x00,0x00,0x08,
  0x00,0x00,0x20,0x00,0x00,0x00,0x00,0x00,0x00,0x00,0x00,0x00,0x21,0x00,0x00,0x08,
  0x00,0x00,0x20,0x00,0x00,0x00,0x00,0x00,0x00,0x00,0x00,0x00,0x21,0x00,0x00,0x08,
  0x00,0x00,0x20,0x00,0x00,0x00,0x00,0x00,0x00,0x00,0x00,0x00,0x21,0x00,0x01,0x00,
  0x00,0x00,0x00,0x00,0x00,0x08,0x00,0x00,0x00,0x00,0x00,0x00,0x00,0x00,0x01,0x00,
  0x00,0x00,0x00,0x00,0x00,0x08,0x00,0x00,0x00,0x00,0x00,0x00,0x00,0x00,0x01,0x00,
  0x00,0x00,0x00,0x00,0x00,0x08,0x00,0x00,0x00,0x00,0x00,0x00,0x00,0x00,0x82,0x10,
  0x31,0x8c,0xff,0xff,0xff,0xff,0xff,0xff,0xff,0xff,0xff,0xff,0xff,0xff,0xff,0xff,
  0xff,0xff,0xff,0xff,0xf7,0xf5,0x2d,0xbb,0x4f,0xf4,0x2f,0xec,0x0e,0xf4,0x30,0xf4,
  0xf2,0xfc,0xba,0xfe,0xff,0xff,0xff,0xff,0xff,0xff,0x1c,0xe7,0xa3,0x18,0x01,0x00,
  0x00,0x00,0x00,0x00,0x00,0x08,0x00,0x00,0x00,0x00,0x00,0x00,0x00,0x00,0x01,0x00,
  0x00,0x00,0x00,0x00,0x00,0x08,0x00,0x00,0x00,0x00,0x00,0x00,0x00,0x00,0x01,0x00,
  0x00,0x00,0x00,0x00,0x00,0x08,0x00,0x00,0x00,0x00,0x00,0x00,0x00,0x00,0xff,0x01,
  0x00,0x00,0x00,0x00,0x00,0x00,0x08,0x00,0x00,0x00,0x00,0x00,0x00,0x00,0x00,0x01,
  0x00,0x00,0x00,0x00,0x00,0x00,0x08,0x00,0x00,0x00,0x00,0x00,0x00,0x00,0x00,0x01,
  0x00,0x00,0x00,0x00,0x00,0x00,0x08,0x00,0x00,0x00,0x00,0x00,0x00,0x00,0x00,0x01,
  0x00,0x00,0x00,0x00,0x00,0x00,0x08,0x00,0x00,0x00,0x00,0x00,0x00,0x00,0x00,0x01,
  0x00,0x00,0x00,0x00,0x00,0x00,0x08,0x00,0x00,0x01,0x00,0x20,0x08,0x00,0x00,0x00,
  0x00,0x00,0x00,0x00,0x00,0x20,0x00,0x00,0x00,0x01,0x00,0x20,0x08,0x00,0x00,0x00,
  0x00,0x00,0x00,0x00,0x00,0x20,0x00,0x00,0x00,0x01,0x00,0x20,0x08,0x00,0x00,0x00,
  0x00,0x00,0x00,0x00,0x00,0xa2,0x10,0xc3,0x18,0xbb,0xde,0xff,0xff,0xff,0xff,0xff,
  0xff,0xff,0xff,0xff,0xff,0xff,0xff,0xff,0xff,0xdf,0xff,0x33,0xf5,0x30,0xec,0x54,
  0xfd,0xd7,0xfd,0x38,0xfe,0x38,0xfe,0xf6,0xfd,0x34,0xf5,0x2f,0xf4,0x96,0xf5,0xde,
  0xff,0xff,0xff,0x1c,0xff,0xd2,0xd4,0x03,0x39,0xe7,0x59,0x23,0x39,0x00,0x00,0x00,
  0x00,0x00,0x00,0x00,0x00,0x20,0x00,0x00,0x00,0x01,0x00,0x20,0x08,0x00,0x00,0x00,
  0x00,0x00,0x00,0x00,0x00,0x20,0x00,0x00,0x00,0x01,0x00,0x20,0x08,0x00,0x00,0x00,
  0x00,0x00,0x00,0x00,0x00,0x20,0x00,0x00,0x00,0x01,0x00,0x20,0x08,0x00,0x00,0x00,
  0x00,0x00,0x00,0x00,0x00,0x20,0x00,0x00,0x00,0x01,0x00,0x20,0x08,0x00,0x00,0x00,
  0x00,0x00,0x00,0x00,0x00,0x20,0x00,0x00,0x00,0x01,0x00,0x20,0x08,0xff,0x00,0x00,
  0x00,0x00,0x00,0x00,0x00,0x00,0x20,0x00,0x00,0x00,0x01,0x00,0x20,0x08,0x00,0x00,
  0x00,0x00,0x00,0x00,0x00,0x00,0x20,0x00,0x00,0x00,0x01,0x00,0x20,0x08,0x00,0x00,
  0x00,0x00,0x00,0x08,0x00,0x00,0x00,0x00,0x00,0x00,0x00,0x00,0x01,0x00,0x00,0x00,
  0x00,0x00,0x00,0x08,0x00,0x00,0x00,0x00,0x00,0x00,0x00,0x00,0x01,0x00,0x00,0x00,
  0x00,0x00,0x00,0x08,0x00,0x00,0x00,0x00,0x00,0x00,0x00,0x00,0x01,0x00,0x41,0x10,
  0xcc,0x5a,0xff,0xff,0xff,0xff,0xff,0xff,0xff,0xff,0xff,0xff,0xff,0xff,0x14,0xa5,
  0x39,0xc6,0x58,0xfe,0x50,0xf4,0xf6,0xfd,0x99,0xfe,0x79,0xfe,0x79,0xfe,0x99,0xfe,
  0x9a,0xfe,0x99,0xfe,0x17,0xfe,0x50,0xf4,0x13,0xf5,0x33,0xfd,0x30,0xf4,0x4f,0xf4,
  0x91,0xec,0x50,0xf4,0x50,0xec,0xad,0xd3,0xa6,0x51,0x00,0x00,0x01,0x00,0x00,0x00,
  0x00,0x00,0x00,0x08,0x00,0x00,0x00,0x00,0x00,0x00,0x00,0x00,0x01,0x00,0x00,0x00,
  0x00,0x00,0x00,0x08,0x00,0x00,0x00,0x00,0x00,0x00,0x00,0x00,0x01,0x00,0x00,0x00,
  0x00,0x00,0x00,0x08,0x00,0x00,0x00,0x00,0x00,0x00,0x00,0x00,0x01,0x00,0x00,0x00,
  0x00,0x00,0x00,0x08,0x00,0x00,0x00,0x00,0x00,0x00,0x00,0x00,0x01,0x00,0x00,0x00,
  0x00,0x00,0x00,0x08,0x00,0x00,0x00,0x00,0x00,0x00,0x00,0x00,0x01,0x00,0x00,0x00,
  0x00,0x00,0x00,0x08,0x00,0x00,0x00,0x00,0x00,0x00,0x00,0x00,0x01,0x00,0x00,0x00,
  0x00,0x00,0x00,0x08,0x00,0x00,0x00,0x00,0x00,0x08,0x00,0x00,0xff,0x00,0x00,0x20,
  0x00,0x00,0x00,0x00,0x00,0x20,0x00,0x01,0x00,0x00,0x08,0x00,0x00,0x00,0x00,0x20,
  0x00,0x00,0x00,0x00,0x00,0x20,0x00,0x01,0x00,0x00,0x08,0x00,0x00,0x00,0x00,0x20,
  0x00,0x00,0x00,0x00,0x00,0x40,0x08,0x42,0x08,0x55,0xb5,0xff,0xff,0xff,0xff,0xff,
  0xff,0xff,0xff,0xff,0xff,0xff,0xff,0xd0,0x7b,0x41,0x10,0xeb,0x82,0x75,0xf5,0x9a,
  0xfe,0x99,0xfe,0x99,0xfe,0x99,0xfe,0x7a,0xfe,0x99,0xfe,0x9a,0xfe,0x79,0xfe,0x17,
  0xfe,0x0f,0xf4,0x50,0xec,0x37,0xfe,0x79,0xfe,0x99,0xfe,0x99,0xfe,0x58,0xfe,0xf3,
  0xf4,0x2f,0xf4,0x08,0x5a,0x20,0x00,0x01,0x00,0x00,0x08,0x00,0x00,0x00,0x00,0x20,
  0x00,0x00,0x00,0x00,0x00,0x20,0x00,0x01,0x00,0x00,0x08,0x00,0x00,0x00,0x00,0x20,
  0x00,0x00,0x00,0x00,0x00,0x20,0x00,0x01,0x00,0x00,0x08,0x00,0x00,0x00,0x00,0x20,
  0x00,0x00,0x00,0x00,0x00,0x20,0x00,0x01,0x00,0x00,0x08,0x00,0x00,0x00,0x00,0x20,
  0x00,0x00,0x00,0x00,0x00,0x20,0x00,0x01,0x00,0x00,0x08,0x00,0x00,0x00,0x00,0x20,
  0x00,0x00,0x00,0x00,0x00,0x20,0x00,0x01,0x00,0x00,0x08,0x00,0x00,0x00,0x00,0x20,
  0x00,0x00,0x00,0x00,0x00,0x20,0x00,0x01,0x00,0x00,0x08,0x00,0x00,0x00,0x00,0x20,
  0x00,0x00,0x00,0x00,0x00,0x00,0x00,0x00,0x00,0x01,0x00,0x00,0x00,0x00,0x00,0x00,
  0x08,0x00,0x00,0x00,0x00,0x00,0x00,0x00,0x00,0x01,0x00,0x00,0x00,0x00,0x00,0x00,
  0x08,0x00,0x00,0x00,0x00,0x00,0x00,0x00,0x00,0x01,0x00,0xff,0x00,0x00,0x82,0x10,
  0x08,0x4a,0x9f,0xf7,0xff,0xff,0xff,0xff,0xff,0xff,0xff,0xff,0xff,0xff,0xff,0xff,
  0xff,0xff,0xd0,0x7b,0xc3,0x20,0x8b,0x62,0x99,0xfe,0x9a,0xfe,0x99,0xfe,0x9a,0xfe,
  0x99,0xfe,0x9a,0xfe,0x79,0xfe,0x99,0xfe,0x79,0xfe,0xb6,0xfd,0xf6,0xfd,0x79,0xfe,
  0x99,0xfe,0x9a,0xfe,0x79,0xfe,0x99,0xfe,0x79,0xfe,0xd3,0xf4,0x4b,0xb3,0x00,0x00,
  0x00,0x08,0x00,0x00,0x00,0x00,0x00,0x00,0x00,0x00,0x01,0x00,0x00,0x00,0x00,0x00,
  0x00,0x08,0x00,0x00,0x00,0x00,0x00,0x00,0x00,0x00,0x01,0x00,0x00,0x00,0x00,0x00,
  0x00,0x08,0x00,0x00,0x00,0x00,0x00,0x00,0x00,0x00,0x01,0x00,0x00,0x00,0x00,0x00,
  0x00,0x08,0x00,0x00,0x00,0x00,0x00,0x00,0x00,0x00,0x01,0x00,0x00,0x00,0x00,0x00,
  0x00,0x08,0x00,0x00,0x00,0x00,0x00,0x00,0x00,0x00,0x01,0x00,0x00,0x00,0x00,0x00,
  0x00,0x08,0x00,0x00,0x00,0x00,0x00,0x00,0x00,0x00,0x01,0x00,0x00,0x00,0x00,0x00,
  0x00,0x08,0x00,0x00,0x00,0x00,0x00,0x00,0x00,0x00,0x00,0x00,0x00,0x00,0x20,0x00,
  0x00,0x00,0x00,0x00,0x01,0x00,0x00,0x08,0x20,0x00,0x00,0x00,0x00,0x00,0x20,0x00,
  0x00,0x00,0x00,0x00,0x01,0x00,0x00,0x08,0x20,0x00,0x00,0x00,0x00,0x00,0x20,0x00,
  0x00,0x00,0x00,0x00,0x01,0x00,0x21,0x10,0x14,0xa5,0xff,0xff,0xff,0xff,0xff,0xff,
  0xff,0xff,0xff,0xff,0xff,0xff,0xff,0xff,0xff,0xff,0xff,0xff,0xf8,0xbd,0xe3,0x20,
  0xb7,0xdd,0x99,0xfe,0x9a,0xfe,0x79,0xfe,0x9a,0xfe,0xff,0x99,0xfe,0x9a,0xfe,0x99,
  0xfe,0x79,0xfe,0x99,0xfe,0x9a,0xfe,0x79,0xfe,0x9a,0xfe,0x99,0xfe,0x9a,0xfe,0x99,
  0xfe,0x79,0xfe,0x16,0xfe,0x30,0xf4,0xc3,0x30,0x20,0x00,0x00,0x00,0x00,0x00,0x20,
  0x00,0x00,0x00,0x00,0x00,0x01,0x00,0x00,0x08,0x20,0x00,0x00,0x00,0x00,0x00,0x20,
  0x00,0x00,0x00,0x00,0x00,0x01,0x00,0x00,0x08,0x20,0x00,0x00,0x00,0x00,0x00,0x20,
  0x00,0x00,0x00,0x00,0x00,0x01,0x00,0x00,0x08,0x20,0x00,0x00,0x00,0x00,0x00,0x20,
  0x00,0x00,0x00,0x00,0x00,0x01,0x00,0x00,0x08,0x20,0x00,0x00,0x00,0x00,0x00,0x20,
  0x00,0x00,0x00,0x00,0x00,0x01,0x00,0x00,0x08,0x20,0x00,0x00,0x00,0x00,0x00,0x20,
  0x00,0x00,0x00,0x00,0x00,0x01,0x00,0x00,0x08,0x20,0x00,0x00,0x00,0x00,0x00,0x20,
  0x00,0x00,0x00,0x00,0x00,0x00,0x00,0x01,0x00,0x00,0x00,0x00,0x00,0x00,0x08,0x00,
  0x00,0x00,0x00,0x00,0x00,0x00,0x00,0x01,0x00,0x00,0x00,0x00,0x00,0x00,0x08,0x00,
  0x00,0x00,0x00,0x00,0x00,0x00,0x00,0x01,0x00,0x00,0x00,0x00,0x00,0xa3,0x18,0xc7,
  0x39,0x9e,0xf7,0xff,0xff,0xff,0xff,0xbf,0xf7,0xff,0xff,0xff,0xff,0xff,0xff,0xff,
  0xff,0xff,0xff,0xff,0xff,0xbe,0xff,0x29,0x42,0xe7,0x59,0x9a,0xfe,0x79,0xfe,0x9a,
  0xfe,0x99,0xfe,0x79,0xfe,0x99,0xfe,0x9a,0xfe,0x99,0xfe,0x9a,0xfe,0x79,0xfe,0x9a,
  0xfe,0x99,0xfe,0x79,0xfe,0x99,0xfe,0x9a,0xfe,0x99,0xfe,0x79,0xfe,0x2f,0xf4,0x04,
  0x31,0x00,0x00,0x00,0x00,0x00,0x00,0x01,0x00,0xff,0x00,0x00,0x00,0x00,0x00,0x08,
  0x00,0x00,0x00,0x00,0x00,0x00,0x00,0x00,0x01,0x00,0x00,0x00,0x00,0x00,0x00,0x08,
  0x00,0x00,0x00,0x00,0x00,0x00,0x00,0x00,0x01,0x00,0x00,0x00,0x00,0x00,0x00,0x08,
  0x00,0x00,0x00,0x00,0x00,0x00,0x00,0x00,0x01,0x00,0x00,0x00,0x00,0x00,0x00,0x08,
  0x00,0x00,0x00,0x00,0x00,0x00,0x00,0x00,0x01,0x00,0x00,0x00,0x00,0x00,0x00,0x08,
  0x00,0x00,0x00,0x00,0x00,0x00,0x00,0x00,0x01,0x00,0x00,0x00,0x00,0x00,0x00,0x08,
  0x00,0x00,0x00,0x00,0x00,0x00,0x00,0x00,0x01,0x00,0x00,0x00,0x00,0x00,0x00,0x00,
  0x00,0x00,0x21,0x00,0x00,0x08,0x00,0x00,0x20,0x00,0x00,0x00,0x00,0x00,0x00,0x00,
  0x00,0x00,0x21,0x00,0x00,0x08,0x00,0x00,0x20,0x00,0x00,0x00,0x00,0x00,0x00,0x00,
  0x00,0x00,0x82,0x10,0xe3,0x20,0x83,0x10,0x96,0xb5,0xff,0xff,0xff,0xff,0xdf,0xff,
  0x8a,0x52,0xcc,0x5a,0xfb,0xe6,0xff,0xff,0xff,0xff,0xff,0xff,0xff,0xff,0xff,0xff,
  0x1c,0xef,0x18,0xce,0x99,0xfe,0x9a,0xfe,0x99,0xfe,0x7a,0xfe,0x99,0xfe,0x99,0xfe,
  0x99,0xfe,0xba,0xfe,0x99,0xfe,0x9a,0xfe,0x99,0xfe,0x7a,0xfe,0x99,0xfe,0x99,0xfe,
  0x79,0xfe,0x9a,0xfe,0x79,0xfe,0x71,0xf4,0x48,0x72,0x00,0x00,0x00,0x00,0x00,0x00,
  0x00,0x00,0x21,0x00,0x00,0x08,0x00,0x00,0x20,0x00,0x00,0x00,0x00,0x00,0x00,0x00,
  0x00,0x00,0x21,0x00,0x00,0x08,0x00,0x00,0x20,0x00,0x00,0x00,0x00,0x00,0x00,0x00,
  0x00,0x00,0x21,0x00,0x00,0x08,0x00,0x00,0xff,0x20,0x00,0x00,0x00,0x00,0x00,0x00,
  0x00,0x00,0x00,0x21,0x00,0x00,0x08,0x00,0x00,0x20,0x00,0x00,0x00,0x00,0x00,0x00,
  0x00,0x00,0x00,0x21,0x00,0x00,0x08,0x00,0x00,0x20,0x00,0x00,0x00,0x00,0x00,0x00,
  0x00,0x00,0x00,0x21,0x00,0x00,0x08,0x00,0x00,0x20,0x00,0x00,0x00,0x00,0x00,0x00,
  0x00,0x00,0x00,0x21,0x00,0x01,0x00,0x00,0x00,0x00,0x00,0x00,0x08,0x00,0x00,0x00,
  0x00,0x00,0x00,0x00,0x00,0x01,0x00,0x00,0x00,0x00,0x00,0x00,0x08,0x00,0x00,0x00,
  0x00,0x00,0x00,0x00,0x00,0x01,0x00,0x00,0x00,0xc4,0x18,0x61,0x10,0x66,0x29,0xc3,
  0x18,0x3d,0xe7,0xff,0xff,0xff,0xff,0xff,0xff,0xbb,0xd6,0x8a,0x5a,0x46,0x29,0x9d,
  0xf7,0xff,0xff,0xff,0xff,0xff,0xff,0xff,0xff,0x7e,0xef,0x29,0x52,0xf4,0xbc,0xb9,
  0xfe,0x99,0xfe,0x99,0xfe,0x9a,0xfe,0x79,0xfe,0x9a,0xfe,0x99,0xfe,0x9a,0xfe,0x99,
  0xfe,0x99,0xfe,0x99,0xfe,0x9a,0xfe,0x99,0xfe,0x9a,0xfe,0x99,0xfe,0x79,0xfe,0x2f,
  0xf4,0x82,0x20,0x00,0x00,0x01,0x00,0x00,0x00,0x00,0x00,0x00,0x08,0x00,0x00,0x00,
  0x00,0x00,0x00,0x00,0x00,0x01,0x00,0x00,0x00,0x00,0x00,0x00,0x08,0x00,0x00,0x00,
  0x00,0x00,0x00,0x00,0x00,0x01,0x00,0x00,0x00,0x00,0x00,0x00,0x08,0x00,0x00,0x00,
  0x00,0x00,0x00,0x00,0x00,0x01,0x00,0x00,0x00,0x00,0x00,0x00,0x08,0x00,0x00,0x00,
  0x00,0x00,0x00,0x00,0x00,0x01,0x00,0x00,0x00,0x00,0x00,0x00,0x08,0x00,0x00,0x00,
  0x00,0x00,0x00,0x00,0x00,0x01,0x00,0xff,0x00,0x00,0x00,0x00,0x00,0x08,0x00,0x00,
  0x00,0x00,0x00,0x00,0x00,0x00,0x01,0x00,0x00,0x00,0x00,0x00,0x00,0x08,0x00,0x00,
  0x01,0x00,0x20,0x08,0x00,0x00,0x00,0x00,0x00,0x00,0x00,0x00,0x20,0x00,0x00,0x00,
  0x01,0x00,0x20,0x08,0x00,0x00,0x00,0x00,0x00,0x00,0x00,0x00,0x20,0x00,0x00,0x00,
  0x62,0x10,0x65,0x31,0x93,0x94,0xc7,0x39,0x6a,0x4a,0x9e,0xff,0xff,0xff,0xff,0xff,
  0xff,0xff,0xff,0xff,0x5e,0xef,0x24,0x29,0xcc,0x5a,0xfc,0xe6,0xdf,0xff,0xff,0xff,
  0xff,0xff,0xd3,0xa4,0x62,0x10,0x95,0xdd,0x9a,0xfe,0x79,0xfe,0x99,0xfe,0x99,0xfe,
  0x9a,0xfe,0x99,0xfe,0x7a,0xfe,0x99,0xfe,0x9a,0xfe,0x79,0xfe,0x99,0xfe,0x99,0xfe,
  0x9a,0xfe,0x99,0xfe,0x7a,0xfe,0xd6,0xfd,0x30,0xec,0x00,0x00,0x20,0x00,0x00,0x00,
  0x01,0x00,0x20,0x08,0x00,0x00,0x00,0x00,0x00,0x00,0x00,0x00,0x20,0x00,0x00,0x00,
  0x01,0x00,0x20,0x08,0x00,0x00,0x00,0x00,0x00,0x00,0x00,0x00,0x20,0x00,0x00,0x00,
  0x01,0x00,0x20,0x08,0x00,0x00,0x00,0x00,0x00,0x00,0x00,0x00,0x20,0x00,0x00,0x00,
  0x01,0x00,0x20,0x08,0x00,0x00,0x00,0x00,0x00,0x00,0x00,0x00,0x20,0x00,0x00,0x00,
  0x01,0x00,0x20,0x08,0x00,0x00,0x00,0x00,0x00,0x00,0x00,0x00,0x20,0x00,0x00,0x00,
  0x01,0x00,0x20,0x08,0x00,0x00,0x00,0x00,0x00,0x00,0x00,0x00,0x20,0x00,0x00,0x00,
  0x01,0x00,0x20,0x08,0x00,0x00,0x00,0x00,0x00,0x08,0x00,0x00,0x00,0x00,0x00,0x00,
  0x00,0x00,0x01,0x00,0x00,0x00,0xff,0x00,0x00,0x00,0x08,0x00,0x00,0x00,0x00,0x00,
  0x00,0x00,0x00,0x01,0x00,0x00,0x00,0x00,0x00,0x40,0x08,0x42,0x08,0x82,0x18,0x08,
  0x42,0x5d,0xef,0xff,0xff,0xff,0xff,0xff,0xff,0xff,0xff,0xff,0xff,0xff,0xff,0x3c,
  0xe7,0xe8,0x41,0x83,0x10,0xeb,0x62,0x7a,0xce,0xcf,0x83,0xa3,0x18,0x86,0x59,0x95,
  0xf5,0x79,0xfe,0x9a,0xfe,0x99,0xfe,0x9a,0xfe,0x99,0xfe,0x9a,0xfe,0x99,0xfe,0x99,
  0xfe,0x79,0xfe,0x9a,0xfe,0x99,0xfe,0x7a,0xfe,0x99,0xfe,0x7a,0xfe,0x58,0xfe,0xb1,
  0xf4,0x28,0x82,0x01,0x00,0x00,0x00,0x00,0x00,0x00,0x08,0x00,0x00,0x00,0x00,0x00,
  0x00,0x00,0x00,0x01,0x00,0x00,0x00,0x00,0x00,0x00,0x08,0x00,0x00,0x00,0x00,0x00,
  0x00,0x00,0x00,0x01,0x00,0x00,0x00,0x00,0x00,0x00,0x08,0x00,0x00,0x00,0x00,0x00,
  0x00,0x00,0x00,0x01,0x00,0x00,0x00,0x00,0x00,0x00,0x08,0x00,0x00,0x00,0x00,0x00,
  0x00,0x00,0x00,0x01,0x00,0x00,0x00,0x00,0x00,0x00,0x08,0x00,0x00,0x00,0x00,0x00,
  0x00,0x00,0x00,0x01,0x00,0x00,0x00,0x00,0x00,0x00,0x08,0x00,0x00,0x00,0x00,0x00,
  0x00,0x00,0x00,0x01,0x00,0x00,0x00,0x00,0x00,0x00,0x08,0x00,0x00,0x00,0x00,0x00,
  0x08,0x00,0x00,0x00,0x00,0x20,0x00,0x00,0x00,0x00,0x00,0x20,0x00,0x01,0x00,0x00,
  0x08,0x00,0x00,0x00,0x00,0x20,0x00,0x00,0x00,0x00,0x00,0x20,0x00,0x01,0x00,0x00,
  0x08,0x00,0x00,0xe4,0x20,0x82,0x10,0x1c,0xe7,0xff,0xff,0xff,0xff,0xff,0xff,0xff,
  0xff,0xff,0xff,0xff,0xff,0xff,0xff,0xff,0xff,0xff,0xdf,0xff,0x5c,0xef,0x1d,0xe7,
  0x51,0x94,0xc8,0x39,0x14,0xad,0x18,0xee,0x50,0xf4,0xf7,0xfd,0x99,0xfe,0x7a,0xfe,
  0x99,0xfe,0x9a,0xfe,0x79,0xfe,0x9a,0xfe,0x99,0xfe,0x99,0xfe,0x99,0xfe,0x7a,0xfe,
  0x99,0xfe,0x9a,0xfe,0x58,0xfe,0xf3,0xf4,0x2f,0xf4,0x62,0x10,0x20,0x00,0x01,0x00,
  0x00,0x08,0x00,0x00,0x00,0x00,0x20,0x00,0x00,0x00,0x00,0x00,0x20,0x00,0x01,0x00,
  0x00,0x08,0x00,0x00,0x00,0x00,0x20,0x00,0x00,0x00,0x00,0x00,0x20,0x00,0x01,0x00,
  0x00,0x08,0x00,0x00,0x00,0x00,0x20,0x00,0x00,0x00,0x00,0x00,0x20,0x00,0x01,0x00,
  0x00,0x08,0x00,0x00,0x00,0x00,0x20,0x00,0x00,0x00,0x00,0x00,0x20,0x00,0x01,0x00,
  0x00,0x08,0x00,0x00,0x00,0x00,0x20,0x00,0x00,0x00,0x00,0x00,0x20,0x00,0x01,0x00,
  0x00,0x08,0x00,0x00,0x00,0x00,0x20,0x00,0x00,0x00,0x00,0x00,0x20,0x00,0x01,0x00,
  0x00,0x08,0x00,0x00,0x00,0x00,0x20,0x00,0x00,0x00,0x00,0x00,0x00,0x00,0x00,0x00,
  0x01,0x00,0x00,0x00,0x00,0x00,0x00,0x08,0x00,0x00,0x00,0x00,0x00,0x00,0x00,0x00,
  0x01,0x00,0x00,0x00,0x00,0x00,0x00,0x08,0x00,0x00,0x21,0x10,0xa3,0x10,0xd3,0xa4,
  0xff,0xff,0xff,0xff,0xff,0xff,0xff,0xff,0xff,0xff,0xff,0xff,0xff,0xff,0xff,0xff,
  0xff,0xff,0xff,0xff,0xff,0xff,0xff,0xff,0xff,0xff,0xff,0xff,0xff,0xff,0xff,0xff,
  0x96,0xf5,0x4f,0xf4,0xf7,0xfd,0x99,0xfe,0x9a,0xfe,0x79,0xfe,0x99,0xfe,0x99,0xfe,
  0x7a,0xfe,0x99,0xfe,0xff,0x9a,0xfe,0x99,0xfe,0x9a,0xfe,0xf7,0xfd,0x91,0xf4,0xad,
  0xd3,0xe4,0x28,0x00,0x00,0x00,0x00,0x00,0x08,0x00,0x00,0x00,0x00,0x00,0x00,0x00,
  0x00,0x01,0x00,0x00,0x00,0x00,0x00,0x00,0x08,0x00,0x00,0x00,0x00,0x00,0x00,0x00,
  0x00,0x01,0x00,0x00,0x00,0x00,0x00,0x00,0x08,0x00,0x00,0x00,0x00,0x00,0x00,0x00,
  0x00,0x01,0x00,0x00,0x00,0x00,0x00,0x00,0x08,0x00,0x00,0x00,0x00,0x00,0x00,0x00,
  0x00,0x01,0x00,0x00,0x00,0x00,0x00,0x00,0x08,0x00,0x00,0x00,0x00,0x00,0x00,0x00,
  0x00,0x01,0x00,0x00,0x00,0x00,0x00,0x00,0x08,0x00,0x00,0x00,0x00,0x00,0x00,0x00,
  0x00,0x01,0x00,0x00,0x00,0x00,0x00,0x00,0x08,0x00,0x00,0x00,0x00,0x00,0x00,0x00,
  0x00,0x00,0x00,0x00,0x00,0x20,0x00,0x00,0x00,0x00,0x00,0x01,0x00,0x00,0x08,0x20,
  0x00,0x00,0x00,0x00,0x00,0x20,0x00,0x00,0x00,0x00,0x00,0x01,0x00,0x00,0x08,0x20,
  0x00,0x00,0x00,0x62,0x08,0x66,0x31,0xbf,0xf7,0xff,0xff,0xff,0xff,0xff,0xff,0xff,
  0xff,0xff,0xff,0xff,0xff,0xff,0xff,0xff,0xff,0xff,0xff,0xff,0xff,0xff,0xff,0xff,
  0xff,0xff,0xff,0xff,0xff,0xff,0xff,0xff,0xff,0xff,0xff,0x75,0xed,0x0f,0xf4,0xd6,
  0xfd,0x99,0xfe,0x9a,0xfe,0x99,0xfe,0x79,0xfe,0x99,0xfe,0x9a,0xfe,0x79,0xfe,0x99,
  0xfe,0x95,0xfd,0x30,0xf4,0xb1,0xf4,0x04,0x31,0x00,0x00,0x01,0x00,0x00,0x08,0x20,
  0x00,0x00,0x00,0x00,0x00,0x20,0x00,0x00,0x00,0x00,0x00,0x01,0x00,0x00,0x08,0x20,
  0x00,0x00,0x00,0xbf,0x00,0x00,0x20,0x00,0x00,0x00,0x00,0x00,0x01,0x00,0x00,0x08,
  0x20,0x00,0x00,0x00,0x00,0x00,0x20,0x00,0x00,0x00,0x00,0x00,0x01,0x00,0x00,0x08,
  0x20,0x00,0x00,0x00,0x00,0x00,0x20,0x00,0x00,0x00,0x00,0x00,0x01,0x00,0x00,0x08,
  0x20,0x00,0x00,0x00,0x00,0x00,0x20,0x00,0x00,0x00,0x00,0x00,0x01,0x00,0x00,0x08,
  0x20,0x00,0x00,0x00,0x00,0x00,0x20,0x00,0x00,0x00,0x00,0x00,0x01,0x00,0x00,0x08,
  0x20,0x00,0x00,0x00,0x00,0x00,0x20,0x00,0x00,0x00,0x00,0x00,0x00,0x00,0x01,0x00,
  0x00,0x00,0x00,0x00,0x00,0x08,0x00,0x00,0x00,0x00,0x00,0x00,0x00,0x00,0x01,0x00,
  0x00,0x00,0x00,0x00,0x00,0x08,0x00,0x00,0x00,0x00,0x00,0x00,0x61,0x10,0x11,0x84,
  0xff,0xff,0x11,0xff,0xff,0xff,0xdf,0xff,0xd7,0xf5,0x4f,0xf4,0x34,0xf5,0x58,0xfe,
  0x9a,0xfe,0x99,0xfe,0x99,0xfe,0x38,0xfe,0xb6,0xfd,0x91,0xf4,0x50,0xec,0xea,0x92,
  0x04,0x29,0x00,0x00,0x00,0x00,0x00,0x08,0x00,0x00,0x00,0x00,0x00,0x00,0x00,0x00,
  0x01,0x00,0x00,0x00,0x00,0x00,0x00,0x08,0x00,0x00,0x00,0x00,0x00,0x00,0x00,0x00,
  0x01,0x00,0x00,0x00,0x00,0x00,0x00,0x08,0x00,0x00,0x00,0x00,0x00,0x00,0x00,0x00,
  0x01,0x00,0x00,0x00,0x00,0x00,0x00,0x08,0x00,0x00,0x00,0x00,0x00,0x00,0x00,0x00,
  0x01,0x00,0x00,0x00,0x00,0x00,0x00,0x08,0x00,0x00,0x00,0x00,0x00,0x00,0x00,0x00,
  0x01,0x00,0x00,0x00,0x00,0x00,0x00,0x08,0x00,0x00,0x00,0x00,0x00,0x00,0x00,0x00,
  0x01,0x00,0x00,0x00,0x00,0x00,0x00,0x08,0x00,0x00,0x00,0x00,0x00,0x00,0x00,0x00,
  0x01,0x00,0x00,0x00,0x00,0x00,0x00,0x00,0x00,0x00,0x21,0x00,0x00,0x08,0x00,0x00,
  0x20,0x00,0x00,0x00,0x00,0x00,0x00,0x00,0x00,0x00,0x21,0x00,0x00,0x08,0x00,0x00,
  0x20,0x00,0x00,0x00,0x00,0x00,0x82,0x08,0x75,0xb5,0x5e,0xef,0xba,0xde,0xff,0xff,
  0xff,0xff,0xff,0xff,0xff,0xff,0xff,0xff,0xff,0xff,0xbf,0xf7,0xff,0xff,0xdf,0xff,
  0x5d,0xef,0x39,0xce,0x76,0xb5,0xfc,0xde,0x7e,0xf7,0xff,0xff,0xff,0xff,0xff,0xff,
  0xff,0xff,0x59,0xee,0x50,0xf4,0x70,0xf4,0x54,0xfd,0x95,0xfd,0xd2,0xf4,0x2f,0xf4,
  0x0f,0xe4,0xae,0xab,0x61,0x18,0x00,0x00,0x00,0x00,0x21,0x00,0x00,0x08,0x00,0x00,
  0x20,0x00,0x00,0x00,0xff,0x00,0x00,0x00,0x00,0x00,0x00,0x21,0x00,0x00,0x08,0x00,
  0x00,0x20,0x00,0x00,0x00,0x00,0x00,0x00,0x00,0x00,0x00,0x21,0x00,0x00,0x08,0x00,
  0x00,0x20,0x00,0x00,0x00,0x00,0x00,0x00,0x00,0x00,0x00,0x21,0x00,0x00,0x08,0x00,
  0x00,0x20,0x00,0x00,0x00,0x00,0x00,0x00,0x00,0x00,0x00,0x21,0x00,0x00,0x08,0x00,
  0x00,0x20,0x00,0x00,0x00,0x00,0x00,0x00,0x00,0x00,0x00,0x21,0x00,0x00,0x08,0x00,
  0x00,0x20,0x00,0x00,0x00,0x00,0x00,0x00,0x00,0x00,0x00,0x21,0x00,0x00,0x08,0x00,
  0x00,0x20,0x00,0x00,0x00,0x00,0x00,0x00,0x00,0x00,0x00,0x21,0x00,0x01,0x00,0x00,
  0x00,0x00,0x00,0x00,0x08,0x00,0x00,0x00,0x00,0x00,0x00,0x00,0x00,0x01,0x00,0x00,
  0x00,0x00,0x00,0x00,0x08,0x00,0x00,0x00,0x00,0x00,0x00,0x00,0x00,0x01,0x00,0x00,
  0x00,0x62,0x08,0xc3,0x18,0x62,0x10,0xef,0x83,0x72,0x8c,0x1c,0xe7,0xdc,0xde,0x7d,
  0xf7,0x35,0xa5,0x45,0x31,0x62,0x10,0x45,0x31,0x83,0x10,0x62,0x10,0x62,0x10,0x41,
  0x10,0xc4,0x18,0xc7,0x41,0x97,0xb5,0xff,0xff,0xff,0xff,0xff,0xff,0xbf,0xff,0xb6,
  0xed,0xb2,0xe4,0xb2,0xec,0x14,0xed,0x37,0xf6,0xe8,0x41,0x82,0x10,0x01,0x00,0x00,
  0x00,0x00,0x00,0x00,0x08,0x00,0x00,0x00,0x00,0x00,0x00,0x00,0x00,0x01,0x00,0x00,
  0x00,0x00,0x00,0x00,0x08,0x00,0x00,0x00,0x00,0x00,0x00,0x00,0x00,0x01,0x00,0x00,
  0x00,0x00,0x00,0x00,0x08,0x00,0x00,0x00,0x00,0x00,0x00,0x00,0x00,0x01,0x00,0x00,
  0x00,0x00,0x00,0xff,0x00,0x08,0x00,0x00,0x00,0x00,0x00,0x00,0x00,0x00,0x01,0x00,
  0x00,0x00,0x00,0x00,0x00,0x08,0x00,0x00,0x00,0x00,0x00,0x00,0x00,0x00,0x01,0x00,
  0x00,0x00,0x00,0x00,0x00,0x08,0x00,0x00,0x00,0x00,0x00,0x00,0x00,0x00,0x01,0x00,
  0x00,0x00,0x00,0x00,0x00,0x08,0x00,0x00,0x00,0x00,0x00,0x00,0x00,0x00,0x01,0x00,
  0x00,0x00,0x00,0x00,0x00,0x08,0x00,0x00,0x01,0x00,0x20,0x08,0x00,0x00,0x00,0x00,
  0x00,0x00,0x00,0x00,0x20,0x00,0x00,0x00,0x01,0x00,0x20,0x08,0x00,0x00,0x00,0x00,
  0x00,0x00,0x00,0x00,0x20,0x00,0x00,0x00,0x01,0x00,0x20,0x08,0x00,0x00,0xc3,0x18,
  0xc4,0x18,0x42,0x10,0xc3,0x10,0xc3,0x18,0xab,0x52,0xc2,0x18,0x21,0x00,0xe3,0x20,
  0xe4,0x18,0x61,0x10,0x20,0x00,0x00,0x00,0x01,0x00,0x40,0x08,0x21,0x08,0xc3,0x18,
  0xb3,0x94,0xff,0xff,0xff,0xff,0xff,0xff,0xff,0xff,0xff,0xff,0xdf,0xff,0xff,0xff,
  0xff,0xff,0xab,0x5a,0x41,0x00,0x00,0x00,0x01,0x00,0x20,0x08,0x00,0x00,0x00,0x00,
  0x00,0x00,0x00,0x00,0x20,0x00,0x00,0x00,0x01,0x00,0x20,0x08,0x00,0x00,0x00,0x00,
  0x00,0x00,0x00,0x00,0x20,0x00,0x00,0x00,0x01,0x00,0x20,0x08,0x00,0x00,0x00,0x00,
  0x00,0x00,0x00,0x00,0x20,0x00,0x00,0x00,0x01,0x00,0x20,0x08,0x00,0x00,0x00,0x00,
  0x00,0x00,0x00,0x00,0x20,0x00,0x00,0x00,0x01,0x00,0x20,0x08,0x00,0x00,0x00,0x00,
  0x00,0x00,0x00,0x00,0x20,0x00,0x00,0x00,0x01,0x00,0x20,0x08,0x00,0x00,0x00,0x00,
  0x00,0x00,0xff,0x00,0x00,0x20,0x00,0x00,0x00,0x01,0x00,0x20,0x08,0x00,0x00,0x00,
  0x00,0x00,0x00,0x00,0x00,0x20,0x00,0x00,0x00,0x01,0x00,0x20,0x08,0x00,0x00,0x00,
  0x00,0x00,0x08,0x00,0x00,0x00,0x00,0x00,0x00,0x00,0x00,0x01,0x00,0x00,0x00,0x00,
  0x00,0x00,0x08,0x00,0x00,0x00,0x00,0x00,0x00,0x00,0x00,0x01,0x00,0x00,0x00,0x00,
  0x00,0x00,0x08,0x00,0x00,0x00,0x00,0x00,0x00,0x00,0x00,0x01,0x00,0x81,0x10,0x00,
  0x00,0x00,0x08,0x00,0x00,0x00,0x00,0x00,0x00,0x00,0x00,0x01,0x00,0x00,0x00,0x00,
  0x00,0x00,0x08,0x00,0x00,0x00,0x00,0x82,0x10,0xa7,0x39,0x9f,0xf7,0xff,0xff,0xff,
  0xff,0xff,0xff,0xff,0xff,0xff,0xff,0xff,0xff,0x7e,0xf7,0xa7,0x31,0x40,0x08,0x00,
  0x00,0x00,0x08,0x00,0x00,0x00,0x00,0x00,0x00,0x00,0x00,0x01,0x00,0x00,0x00,0x00,
  0x00,0x00,0x08,0x00,0x00,0x00,0x00,0x00,0x00,0x00,0x00,0x01,0x00,0x00,0x00,0x00,
  0x00,0x00,0x08,0x00,0x00,0x00,0x00,0x00,0x00,0x00,0x00,0x01,0x00,0x00,0x00,0x00,
  0x00,0x00,0x08,0x00,0x00,0x00,0x00,0x00,0x00,0x00,0x00,0x01,0x00,0x00,0x00,0x00,
  0x00,0x00,0x08,0x00,0x00,0x00,0x00,0x00,0x00,0x00,0x00,0x01,0x00,0x00,0x00,0x00,
  0x00,0x00,0x08,0x00,0x00,0x00,0x00,0x00,0x00,0x00,0x00,0x01,0x00,0x00,0x00,0x00,
  0x00,0x00,0x08,0x00,0x00,0x00,0x00,0x00,0x00,0x00,0x00,0x01,0x00,0x00,0x00,0x00,
  0x00,0x00,0x08,0x00,0x00,0x00,0x00,0x00,0x08,0x00,0x00,0x00,0x00,0x20,0x00,0x00,
  0x00,0xff,0x00,0x00,0x20,0x00,0x01,0x00,0x00,0x08,0x00,0x00,0x00,0x00,0x20,0x00,
  0x00,0x00,0x00,0x00,0x20,0x00,0x01,0x00,0x00,0x08,0x00,0x00,0x00,0x00,0x20,0x00,
  0x00,0x00,0x00,0x00,0x20,0x00,0x01,0x00,0x00,0x08,0x00,0x00,0x00,0x00,0x20,0x00,
  0x00,0x00,0x00,0x00,0x20,0x00,0x01,0x00,0x00,0x08,0x00,0x00,0x00,0x00,0x20,0x00,
  0x00,0x00,0x00,0x00,0x71,0x8c,0x11,0x84,0x4d,0x73,0x19,0xc6,0x5d,0xf7,0xbf,0xf7,
  0xff,0xff,0x55,0xad,0x82,0x10,0x01,0x00,0x00,0x08,0x00,0x00,0x00,0x00,0x20,0x00,
  0x00,0x00,0x00,0x00,0x20,0x00,0x01,0x00,0x00,0x08,0x00,0x00,0x00,0x00,0x20,0x00,
  0x00,0x00,0x00,0x00,0x20,0x00,0x01,0x00,0x00,0x08,0x00,0x00,0x00,0x00,0x20,0x00,
  0x00,0x00,0x00,0x00,0x20,0x00,0x01,0x00,0x00,0x08,0x00,0x00,0x00,0x00,0x20,0x00,
  0x00,0x00,0x00,0x00,0x20,0x00,0x01,0x00,0x00,0x08,0x00,0x00,0x00,0x00,0x20,0x00,
  0x00,0x00,0x00,0x00,0x20,0x00,0x01,0x00,0x00,0x08,0x00,0x00,0x00,0x00,0x20,0x00,
  0x00,0x00,0x00,0x00,0x20,0x00,0x01,0x00,0x00,0x08,0x00,0x00,0x00,0x00,0x20,0x00,
  0x00,0x00,0x00,0x00,0x20,0x00,0x01,0x00,0x00,0x08,0x00,0x00,0x00,0x00,0x20,0x00,
  0x00,0x00,0x00,0x00,0x00,0x00,0x00,0x00,0x01,0x00,0x00,0x00,0x00,0x00,0x00,0x08,
  0x00,0x00,0x00,0x00,0x00,0x00,0x00,0x00,0x01,0x00,0x00,0x00,0x00,0x00,0x00,0x08,
  0x00,0x00,0x00,0x00,0x00,0x00,0x00,0x00,0x01,0x00,0x00,0x00,0x00,0x00,0x00,0x08,
  0xff,0x00,0x00,0x00,0x00,0x00,0x00,0x00,0x00,0x01,0x00,0x00,0x00,0x00,0x00,0x00,
  0x08,0x00,0x00,0x00,0x00,0x00,0x00,0x00,0x00,0x01,0x00,0x00,0x00,0x00,0x00,0x62,
  0x10,0xc4,0x18,0xa3,0x18,0xc4,0x18,0x86,0x39,0xd0,0x7b,0x86,0x39,0xa3,0x10,0x00,
  0x08,0x00,0x00,0x00,0x00,0x00,0x00,0x00,0x00,0x01,0x00,0x00,0x00,0x00,0x00,0x00,
  0x08,0x00,0x00,0x00,0x00,0x00,0x00,0x00,0x00,0x01,0x00,0x00,0x00,0x00,0x00,0x00,
  0x08,0x00,0x00,0x00,0x00,0x00,0x00,0x00,0x00,0x01,0x00,0x00,0x00,0x00,0x00,0x00,
  0x08,0x00,0x00,0x00,0x00,0x00,0x00,0x00,0x00,0x01,0x00,0x00,0x00,0x00,0x00,0x00,
  0x08,0x00,0x00,0x00,0x00,0x00,0x00,0x00,0x00,0x01,0x00,0x00,0x00,0x00,0x00,0x00,
  0x08,0x00,0x00,0x00,0x00,0x00,0x00,0x00,0x00,0x01,0x00,0x00,0x00,0x00,0x00,0x00,
  0x08,0x00,0x00,0x00,0x00,0x00,0x00,0x00,0x00,0x01,0x00,0x00,0x00,0x00,0x00,0x00,
  0x08,0x00,0x00,0x00,0x00,0x00,0x00,0x00,0x00,0x00,0x00,0x00,0x00,0x20,0x00,0x00,
  0x00,0x00,0x00,0x01,0x00,0x00,0x08,0x20,0x00,0x00,0x00,0x00,0x00,0x20,0x00,0x00,
  0x00,0x00,0x00,0x01,0x00,0x00,0x08,0x20,0x00,0x00,0x00,0x00,0x00,0x20,0x00,0x00,
  0x00,0x00,0x00,0x01,0x00,0x00,0x08,0x20,0x00,0x00,0x00,0x00,0x00,0x20,0x00,0x00,
  0x00,0x00,0x00,0x01,0x00,0x00,0x08,0x20,0x00,0x00,0x00,0x00,0x00,0x20,0x00,0x00,
  0x00,0x00,0x00,0x01,0x00,0x00,0x08,0x20,0x00,0x00,0x00,0x00,0x00,0x20,0x00,0xff,
  0x21,0x08,0x82,0x10,0x01,0x00,0x00,0x08,0x20,0x00,0x00,0x00,0x00,0x00,0x20,0x00,
  0x00,0x00,0x00,0x00,0x01,0x00,0x00,0x08,0x20,0x00,0x00,0x00,0x00,0x00,0x20,0x00,
  0x00,0x00,0x00,0x00,0x01,0x00,0x00,0x08,0x20,0x00,0x00,0x00,0x00,0x00,0x20,0x00,
  0x00,0x00,0x00,0x00,0x01,0x00,0x00,0x08,0x20,0x00,0x00,0x00,0x00,0x00,0x20,0x00,
  0x00,0x00,0x00,0x00,0x01,0x00,0x00,0x08,0x20,0x00,0x00,0x00,0x00,0x00,0x20,0x00,
  0x00,0x00,0x00,0x00,0x01,0x00,0x00,0x08,0x20,0x00,0x00,0x00,0x00,0x00,0x20,0x00,
  0x00,0x00,0x00,0x00,0x01,0x00,0x00,0x08,0x20,0x00,0x00,0x00,0x00,0x00,0x20,0x00,
  0x00,0x00,0x00,0x00,0x01,0x00,0x00,0x08,0x20,0x00,0x00,0x00,0x00,0x00,0x20,0x00,
  0x00,0x00,0x00,0x00,0x00,0x00,0x01,0x00,0x00,0x00,0x00,0x00,0x00,0x08,0x00,0x00,
  0x00,0x00,0x00,0x00,0x00,0x00,0x01,0x00,0x00,0x00,0x00,0x00,0x00,0x08,0x00,0x00,
  0x00,0x00,0x00,0x00,0x00,0x00,0x01,0x00,0x00,0x00,0x00,0x00,0x00,0x08,0x00,0x00,
  0x00,0x00,0x00,0x00,0x00,0x00,0x01,0x00,0x00,0x00,0x00,0x00,0x00,0x08,0x00,0x00,
  0x00,0x00,0x00,0x00,0x00,0x00,0x01,0x00,0x00,0x00,0x00,0x00,0x00,0x08,0x00,0x00,
  0x00,0x00,0x00,0x00,0x00,0x00,0x01,0x00,0x00,0x00,0x00,0x00,0x00,0x08,0x00,0x00,
  0x00,0x00,0x00,0x00,0x00,0x00,0x01,0x00,0x00,0x00,0x00,0x00,0x00,0x08,0x00,0x00,
  0x00,0x00,0x00,0x00,0x00,0x00,0x01,0x00,0x00,0x00,0x00,0x00,0x00,0x08,0xff,0x00,
  0x00,0x00,0x00,0x00,0x00,0x00,0x00,0x01,0x00,0x00,0x00,0x00,0x00,0x00,0x08,0x00,
  0x00,0x00,0x00,0x00,0x00,0x00,0x00,0x01,0x00,0x00,0x00,0x00,0x00,0x00,0x08,0x00,
  0x00,0x00,0x00,0x00,0x00,0x00,0x00,0x01,0x00,0x00,0x00,0x00,0x00,0x00,0x08,0x00,
  0x00,0x00,0x00,0x00,0x00,0x00,0x00,0x01,0x00,0x00,0x00,0x00,0x00,0x00,0x08,0x00,
  0x00,0x00,0x00,0x00,0x00,0x00,0x00,0x01,0x00,0x00,0x00,0x00,0x00,0x00,0x08,0x00,
  0x00,0x00,0x00,0x00,0x00,0x00,0x00,0x01,0x00,0x00,0x00,0x00,0x00,0x00,0x00,0x00,
  0x00,0x21,0x00,0x00,0x08,0x00,0x00,0x20,0x00,0x00,0x00,0x00,0x00,0x00,0x00,0x00,
  0x00,0x21,0x00,0x00,0x08,0x00,0x00,0x20,0x00,0x00,0x00,0x00,0x00,0x00,0x00,0x00,
  0x00,0x21,0x00,0x00,0x08,0x00,0x00,0x20,0x00,0x00,0x00,0x00,0x00,0x00,0x00,0x00,
  0x00,0x21,0x00,0x00,0x08,0x00,0x00,0x20,0x00,0x00,0x00,0x00,0x00,0x00,0x00,0x00,
  0x00,0x21,0x00,0x00,0x08,0x00,0x00,0x20,0x00,0x00,0x00,0x00,0x00,0x00,0x00,0x00,
  0x00,0x21,0x00,0x00,0x08,0x00,0x00,0x20,0x00,0x00,0x00,0x00,0x00,0x00,0x00,0x00,
  0x00,0x21,0x00,0x00,0x08,0x00,0x00,0x20,0x00,0x00,0x00,0x00,0x00,0x00,0x00,0x00,
  0x00,0x21,0x00,0x00,0x08,0x00,0x00,0x20,0x00,0x00,0x00,0x00,0x00,0x00,0x00,0x00,
  0x00,0x21,0x00,0x00,0x08,0x00,0x00,0x20,0x00,0x00,0x00,0x00,0x00,0x00,0x00,0x00,
  0x00,0x21,0x00,0x00,0x08,0x00,0x00,0x20,0x00,0x00,0x00,0x00,0x00,0xff,0x00,0x00,
  0x00,0x00,0x21,0x00,0x00,0x08,0x00,0x00,0x20,0x00,0x00,0x00,0x00,0x00,0x00,0x00,
  0x00,0x00,0x21,0x00,0x00,0x08,0x00,0x00,0x20,0x00,0x00,0x00,0x00,0x00,0x00,0x00,
  0x00,0x00,0x21,0x00,0x00,0x08,0x00,0x00,0x20,0x00,0x00,0x00,0x00,0x00,0x00,0x00,
  0x00,0x00,0x21,0x00,0x01,0x00,0x00,0x00,0x00,0x00,0x00,0x08,0x00,0x00,0x00,0x00,
  0x00,0x00,0x00,0x00,0x01,0x00,0x00,0x00,0x00,0x00,0x00,0x08,0x00,0x00,0x00,0x00,
  0x00,0x00,0x00,0x00,0x01,0x00,0x00,0x00,0x00,0x00,0x00,0x08,0x00,0x00,0x00,0x00,
  0x00,0x00,0x00,0x00,0x01,0x00,0x00,0x00,0x00,0x00,0x00,0x08,0x00,0x00,0x00,0x00,
  0x00,0x00,0x00,0x00,0x01,0x00,0x00,0x00,0x00,0x00,0x00,0x08,0x00,0x00,0x00,0x00,
  0x00,0x00,0x00,0x00,0x01,0x00,0x00,0x00,0x00,0x00,0x00,0x08,0x00,0x00,0x00,0x00,
  0x00,0x00,0x00,0x00,0x01,0x00,0x00,0x00,0x00,0x00,0x00,0x08,0x00,0x00,0x00,0x00,
  0x00,0x00,0x00,0x00,0x01,0x00,0x00,0x00,0x00,0x00,0x00,0x08,0x00,0x00,0x00,0x00,
  0x00,0x00,0x00,0x00,0x01,0x00,0x00,0x00,0x00,0x00,0x00,0x08,0x00,0x00,0x00,0x00,
  0x00,0x00,0x00,0x00,0x01,0x00,0x00,0x00,0x00,0x00,0x00,0x08,0x00,0x00,0x00,0x00,
  0x00,0x00,0x00,0x00,0x01,0x00,0x00,0x00,0x00,0x00,0x00,0x08,0x00,0x00,0x00,0x00,
  0x00,0x00,0x00,0x00,0x01,0x00,0x00,0x00,0x00,0x00,0x00,0x08,0x00,0x00,0x00,0x00,
  0x00,0x00,0x00,0x00,0x01,0x00,0x00,0x00,0x00,0x00,0x00,0x08,0xff,0x00,0x00,0x00,
  0x00,0x00,0x00,0x00,0x00,0x01,0x00,0x00,0x00,0x00,0x00,0x00,0x08,0x00,0x00,0x01,
  0x00,0x20,0x08,0x00,0x00,0x00,0x00,0x00,0x00,0x00,0x00,0x20,0x00,0x00,0x00,0x01,
  0x00,0x20,0x08,0x00,0x00,0x00,0x00,0x00,0x00,0x00,0x00,0x20,0x00,0x00,0x00,0x01,
  0x00,0x20,0x08,0x00,0x00,0x00,0x00,0x00,0x00,0x00,0x00,0x20,0x00,0x00,0x00,0x01,
  0x00,0x20,0x08,0x00,0x00,0x00,0x00,0x00,0x00,0x00,0x00,0x20,0x00,0x00,0x00,0x01,
  0x00,0x20,0x08,0x00,0x00,0x00,0x00,0x00,0x00,0x00,0x00,0x20,0x00,0x00,0x00,0x01,
  0x00,0x20,0x08,0x00,0x00,0x00,0x00,0x00,0x00,0x00,0x00,0x20,0x00,0x00,0x00,0x01,
  0x00,0x20,0x08,0x00,0x00,0x00,0x00,0x00,0x00,0x00,0x00,0x20,0x00,0x00,0x00,0x01,
  0x00,0x20,0x08,0x00,0x00,0x00,0x00,0x00,0x00,0x00,0x00,0x20,0x00,0x00,0x00,0x01,
  0x00,0x20,0x08,0x00,0x00,0x00,0x00,0x00,0x00,0x00,0x00,0x20,0x00,0x00,0x00,0x01,
  0x00,0x20,0x08,0x00,0x00,0x00,0x00,0x00,0x00,0x00,0x00,0x20,0x00,0x00,0x00,0x01,
  0x00,0x20,0x08,0x00,0x00,0x00,0x00,0x00,0x00,0x00,0x00,0x20,0x00,0x00,0x00,0x01,
  0x00,0x20,0x08,0x00,0x00,0x00,0x00,0x00,0x00,0x00,0x00,0x20,0x00,0x00,0x00,0x01,
  0x00,0x20,0x08,0x00,0x00,0x00,0x00,0x00,0x00,0x00,0x00,0x20,0x00,0x00,0x00,0x01,
  0x00,0x20,0x08,0x00,0x00,0x00,0x00,0x00,0x08,0x00,0x00,0x00,0x00,0x00,0x00,0x00,
  0x00,0x01,0x00,0x00,0x00,0x00,0x00,0x00,0x08,0x00,0x00,0xff,0x00,0x00,0x00,0x00,
  0x00,0x00,0x01,0x00,0x00,0x00,0x00,0x00,0x00,0x08,0x00,0x00,0x00,0x00,0x00,0x00,
  0x00,0x00,0x01,0x00,0x00,0x00,0x00,0x00,0x00,0x08,0x00,0x00,0x00,0x00,0x00,0x00,
  0x00,0x00,0x01,0x00,0x00,0x00,0x00,0x00,0x00,0x08,0x00,0x00,0x00,0x00,0x00,0x00,
  0x00,0x00,0x01,0x00,0x00,0x00,0x00,0x00,0x00,0x08,0x00,0x00,0x00,0x00,0x00,0x00,
  0x00,0x00,0x01,0x00,0x00,0x00,0x00,0x00,0x00,0x08,0x00,0x00,0x00,0x00,0x00,0x00,
  0x00,0x00,0x01,0x00,0x00,0x00,0x00,0x00,0x00,0x08,0x00,0x00,0x00,0x00,0x00,0x00,
  0x00,0x00,0x01,0x00,0x00,0x00,0x00,0x00,0x00,0x08,0x00,0x00,0x00,0x00,0x00,0x00,
  0x00,0x00,0x01,0x00,0x00,0x00,0x00,0x00,0x00,0x08,0x00,0x00,0x00,0x00,0x00,0x00,
  0x00,0x00,0x01,0x00,0x00,0x00,0x00,0x00,0x00,0x08,0x00,0x00,0x00,0x00,0x00,0x00,
  0x00,0x00,0x01,0x00,0x00,0x00,0x00,0x00,0x00,0x08,0x00,0x00,0x00,0x00,0x00,0x00,
  0x00,0x00,0x01,0x00,0x00,0x00,0x00,0x00,0x00,0x08,0x00,0x00,0x00,0x00,0x00,0x00,
  0x00,0x00,0x01,0x00,0x00,0x00,0x00,0x00,0x00,0x08,0x00,0x00,0x00,0x00,0x00,0x08,
  0x00,0x00,0x00,0x00,0x20,0x00,0x00,0x00,0x00,0x00,0x20,0x00,0x01,0x00,0x00,0x08,
  0x00,0x00,0x00,0x00,0x20,0x00,0x00,0x00,0x00,0x00,0x20,0x00,0x01,0x00,0x00,0x08,
  0x00,0x00,0x00,0x00,0x20,0x00,0x00,0x00,0x00,0x00,0x20,0x00,0x01,0x00,0x00,0x08,
  0x00,0x00,0x00,0x00,0x20,0x00,0x00,0x00,0x00,0x00,0xff,0x20,0x00,0x01,0x00,0x00,
  0x08,0x00,0x00,0x00,0x00,0x20,0x00,0x00,0x00,0x00,0x00,0x20,0x00,0x01,0x00,0x00,
  0x08,0x00,0x00,0x00,0x00,0x20,0x00,0x00,0x00,0x00,0x00,0x20,0x00,0x01,0x00,0x00,
  0x08,0x00,0x00,0x00,0x00,0x20,0x00,0x00,0x00,0x00,0x00,0x20,0x00,0x01,0x00,0x00,
  0x08,0x00,0x00,0x00,0x00,0x20,0x00,0x00,0x00,0x00,0x00,0x20,0x00,0x01,0x00,0x00,
  0x08,0x00,0x00,0x00,0x00,0x20,0x00,0x00,0x00,0x00,0x00,0x20,0x00,0x01,0x00,0x00,
  0x08,0x00,0x00,0x00,0x00,0x20,0x00,0x00,0x00,0x00,0x00,0x20,0x00,0x01,0x00,0x00,
  0x08,0x00,0x00,0x00,0x00,0x20,0x00,0x00,0x00,0x00,0x00,0x20,0x00,0x01,0x00,0x00,
  0x08,0x00,0x00,0x00,0x00,0x20,0x00,0x00,0x00,0x00,0x00,0x20,0x00,0x01,0x00,0x00,
  0x08,0x00,0x00,0x00,0x00,0x20,0x00,0x00,0x00,0x00,0x00,0x20,0x00,0x01,0x00,0x00,
  0x08,0x00,0x00,0x00,0x00,0x20,0x00,0x00,0x00,0x00,0x00,0x00,0x00,0x00,0x00,0x01,
  0x00,0x00,0x00,0x00,0x00,0x00,0x08,0x00,0x00,0x00,0x00,0x00,0x00,0x00,0x00,0x01,
  0x00,0x00,0x00,0x00,0x00,0x00,0x08,0x00,0x00,0x00,0x00,0x00,0x00,0x00,0x00,0x01,
  0x00,0x00,0x00,0x00,0x00,0x00,0x08,0x00,0x00,0x00,0x00,0x00,0x00,0x00,0x00,0x01,
  0x00,0x00,0x00,0x00,0x00,0x00,0x08,0x00,0x00,0x00,0x00,0x00,0x00,0x00,0x00,0x01,
  0x00,0x00,0x00,0x00,0x00,0x00,0x08,0x00,0x00,0x00,0x00,0x00,0x00,0x00,0x00,0x01,
  0x00,0x00,0x00,0x00,0x00,0x00,0x08,0x00,0x00,0xff,0x00,0x00,0x00,0x00,0x00,0x00,
  0x01,0x00,0x00,0x00,0x00,0x00,0x00,0x08,0x00,0x00,0x00,0x00,0x00,0x00,0x00,0x00,
  0x01,0x00,0x00,0x00,0x00,0x00,0x00,0x08,0x00,0x00,0x00,0x00,0x00,0x00,0x00,0x00,
  0x01,0x00,0x00,0x00,0x00,0x00,0x00,0x08,0x00,0x00,0x00,0x00,0x00,0x00,0x00,0x00,
  0x01,0x00,0x00,0x00,0x00,0x00,0x00,0x08,0x00,0x00,0x00,0x00,0x00,0x00,0x00,0x00,
  0x01,0x00,0x00,0x00,0x00,0x00,0x00,0x08,0x00,0x00,0x00,0x00,0x00,0x00,0x00,0x00,
  0x01,0x00,0x00,0x00,0x00,0x00,0x00,0x08,0x00,0x00,0x00,0x00,0x00,0x00,0x00,0x00,
  0x01,0x00,0x00,0x00,0x00,0x00,0x00,0x08,0x00,0x00,0x00,0x00,0x00,0x00,0x00,0x00,
  0x00,0x00,0x00,0x00,0x20,0x00,0x00,0x00,0x00,0x00,0x01,0x00,0x00,0x08,0x20,0x00,
  0x00,0x00,0x00,0x00,0x20,0x00,0x00,0x00,0x00,0x00,0x01,0x00,0x00,0x08,0x20,0x00,
  0x00,0x00,0x00,0x00,0x20,0x00,0x00,0x00,0x00,0x00,0x01,0x00,0x00,0x08,0x20,0x00,
  0x00,0x00,0x00,0x00,0x20,0x00,0x00,0x00,0x00,0x00,0x01,0x00,0x00,0x08,0x20,0x00,
  0x00,0x00,0x00,0x00,0x20,0x00,0x00,0x00,0x00,0x00,0x01,0x00,0x00,0x08,0x20,0x00,
  0x00,0x00,0x00,0x00,0x20,0x00,0x00,0x00,0x00,0x00,0x01,0x00,0x00,0x08,0x20,0x00,
  0x00,0x00,0x00,0x00,0x20,0x00,0x00,0x00,0x00,0x00,0x01,0x00,0x00,0x08,0x20,0x00,
  0x00,0x00,0x00,0x00,0x20,0x00,0x00,0x00,0x00,0x00,0x01,0x00,0x00,0x08,0x20,0x00,
  0x00,0x00,0x00,0x00,0x20,0x00,0x00,0x00,0xff,0x00,0x00,0x01,0x00,0x00,0x08,0x20,
  0x00,0x00,0x00,0x00,0x00,0x20,0x00,0x00,0x00,0x00,0x00,0x01,0x00,0x00,0x08,0x20,
  0x00,0x00,0x00,0x00,0x00,0x20,0x00,0x00,0x00,0x00,0x00,0x01,0x00,0x00,0x08,0x20,
  0x00,0x00,0x00,0x00,0x00,0x20,0x00,0x00,0x00,0x00,0x00,0x01,0x00,0x00,0x08,0x20,
  0x00,0x00,0x00,0x00,0x00,0x20,0x00,0x00,0x00,0x00,0x00,0x01,0x00,0x00,0x08,0x20,
  0x00,0x00,0x00,0x00,0x00,0x20,0x00,0x00,0x00,0x00,0x00,0x00,0x00,0x01,0x00,0x00,
  0x00,0x00,0x00,0x00,0x08,0x00,0x00,0x00,0x00,0x00,0x00,0x00,0x00,0x01,0x00,0x00,
  0x00,0x00,0x00,0x00,0x08,0x00,0x00,0x00,0x00,0x00,0x00,0x00,0x00,0x01,0x00,0x00,
  0x00,0x00,0x00,0x00,0x08,0x00,0x00,0x00,0x00,0x00,0x00,0x00,0x00,0x01,0x00,0x00,
  0x00,0x00,0x00,0x00,0x08,0x00,0x00,0x00,0x00,0x00,0x00,0x00,0x00,0x01,0x00,0x00,
  0x00,0x00,0x00,0x00,0x08,0x00,0x00,0x00,0x00,0x00,0x00,0x00,0x00,0x01,0x00,0x00,
  0x00,0x00,0x00,0x00,0x08,0x00,0x00,0x00,0x00,0x00,0x00,0x00,0x00,0x01,0x00,0x00,
  0x00,0x00,0x00,0x00,0x08,0x00,0x00,0x00,0x00,0x00,0x00,0x00,0x00,0x01,0x00,0x00,
  0x00,0x00,0x00,0x00,0x08,0x00,0x00,0x00,0x00,0x00,0x00,0x00,0x00,0x01,0x00,0x00,
  0x00,0x00,0x00,0x00,0x08,0x00,0x00,0x00,0x00,0x00,0x00,0x00,0x00,0x01,0x00,0x00,
  0x00,0x00,0x00,0x00,0x08,0x00,0x00,0x00,0x00,0x00,0x00,0x00,0x00,0x01,0x00,0x00,
  0x00,0x00,0x00,0x00,0x08,0x00,0x00,0xff,0x00,0x00,0x00,0x00,0x00,0x00,0x01,0x00,
  0x00,0x00,0x00,0x00,0x00,0x08,0x00,0x00,0x00,0x00,0x00,0x00,0x00,0x00,0x01,0x00,
  0x00,0x00,0x00,0x00,0x00,0x08,0x00,0x00,0x00,0x00,0x00,0x00,0x00,0x00,0x01,0x00,
  0x00,0x00,0x00,0x00,0x00,0x00,0x00,0x00,0x21,0x00,0x00,0x08,0x00,0x00,0x20,0x00,
  0x00,0x00,0x00,0x00,0x00,0x00,0x00,0x00,0x21,0x00,0x00,0x08,0x00,0x00,0x20,0x00,
  0x00,0x00,0x00,0x00,0x00,0x00,0x00,0x00,0x21,0x00,0x00,0x08,0x00,0x00,0x20,0x00,
  0x00,0x00,0x00,0x00,0x00,0x00,0x00,0x00,0x21,0x00,0x00,0x08,0x00,0x00,0x20,0x00,
  0x00,0x00,0x00,0x00,0x00,0x00,0x00,0x00,0x21,0x00,0x00,0x08,0x00,0x00,0x20,0x00,
  0x00,0x00,0x00,0x00,0x00,0x00,0x00,0x00,0x21,0x00,0x00,0x08,0x00,0x00,0x20,0x00,
  0x00,0x00,0x00,0x00,0x00,0x00,0x00,0x00,0x21,0x00,0x00,0x08,0x00,0x00,0x20,0x00,
  0x00,0x00,0x00,0x00,0x00,0x00,0x00,0x00,0x21,0x00,0x00,0x08,0x00,0x00,0x20,0x00,
  0x00,0x00,0x00,0x00,0x00,0x00,0x00,0x00,0x21,0x00,0x00,0x08,0x00,0x00,0x20,0x00,
  0x00,0x00,0x00,0x00,0x00,0x00,0x00,0x00,0x21,0x00,0x00,0x08,0x00,0x00,0x20,0x00,
  0x00,0x00,0x00,0x00,0x00,0x00,0x00,0x00,0x21,0x00,0x00,0x08,0x00,0x00,0x20,0x00,
  0x00,0x00,0x00,0x00,0x00,0x00,0x00,0x00,0x21,0x00,0x00,0x08,0x00,0x00,0x20,0x00,
  0x00,0x00,0x00,0x00,0x00,0x00,0x00,0x00,0x21,0x00,0x00,0x08,0x00,0x00,0x20,0x00,
  0x00,0x00,0x00,0x00,0x00,0x00,0xff,0x00,0x00,0x21,0x00,0x01,0x00,0x00,0x00,0x00,
  0x00,0x00,0x08,0x00,0x00,0x00,0x00,0x00,0x00,0x00,0x00,0x01,0x00,0x00,0x00,0x00,
  0x00,0x00,0x08,0x00,0x00,0x00,0x00,0x00,0x00,0x00,0x00,0x01,0x00,0x00,0x00,0x00,
  0x00,0x00,0x08,0x00,0x00,0x00,0x00,0x00,0x00,0x00,0x00,0x01,0x00,0x00,0x00,0x00,
  0x00,0x00,0x08,0x00,0x00,0x00,0x00,0x00,0x00,0x00,0x00,0x01,0x00,0x00,0x00,0x00,
  0x00,0x00,0x08,0x00,0x00,0x00,0x00,0x00,0x00,0x00,0x00,0x01,0x00,0x00,0x00,0x00,
  0x00,0x00,0x08,0x00,0x00,0x00,0x00,0x00,0x00,0x00,0x00,0x01,0x00,0x00,0x00,0x00,
  0x00,0x00,0x08,0x00,0x00,0x00,0x00,0x00,0x00,0x00,0x00,0x01,0x00,0x00,0x00,0x00,
  0x00,0x00,0x08,0x00,0x00,0x00,0x00,0x00,0x00,0x00,0x00,0x01,0x00,0x00,0x00,0x00,
  0x00,0x00,0x08,0x00,0x00,0x00,0x00,0x00,0x00,0x00,0x00,0x01,0x00,0x00,0x00,0x00,
  0x00,0x00,0x08,0x00,0x00,0x00,0x00,0x00,0x00,0x00,0x00,0x01,0x00,0x00,0x00,0x00,
  0x00,0x00,0x08,0x00,0x00,0x00,0x00,0x00,0x00,0x00,0x00,0x01,0x00,0x00,0x00,0x00,
  0x00,0x00,0x08,0x00,0x00,0x00,0x00,0x00,0x00,0x00,0x00,0x01,0x00,0x00,0x00,0x00,
  0x00,0x00,0x08,0x00,0x00,0x00,0x00,0x00,0x00,0x00,0x00,0x01,0x00,0x00,0x00,0x00,
  0x00,0x00,0x08,0x00,0x00,0x01,0x00,0x20,0x08,0x00,0x00,0x00,0x00,0x00,0x00,0x00,
  0x00,0x20,0x00,0x00,0x00,0x01,0x00,0x20,0x08,0x00,0x00,0x00,0x00,0x00,0x00,0x00,
  0x00,0x20,0x00,0x00,0x00,0xff,0x01,0x00,0x20,0x08,0x00,0x00,0x00,0x00,0x00,0x00,
  0x00,0x00,0x20,0x00,0x00,0x00,0x01,0x00,0x20,0x08,0x00,0x00,0x00,0x00,0x00,0x00,
  0x00,0x00,0x20,0x00,0x00,0x00,0x01,0x00,0x20,0x08,0x00,0x00,0x00,0x00,0x00,0x00,
  0x00,0x00,0x20,0x00,0x00,0x00,0x01,0x00,0x20,0x08,0x00,0x00,0x00,0x00,0x00,0x00,
  0x00,0x00,0x20,0x00,0x00,0x00,0x01,0x00,0x20,0x08,0x00,0x00,0x00,0x00,0x00,0x00,
  0x00,0x00,0x20,0x00,0x00,0x00,0x01,0x00,0x20,0x08,0x00,0x00,0x00,0x00,0x00,0x00,
  0x00,0x00,0x20,0x00,0x00,0x00,0x01,0x00,0x20,0x08,0x00,0x00,0x00,0x00,0x00,0x00,
  0x00,0x00,0x20,0x00,0x00,0x00,0x01,0x00,0x20,0x08,0x00,0x00,0x00,0x00,0x00,0x00,
  0x00,0x00,0x20,0x00,0x00,0x00,0x01,0x00,0x20,0x08,0x00,0x00,0x00,0x00,0x00,0x00,
  0x00,0x00,0x20,0x00,0x00,0x00,0x01,0x00,0x20,0x08,0x00,0x00,0x00,0x00,0x00,0x00,
  0x00,0x00,0x20,0x00,0x00,0x00,0x01,0x00,0x20,0x08,0x00,0x00,0x00,0x00,0x00,0x00,
  0x00,0x00,0x20,0x00,0x00,0x00,0x01,0x00,0x20,0x08,0x00,0x00,0x00,0x00,0x00,0x08,
  0x00,0x00,0x00,0x00,0x00,0x00,0x00,0x00,0x01,0x00,0x00,0x00,0x00,0x00,0x00,0x08,
  0x00,0x00,0x00,0x00,0x00,0x00,0x00,0x00,0x01,0x00,0x00,0x00,0x00,0x00,0x00,0x08,
  0x00,0x00,0x00,0x00,0x00,0x00,0x00,0x00,0x01,0x00,0x00,0x00,0x00,0x00,0x00,0x08,
  0x00,0x00,0x00,0x00,0x00,0x00,0x00,0x00,0x01,0x00,0x00,0x00,0x00,0x00,0x00,0x08,
  0x00,0x00,0x00,0x00,0xff,0x00,0x00,0x00,0x00,0x01,0x00,0x00,0x00,0x00,0x00,0x00,
  0x08,0x00,0x00,0x00,0x00,0x00,0x00,0x00,0x00,0x01,0x00,0x00,0x00,0x00,0x00,0x00,
  0x08,0x00,0x00,0x00,0x00,0x00,0x00,0x00,0x00,0x01,0x00,0x00,0x00,0x00,0x00,0x00,
  0x08,0x00,0x00,0x00,0x00,0x00,0x00,0x00,0x00,0x01,0x00,0x00,0x00,0x00,0x00,0x00,
  0x08,0x00,0x00,0x00,0x00,0x00,0x00,0x00,0x00,0x01,0x00,0x00,0x00,0x00,0x00,0x00,
  0x08,0x00,0x00,0x00,0x00,0x00,0x00,0x00,0x00,0x01,0x00,0x00,0x00,0x00,0x00,0x00,
  0x08,0x00,0x00,0x00,0x00,0x00,0x00,0x00,0x00,0x01,0x00,0x00,0x00,0x00,0x00,0x00,
  0x08,0x00,0x00,0x00,0x00,0x00,0x00,0x00,0x00,0x01,0x00,0x00,0x00,0x00,0x00,0x00,
  0x08,0x00,0x00,0x00,0x00,0x00,0x00,0x00,0x00,0x01,0x00,0x00,0x00,0x00,0x00,0x00,
  0x08,0x00,0x00,0x00,0x00,0x00,0x08,0x00,0x00,0x00,0x00,0x20,0x00,0x00,0x00,0x00,
  0x00,0x20,0x00,0x01,0x00,0x00,0x08,0x00,0x00,0x00,0x00,0x20,0x00,0x00,0x00,0x00,
  0x00,0x20,0x00,0x01,0x00,0x00,0x08,0x00,0x00,0x00,0x00,0x20,0x00,0x00,0x00,0x00,
  0x00,0x20,0x00,0x01,0x00,0x00,0x08,0x00,0x00,0x00,0x00,0x20,0x00,0x00,0x00,0x00,
  0x00,0x20,0x00,0x01,0x00,0x00,0x08,0x00,0x00,0x00,0x00,0x20,0x00,0x00,0x00,0x00,
  0x00,0x20,0x00,0x01,0x00,0x00,0x08,0x00,0x00,0x00,0x00,0x20,0x00,0x00,0x00,0x00,
  0x00,0x20,0x00,0x01,0x00,0x00,0x08,0x00,0x00,0x00,0x00,0x20,0x00,0x00,0x00,0x00,
  0x00,0x20,0x00,0xff,0x01,0x00,0x00,0x08,0x00,0x00,0x00,0x00,0x20,0x00,0x00,0x00,
  0x00,0x00,0x20,0x00,0x01,0x00,0x00,0x08,0x00,0x00,0x00,0x00,0x20,0x00,0x00,0x00,
  0x00,0x00,0x20,0x00,0x01,0x00,0x00,0x08,0x00,0x00,0x00,0x00,0x20,0x00,0x00,0x00,
  0x00,0x00,0x20,0x00,0x01,0x00,0x00,0x08,0x00,0x00,0x00,0x00,0x20,0x00,0x00,0x00,
  0x00,0x00,0x20,0x00,0x01,0x00,0x00,0x08,0x00,0x00,0x00,0x00,0x20,0x00,0x00,0x00,
  0x00,0x00,0x20,0x00,0x01,0x00,0x00,0x08,0x00,0x00,0x00,0x00,0x20,0x00,0x00,0x00,
  0x00,0x00,0x20,0x00,0x01,0x00,0x00,0x08,0x00,0x00,0x00,0x00,0x20,0x00,0x00,0x00,
  0x00,0x00,0x00,0x00,0x00,0x00,0x01,0x00,0x00,0x00,0x00,0x00,0x00,0x08,0x00,0x00,
  0x00,0x00,0x00,0x00,0x00,0x00,0x01,0x00,0x00,0x00,0x00,0x00,0x00,0x08,0x00,0x00,
  0x00,0x00,0x00,0x00,0x00,0x00,0x01,0x00,0x00,0x00,0x00,0x00,0x00,0x08,0x00,0x00,
  0x00,0x00,0x00,0x00,0x00,0x00,0x01,0x00,0x00,0x00,0x00,0x00,0x00,0x08,0x00,0x00,
  0x00,0x00,0x00,0x00,0x00,0x00,0x01,0x00,0x00,0x00,0x00,0x00,0x00,0x08,0x00,0x00,
  0x00,0x00,0x00,0x00,0x00,0x00,0x01,0x00,0x00,0x00,0x00,0x00,0x00,0x08,0x00,0x00,
  0x00,0x00,0x00,0x00,0x00,0x00,0x01,0x00,0x00,0x00,0x00,0x00,0x00,0x08,0x00,0x00,
  0x00,0x00,0x00,0x00,0x00,0x00,0x01,0x00,0x00,0x00,0x00,0x00,0x00,0x08,0x00,0x00,
  0x00,0x00,0x00,0x00,0x00,0x00,0x01,0x00,0x00,0x00,0x00,0x00,0x00,0x08,0x00,0x00,
  0x00,0x00,0xff,0x00,0x00,0x00,0x00,0x01,0x00,0x00,0x00,0x00,0x00,0x00,0x08,0x00,
  0x00,0x00,0x00,0x00,0x00,0x00,0x00,0x01,0x00,0x00,0x00,0x00,0x00,0x00,0x08,0x00,
  0x00,0x00,0x00,0x00,0x00,0x00,0x00,0x01,0x00,0x00,0x00,0x00,0x00,0x00,0x08,0x00,
  0x00,0x00,0x00,0x00,0x00,0x00,0x00,0x01,0x00,0x00,0x00,0x00,0x00,0x00,0x08,0x00,
  0x00,0x00,0x00,0x00,0x00,0x00,0x00,0x00,0x00,0x00,0x00,0x20,0x00,0x00,0x00,0x00,
  0x00,0x01,0x00,0x00,0x08,0x20,0x00,0x00,0x00,0x00,0x00,0x20,0x00,0x00,0x00,0x00,
  0x00,0x01,0x00,0x00,0x08,0x20,0x00,0x00,0x00,0x00,0x00,0x20,0x00,0x00,0x00,0x00,
  0x00,0x01,0x00,0x00,0x08,0x20,0x00,0x00,0x00,0x00,0x00,0x20,0x00,0x00,0x00,0x00,
  0x00,0x01,0x00,0x00,0x08,0x20,0x00,0x00,0x00,0x00,0x00,0x20,0x00,0x00,0x00,0x00,
  0x00,0x01,0x00,0x00,0x08,0x20,0x00,0x00,0x00,0x00,0x00,0x20,0x00,0x00,0x00,0x00,
  0x00,0x01,0x00,0x00,0x08,0x20,0x00,0x00,0x00,0x00,0x00,0x20,0x00,0x00,0x00,0x00,
  0x00,0x01,0x00,0x00,0x08,0x20,0x00,0x00,0x00,0x00,0x00,0x20,0x00,0x00,0x00,0x00,
  0x00,0x01,0x00,0x00,0x08,0x20,0x00,0x00,0x00,0x00,0x00,0x20,0x00,0x00,0x00,0x00,
  0x00,0x01,0x00,0x00,0x08,0x20,0x00,0x00,0x00,0x00,0x00,0x20,0x00,0x00,0x00,0x00,
  0x00,0x01,0x00,0x00,0x08,0x20,0x00,0x00,0x00,0x00,0x00,0x20,0x00,0x00,0x00,0x00,
  0x00,0x01,0x00,0x00,0x08,0x20,0x00,0x00,0x00,0x00,0x00,0x20,0x00,0x00,0x00,0x00,
  0x00,0xff,0x01,0x00,0x00,0x08,0x20,0x00,0x00,0x00,0x00,0x00,0x20,0x00,0x00,0x00,
  0x00,0x00,0x01,0x00,0x00,0x08,0x20,0x00,0x00,0x00,0x00,0x00,0x20,0x00,0x00,0x00,
  0x00,0x00,0x00,0x00,0x01,0x00,0x00,0x00,0x00,0x00,0x00,0x08,0x00,0x00,0x00,0x00,
  0x00,0x00,0x00,0x00,0x01,0x00,0x00,0x00,0x00,0x00,0x00,0x08,0x00,0x00,0x00,0x00,
  0x00,0x00,0x00,0x00,0x01,0x00,0x00,0x00,0x00,0x00,0x00,0x08,0x00,0x00,0x00,0x00,
  0x00,0x00,0x00,0x00,0x01,0x00,0x00,0x00,0x00,0x00,0x00,0x08,0x00,0x00,0x00,0x00,
  0x00,0x00,0x00,0x00,0x01,0x00,0x00,0x00,0x00,0x00,0x00,0x08,0x00,0x00,0x00,0x00,
  0x00,0x00,0x00,0x00,0x01,0x00,0x00,0x00,0x00,0x00,0x00,0x08,0x00,0x00,0x00,0x00,
  0x00,0x00,0x00,0x00,0x01,0x00,0x00,0x00,0x00,0x00,0x00,0x08,0x00,0x00,0x00,0x00,
  0x00,0x00,0x00,0x00,0x01,0x00,0x00,0x00,0x00,0x00,0x00,0x08,0x00,0x00,0x00,0x00,
  0x00,0x00,0x00,0x00,0x01,0x00,0x00,0x00,0x00,0x00,0x00,0x08,0x00,0x00,0x00,0x00,
  0x00,0x00,0x00,0x00,0x01,0x00,0x00,0x00,0x00,0x00,0x00,0x08,0x00,0x00,0x00,0x00,
  0x00,0x00,0x00,0x00,0x01,0x00,0x00,0x00,0x00,0x00,0x00,0x08,0x00,0x00,0x00,0x00,
  0x00,0x00,0x00,0x00,0x01,0x00,0x00,0x00,0x00,0x00,0x00,0x08,0x00,0x00,0x00,0x00,
  0x00,0x00,0x00,0x00,0x01,0x00,0x00,0x00,0x00,0x00,0x00,0x08,0x00,0x00,0x00,0x00,
  0x00,0x00,0x00,0x00,0x01,0x00,0x00,0x00,0x00,0x00,0x00,0x00,0x00,0x00,0x21,0x00,
  0xff,0x00,0x08,0x00,0x00,0x20,0x00,0x00,0x00,0x00,0x00,0x00,0x00,0x00,0x00,0x21,
  0x00,0x00,0x08,0x00,0x00,0x20,0x00,0x00,0x00,0x00,0x00,0x00,0x00,0x00,0x00,0x21,
  0x00,0x00,0x08,0x00,0x00,0x20,0x00,0x00,0x00,0x00,0x00,0x00,0x00,0x00,0x00,0x21,
  0x00,0x00,0x08,0x00,0x00,0x20,0x00,0x00,0x00,0x00,0x00,0x00,0x00,0x00,0x00,0x21,
  0x00,0x00,0x08,0x00,0x00,0x20,0x00,0x00,0x00,0x00,0x00,0x00,0x00,0x00,0x00,0x21,
  0x00,0x00,0x08,0x00,0x00,0x20,0x00,0x00,0x00,0x00,0x00,0x00,0x00,0x00,0x00,0x21,
  0x00,0x00,0x08,0x00,0x00,0x20,0x00,0x00,0x00,0x00,0x00,0x00,0x00,0x00,0x00,0x21,
  0x00,0x00,0x08,0x00,0x00,0x20,0x00,0x00,0x00,0x00,0x00,0x00,0x00,0x00,0x00,0x21,
  0x00,0x00,0x08,0x00,0x00,0x20,0x00,0x00,0x00,0x00,0x00,0x00,0x00,0x00,0x00,0x21,
  0x00,0x00,0x08,0x00,0x00,0x20,0x00,0x00,0x00,0x00,0x00,0x00,0x00,0x00,0x00,0x21,
  0x00,0x00,0x08,0x00,0x00,0x20,0x00,0x00,0x00,0x00,0x00,0x00,0x00,0x00,0x00,0x21,
  0x00,0x00,0x08,0x00,0x00,0x20,0x00,0x00,0x00,0x00,0x00,0x00,0x00,0x00,0x00,0x21,
  0x00,0x00,0x08,0x00,0x00,0x20,0x00,0x00,0x00,0x00,0x00,0x00,0x00,0x00,0x00,0x21,
  0x00,0x01,0x00,0x00,0x00,0x00,0x00,0x00,0x08,0x00,0x00,0x00,0x00,0x00,0x00,0x00,
  0x00,0x01,0x00,0x00,0x00,0x00,0x00,0x00,0x08,0x00,0x00,0x00,0x00,0x00,0x00,0x00,
  0x00,0x01,0x00,0x00,0x00,0x00,0x00,0x00,0x08,0x00,0x00,0x00,0x00,0x00,0x00,0xff,
  0x00,0x00,0x01,0x00,0x00,0x00,0x00,0x00,0x00,0x08,0x00,0x00,0x00,0x00,0x00,0x00,
  0x00,0x00,0x01,0x00,0x00,0x00,0x00,0x00,0x00,0x08,0x00,0x00,0x00,0x00,0x00,0x00,
  0x00,0x00,0x01,0x00,0x00,0x00,0x00,0x00,0x00,0x08,0x00,0x00,0x00,0x00,0x00,0x00,
  0x00,0x00,0x01,0x00,0x00,0x00,0x00,0x00,0x00,0x08,0x00,0x00,0x00,0x00,0x00,0x00,
  0x00,0x00,0x01,0x00,0x00,0x00,0x00,0x00,0x00,0x08,0x00,0x00,0x00,0x00,0x00,0x00,
  0x00,0x00,0x01,0x00,0x00,0x00,0x00,0x00,0x00,0x08,0x00,0x00,0x00,0x00,0x00,0x00,
  0x00,0x00,0x01,0x00,0x00,0x00,0x00,0x00,0x00,0x08,0x00,0x00,0x00,0x00,0x00,0x00,
  0x00,0x00,0x01,0x00,0x00,0x00,0x00,0x00,0x00,0x08,0x00,0x00,0x00,0x00,0x00,0x00,
  0x00,0x00,0x01,0x00,0x00,0x00,0x00,0x00,0x00,0x08,0x00,0x00,0x00,0x00,0x00,0x00,
  0x00,0x00,0x01,0x00,0x00,0x00,0x00,0x00,0x00,0x08,0x00,0x00,0x00,0x00,0x00,0x00,
  0x00,0x00,0x01,0x00,0x00,0x00,0x00,0x00,0x00,0x08,0x00,0x00,0x01,0x00,0x20,0x08,
  0x00,0x00,0x00,0x00,0x00,0x00,0x00,0x00,0x20,0x00,0x00,0x00,0x01,0x00,0x20,0x08,
  0x00,0x00,0x00,0x00,0x00,0x00,0x00,0x00,0x20,0x00,0x00,0x00,0x01,0x00,0x20,0x08,
  0x00,0x00,0x00,0x00,0x00,0x00,0x00,0x00,0x20,0x00,0x00,0x00,0x01,0x00,0x20,0x08,
  0x00,0x00,0x00,0x00,0x00,0x00,0x00,0x00,0x20,0x00,0x00,0x00,0x01,0x00,0x20,0x08,
  0x00,0x00,0x00,0x00,0x00,0x00,0x00,0x00,0x20,0x00,0x00,0x00,0x01,0x00,0xff,0x20,
  0x08,0x00,0x00,0x00,0x00,0x00,0x00,0x00,0x00,0x20,0x00,0x00,0x00,0x01,0x00,0x20,
  0x08,0x00,0x00,0x00,0x00,0x00,0x00,0x00,0x00,0x20,0x00,0x00,0x00,0x01,0x00,0x20,
  0x08,0x00,0x00,0x00,0x00,0x00,0x00,0x00,0x00,0x20,0x00,0x00,0x00,0x01,0x00,0x20,
  0x08,0x00,0x00,0x00,0x00,0x00,0x00,0x00,0x00,0x20,0x00,0x00,0x00,0x01,0x00,0x20,
  0x08,0x00,0x00,0x00,0x00,0x00,0x00,0x00,0x00,0x20,0x00,0x00,0x00,0x01,0x00,0x20,
  0x08,0x00,0x00,0x00,0x00,0x00,0x00,0x00,0x00,0x20,0x00,0x00,0x00,0x01,0x00,0x20,
  0x08,0x00,0x00,0x00,0x00,0x00,0x00,0x00,0x00,0x20,0x00,0x00,0x00,0x01,0x00,0x20,
  0x08,0x00,0x00,0x00,0x00,0x00,0x00,0x00,0x00,0x20,0x00,0x00,0x00,0x01,0x00,0x20,
  0x08,0x00,0x00,0x00,0x00,0x00,0x08,0x00,0x00,0x00,0x00,0x00,0x00,0x00,0x00,0x01,
  0x00,0x00,0x00,0x00,0x00,0x00,0x08,0x00,0x00,0x00,0x00,0x00,0x00,0x00,0x00,0x01,
  0x00,0x00,0x00,0x00,0x00,0x00,0x08,0x00,0x00,0x00,0x00,0x00,0x00,0x00,0x00,0x01,
  0x00,0x00,0x00,0x00,0x00,0x00,0x08,0x00,0x00,0x00,0x00,0x00,0x00,0x00,0x00,0x01,
  0x00,0x00,0x00,0x00,0x00,0x00,0x08,0x00,0x00,0x00,0x00,0x00,0x00,0x00,0x00,0x01,
  0x00,0x00,0x00,0x00,0x00,0x00,0x08,0x00,0x00,0x00,0x00,0x00,0x00,0x00,0x00,0x01,
  0x00,0x00,0x00,0x00,0x00,0x00,0x08,0x00,0x00,0x00,0x00,0x00,0x00,0x00,0x00,0x01,
  0x00,0x00,0x00,0x00,0x00,0x00,0x08,0x00,0x00,0x00,0x00,0x00,0x00,0xff,0x00,0x00,
  0x01,0x00,0x00,0x00,0x00,0x00,0x00,0x08,0x00,0x00,0x00,0x00,0x00,0x00,0x00,0x00,
  0x01,0x00,0x00,0x00,0x00,0x00,0x00,0x08,0x00,0x00,0x00,0x00,0x00,0x00,0x00,0x00,
  0x01,0x00,0x00,0x00,0x00,0x00,0x00,0x08,0x00,0x00,0x00,0x00,0x00,0x00,0x00,0x00,
  0x01,0x00,0x00,0x00,0x00,0x00,0x00,0x08,0x00,0x00,0x00,0x00,0x00,0x00,0x00,0x00,
  0x01,0x00,0x00,0x00,0x00,0x00,0x00,0x08,0x00,0x00,0x00,0x00,0x00,0x00,0x00,0x00,
  0x01,0x00,0x00,0x00,0x00,0x00,0x00,0x08,0x00,0x00,0x00,0x00,0x00,0x08,0x00,0x00,
  0x00,0x00,0x20,0x00,0x00,0x00,0x00,0x00,0x20,0x00,0x01,0x00,0x00,0x08,0x00,0x00,
  0x00,0x00,0x20,0x00,0x00,0x00,0x00,0x00,0x20,0x00,0x01,0x00,0x00,0x08,0x00,0x00,
  0x00,0x00,0x20,0x00,0x00,0x00,0x00,0x00,0x20,0x00,0x01,0x00,0x00,0x08,0x00,0x00,
  0x00,0x00,0x20,0x00,0x00,0x00,0x00,0x00,0x20,0x00,0x01,0x00,0x00,0x08,0x00,0x00,
  0x00,0x00,0x20,0x00,0x00,0x00,0x00,0x00,0x20,0x00,0x01,0x00,0x00,0x08,0x00,0x00,
  0x00,0x00,0x20,0x00,0x00,0x00,0x00,0x00,0x20,0x00,0x01,0x00,0x00,0x08,0x00,0x00,
  0x00,0x00,0x20,0x00,0x00,0x00,0x00,0x00,0x20,0x00,0x01,0x00,0x00,0x08,0x00,0x00,
  0x00,0x00,0x20,0x00,0x00,0x00,0x00,0x00,0x20,0x00,0x01,0x00,0x00,0x08,0x00,0x00,
  0x00,0x00,0x20,0x00,0x00,0x00,0x00,0x00,0x20,0x00,0x01,0x00,0x00,0x08,0x00,0x00,
  0x00,0x00,0x20,0x00,0x00,0x00,0x00,0x00,0x20,0x00,0x01,0x00,0xff,0x00,0x08,0x00,
  0x00,0x00,0x00,0x20,0x00,0x00,0x00,0x00,0x00,0x20,0x00,0x01,0x00,0x00,0x08,0x00,
  0x00,0x00,0x00,0x20,0x00,0x00,0x00,0x00,0x00,0x20,0x00,0x01,0x00,0x00,0x08,0x00,
  0x00,0x00,0x00,0x20,0x00,0x00,0x00,0x00,0x00,0x20,0x00,0x01,0x00,0x00,0x08,0x00,
  0x00,0x00,0x00,0x20,0x00,0x00,0x00,0x00,0x00,0x00,0x00,0x00,0x00,0x01,0x00,0x00,
  0x00,0x00,0x00,0x00,0x08,0x00,0x00,0x00,0x00,0x00,0x00,0x00,0x00,0x01,0x00,0x00,
  0x00,0x00,0x00,0x00,0x08,0x00,0x00,0x00,0x00,0x00,0x00,0x00,0x00,0x01,0x00,0x00,
  0x00,0x00,0x00,0x00,0x08,0x00,0x00,0x00,0x00,0x00,0x00,0x00,0x00,0x01,0x00,0x00,
  0x00,0x00,0x00,0x00,0x08,0x00,0x00,0x00,0x00,0x00,0x00,0x00,0x00,0x01,0x00,0x00,
  0x00,0x00,0x00,0x00,0x08,0x00,0x00,0x00,0x00,0x00,0x00,0x00,0x00,0x01,0x00,0x00,
  0x00,0x00,0x00,0x00,0x08,0x00,0x00,0x00,0x00,0x00,0x00,0x00,0x00,0x01,0x00,0x00,
  0x00,0x00,0x00,0x00,0x08,0x00,0x00,0x00,0x00,0x00,0x00,0x00,0x00,0x01,0x00,0x00,
  0x00,0x00,0x00,0x00,0x08,0x00,0x00,0x00,0x00,0x00,0x00,0x00,0x00,0x01,0x00,0x00,
  0x00,0x00,0x00,0x00,0x08,0x00,0x00,0x00,0x00,0x00,0x00,0x00,0x00,0x01,0x00,0x00,
  0x00,0x00,0x00,0x00,0x08,0x00,0x00,0x00,0x00,0x00,0x00,0x00,0x00,0x01,0x00,0x00,
  0x00,0x00,0x00,0x00,0x08,0x00,0x00,0x00,0x00,0x00,0x00,0x00,0x00,0x01,0x00,0x00,
  0x00,0x00,0x00,0x00,0x08,0x00,0x00,0x00,0x00,0x00,0x00,0xff,0x00,0x00,0x01,0x00,
  0x00,0x00,0x00,0x00,0x00,0x08,0x00,0x00,0x00,0x00,0x00,0x00,0x00,0x00,0x00,0x00,
  0x00,0x00,0x20,0x00,0x00,0x00,0x00,0x00,0x01,0x00,0x00,0x08,0x20,0x00,0x00,0x00,
  0x00,0x00,0x20,0x00,0x00,0x00,0x00,0x00,0x01,0x00,0x00,0x08,0x20,0x00,0x00,0x00,
  0x00,0x00,0x20,0x00,0x00,0x00,0x00,0x00,0x01,0x00,0x00,0x08,0x20,0x00,0x00,0x00,
  0x00,0x00,0x20,0x00,0x00,0x00,0x00,0x00,0x01,0x00,0x00,0x08,0x20,0x00,0x00,0x00,
  0x00,0x00,0x20,0x00,0x00,0x00,0x00,0x00,0x01,0x00,0x00,0x08,0x20,0x00,0x00,0x00,
  0x00,0x00,0x20,0x00,0x00,0x00,0x00,0x00,0x01,0x00,0x00,0x08,0x20,0x00,0x00,0x00,
  0x00,0x00,0x20,0x00,0x00,0x00,0x00,0x00,0x01,0x00,0x00,0x08,0x20,0x00,0x00,0x00,
  0x00,0x00,0x20,0x00,0x00,0x00,0x00,0x00,0x01,0x00,0x00,0x08,0x20,0x00,0x00,0x00,
  0x00,0x00,0x20,0x00,0x00,0x00,0x00,0x00,0x01,0x00,0x00,0x08,0x20,0x00,0x00,0x00,
  0x00,0x00,0x20,0x00,0x00,0x00,0x00,0x00,0x01,0x00,0x00,0x08,0x20,0x00,0x00,0x00,
  0x00,0x00,0x20,0x00,0x00,0x00,0x00,0x00,0x01,0x00,0x00,0x08,0x20,0x00,0x00,0x00,
  0x00,0x00,0x20,0x00,0x00,0x00,0x00,0x00,0x01,0x00,0x00,0x08,0x20,0x00,0x00,0x00,
  0x00,0x00,0x20,0x00,0x00,0x00,0x00,0x00,0x01,0x00,0x00,0x08,0x20,0x00,0x00,0x00,
  0x00,0x00,0x20,0x00,0x00,0x00,0x00,0x00,0x00,0x00,0x01,0x00,0x00,0x00,0x00,0x00,
  0x00,0x08,0x00,0x00,0x00,0x00,0x00,0x00,0x00,0x00,0xff,0x01,0x00,0x00,0x00,0x00,
  0x00,0x00,0x08,0x00,0x00,0x00,0x00,0x00,0x00,0x00,0x00,0x01,0x00,0x00,0x00,0x00,
  0x00,0x00,0x08,0x00,0x00,0x00,0x00,0x00,0x00,0x00,0x00,0x01,0x00,0x00,0x00,0x00,
  0x00,0x00,0x08,0x00,0x00,0x00,0x00,0x00,0x00,0x00,0x00,0x01,0x00,0x00,0x00,0x00,
  0x00,0x00,0x08,0x00,0x00,0x00,0x00,0x00,0x00,0x00,0x00,0x01,0x00,0x00,0x00,0x00,
  0x00,0x00,0x08,0x00,0x00,0x00,0x00,0x00,0x00,0x00,0x00,0x01,0x00,0x00,0x00,0x00,
  0x00,0x00,0x08,0x00,0x00,0x00,0x00,0x00,0x00,0x00,0x00,0x01,0x00,0x00,0x00,0x00,
  0x00,0x00,0x08,0x00,0x00,0x00,0x00,0x00,0x00,0x00,0x00,0x01,0x00,0x00,0x00,0x00,
  0x00,0x00,0x08,0x00,0x00,0x00,0x00,0x00,0x00,0x00,0x00,0x01,0x00,0x00,0x00,0x00,
  0x00,0x00,0x08,0x00,0x00,0x00,0x00,0x00,0x00,0x00,0x00,0x01,0x00,0x00,0x00,0x00,
  0x00,0x00,0x08,0x00,0x00,0x00,0x00,0x00,0x00,0x00,0x00,0x01,0x00,0x00,0x00,0x00,
  0x00,0x00,0x08,0x00,0x00,0x00,0x00,0x00,0x00,0x00,0x00,0x01,0x00,0x00,0x00,0x00,
  0x00,0x00,0x08,0x00,0x00,0x00,0x00,0x00,0x00,0x00,0x00,0x01,0x00,0x00,0x00,0x00,
  0x00,0x00,0x00,0x00,0x00,0x21,0x00,0x00,0x08,0x00,0x00,0x20,0x00,0x00,0x00,0x00,
  0x00,0x00,0x00,0x00,0x00,0x21,0x00,0x00,0x08,0x00,0x00,0x20,0x00,0x00,0x00,0x00,
  0x00,0x00,0x00,0x00,0x00,0x21,0x00,0x00,0x08,0x00,0x00,0x20,0x00,0x00,0x00,0x00,
  0x00,0x00,0x00,0x00,0x00,0x21,0x00,0x00,0x08,0xff,0x00,0x00,0x20,0x00,0x00,0x00,
  0x00,0x00,0x00,0x00,0x00,0x00,0x21,0x00,0x00,0x08,0x00,0x00,0x20,0x00,0x00,0x00,
  0x00,0x00,0x00,0x00,0x00,0x00,0x21,0x00,0x00,0x08,0x00,0x00,0x20,0x00,0x00,0x00,
  0x00,0x00,0x00,0x00,0x00,0x00,0x21,0x00,0x00,0x08,0x00,0x00,0x20,0x00,0x00,0x00,
  0x00,0x00,0x00,0x00,0x00,0x00,0x21,0x00,0x00,0x08,0x00,0x00,0x20,0x00,0x00,0x00,
  0x00,0x00,0x00,0x00,0x00,0x00,0x21,0x00,0x00,0x08,0x00,0x00,0x20,0x00,0x00,0x00,
  0x00,0x00,0x00,0x00,0x00,0x00,0x21,0x00,0x00,0x08,0x00,0x00,0x20,0x00,0x00,0x00,
  0x00,0x00,0x00,0x00,0x00,0x00,0x21,0x00,0x00,0x08,0x00,0x00,0x20,0x00,0x00,0x00,
  0x00,0x00,0x00,0x00,0x00,0x00,0x21,0x00,0x00,0x08,0x00,0x00,0x20,0x00,0x00,0x00,
  0x00,0x00,0x00,0x00,0x00,0x00,0x21,0x00,0x00,0x08,0x00,0x00,0x20,0x00,0x00,0x00,
  0x00,0x00,0x00,0x00,0x00,0x00,0x21,0x00,0x01,0x00,0x00,0x00,0x00,0x00,0x00,0x08,
  0x00,0x00,0x00,0x00,0x00,0x00,0x00,0x00,0x01,0x00,0x00,0x00,0x00,0x00,0x00,0x08,
  0x00,0x00,0x00,0x00,0x00,0x00,0x00,0x00,0x01,0x00,0x00,0x00,0x00,0x00,0x00,0x08,
  0x00,0x00,0x00,0x00,0x00,0x00,0x00,0x00,0x01,0x00,0x00,0x00,0x00,0x00,0x00,0x08,
  0x00,0x00,0x00,0x00,0x00,0x00,0x00,0x00,0x01,0x00,0x00,0x00,0x00,0x00,0x00,0x08,
  0x00,0x00,0x00,0x00,0x00,0x00,0x00,0x00,0x01,0x00,0x00,0x00,0x00,0x00,0x00,0x08,
  0x00,0x00,0x00,0x00,0x00,0x00,0x00,0x00,0xff,0x01,0x00,0x00,0x00,0x00,0x00,0x00,
  0x08,0x00,0x00,0x00,0x00,0x00,0x00,0x00,0x00,0x01,0x00,0x00,0x00,0x00,0x00,0x00,
  0x08,0x00,0x00,0x00,0x00,0x00,0x00,0x00,0x00,0x01,0x00,0x00,0x00,0x00,0x00,0x00,
  0x08,0x00,0x00,0x00,0x00,0x00,0x00,0x00,0x00,0x01,0x00,0x00,0x00,0x00,0x00,0x00,
  0x08,0x00,0x00,0x00,0x00,0x00,0x00,0x00,0x00,0x01,0x00,0x00,0x00,0x00,0x00,0x00,
  0x08,0x00,0x00,0x00,0x00,0x00,0x00,0x00,0x00,0x01,0x00,0x00,0x00,0x00,0x00,0x00,
  0x08,0x00,0x00,0x00,0x00,0x00,0x00,0x00,0x00,0x01,0x00,0x00,0x00,0x00,0x00,0x00,
  0x08,0x00,0x00,0x00,0x00,0x00,0x00,0x00,0x00,0x01,0x00,0x00,0x00,0x00,0x00,0x00,
  0x08,0x00,0x00,0x01,0x00,0x20,0x08,0x00,0x00,0x00,0x00,0x00,0x00,0x00,0x00,0x20,
  0x00,0x00,0x00,0x01,0x00,0x20,0x08,0x00,0x00,0x00,0x00,0x00,0x00,0x00,0x00,0x20,
  0x00,0x00,0x00,0x01,0x00,0x20,0x08,0x00,0x00,0x00,0x00,0x00,0x00,0x00,0x00,0x20,
  0x00,0x00,0x00,0x01,0x00,0x20,0x08,0x00,0x00,0x00,0x00,0x00,0x00,0x00,0x00,0x20,
  0x00,0x00,0x00,0x01,0x00,0x20,0x08,0x00,0x00,0x00,0x00,0x00,0x00,0x00,0x00,0x20,
  0x00,0x00,0x00,0x01,0x00,0x20,0x08,0x00,0x00,0x00,0x00,0x00,0x00,0x00,0x00,0x20,
  0x00,0x00,0x00,0x01,0x00,0x20,0x08,0x00,0x00,0x00,0x00,0x00,0x00,0x00,0x00,0x20,
  0x00,0x00,0x00,0x01,0x00,0x20,0x08,0x00,0x00,0x00,0x00,0x00,0x00,0x00,0x00,0x20,
  0x00,0x00,0x00,0x01,0x00,0x20,0x08,0xff,0x00,0x00,0x00,0x00,0x00,0x00,0x00,0x00,
  0x20,0x00,0x00,0x00,0x01,0x00,0x20,0x08,0x00,0x00,0x00,0x00,0x00,0x00,0x00,0x00,
  0x20,0x00,0x00,0x00,0x01,0x00,0x20,0x08,0x00,0x00,0x00,0x00,0x00,0x00,0x00,0x00,
  0x20,0x00,0x00,0x00,0x01,0x00,0x20,0x08,0x00,0x00,0x00,0x00,0x00,0x00,0x00,0x00,
  0x20,0x00,0x00,0x00,0x01,0x00,0x20,0x08,0x00,0x00,0x00,0x00,0x00,0x00,0x00,0x00,
  0x20,0x00,0x00,0x00,0x01,0x00,0x20,0x08,0x00,0x00,0x00,0x00,0x00,0x08,0x00,0x00,
  0x00,0x00,0x00,0x00,0x00,0x00,0x01,0x00,0x00,0x00,0x00,0x00,0x00,0x08,0x00,0x00,
  0x00,0x00,0x00,0x00,0x00,0x00,0x01,0x00,0x00,0x00,0x00,0x00,0x00,0x08,0x00,0x00,
  0x00,0x00,0x00,0x00,0x00,0x00,0x01,0x00,0x00,0x00,0x00,0x00,0x00,0x08,0x00,0x00,
  0x00,0x00,0x00,0x00,0x00,0x00,0x01,0x00,0x00,0x00,0x00,0x00,0x00,0x08,0x00,0x00,
  0x00,0x00,0x00,0x00,0x00,0x00,0x01,0x00,0x00,0x00,0x00,0x00,0x00,0x08,0x00,0x00,
  0x00,0x00,0x00,0x00,0x00,0x00,0x01,0x00,0x00,0x00,0x00,0x00,0x00,0x08,0x00,0x00,
  0x00,0x00,0x00,0x00,0x00,0x00,0x01,0x00,0x00,0x00,0x00,0x00,0x00,0x08,0x00,0x00,
  0x00,0x00,0x00,0x00,0x00,0x00,0x01,0x00,0x00,0x00,0x00,0x00,0x00,0x08,0x00,0x00,
  0x00,0x00,0x00,0x00,0x00,0x00,0x01,0x00,0x00,0x00,0x00,0x00,0x00,0x08,0x00,0x00,
  0x00,0x00,0x00,0x00,0x00,0x00,0x01,0x00,0x00,0x00,0x00,0x00,0x00,0x08,0x00,0x00,
  0x00,0x00,0x00,0x00,0x00,0x00,0x96,0x01,0x00,0x00,0x00,0x00,0x00,0x00,0x08,0x00,
  0x00,0x00,0x00,0x00,0x00,0x00,0x00,0x01,0x00,0x00,0x00,0x00,0x00,0x00,0x08,0x00,
  0x00,0x00,0x00,0x00,0x00,0x00,0x00,0x01,0x00,0x00,0x00,0x00,0x00,0x00,0x08,0x00,
  0x00,0x00,0x00,
};

const lv_image_dsc_t saved_item_image3D_111_00016_tresh_RLE = {
  .header.magic = LV_IMAGE_HEADER_MAGIC,
  .header.cf = LV_COLOR_FORMAT_RGB565,
  .header.stride = 216,
  .header.flags = 0 | LV_IMAGE_FLAGS_COMPRESSED,
  .header.w = 108,
  .header.h = 101,
  .data_size = sizeof(saved_item_image3D_111_00016_tresh_RLE_map),
  .data = saved_item_image3D_111_00016_tresh_RLE_map,
};
